SECURITY_ID,PRICE_DATE,CLOSE_PRICE_LOCAL,CURRENCY
10001,2024-12-24,47.3933,CAD
10001,2024-12-25,47.5235,CAD
10001,2024-12-26,47.4336,CAD
10001,2024-12-27,46.9977,CAD
10001,2024-12-30,46.4707,CAD
10001,2024-12-31,46.2118,CAD
10001,2025-01-01,45.3476,CAD
10001,2025-01-02,46.6568,CAD
10001,2025-01-03,45.8615,CAD
10001,2025-01-06,46.4586,CAD
10001,2025-01-07,45.9347,CAD
10001,2025-01-08,45.7247,CAD
10001,2025-01-09,44.9925,CAD
10001,2025-01-10,43.036,CAD
10001,2025-01-13,43.3194,CAD
10001,2025-01-14,44.3204,CAD
10001,2025-01-15,42.5771,CAD
10001,2025-01-16,43.6483,CAD
10001,2025-01-17,42.9135,CAD
10001,2025-01-20,43.9029,CAD
10001,2025-01-21,44.5598,CAD
10001,2025-01-22,44.3668,CAD
10001,2025-01-23,44.6138,CAD
10001,2025-01-24,45.3528,CAD
10001,2025-01-27,45.1553,CAD
10001,2025-01-28,45.5258,CAD
10001,2025-01-29,46.1428,CAD
10001,2025-01-30,44.897,CAD
10001,2025-01-31,45.3081,CAD
10001,2025-02-03,44.5854,CAD
10001,2025-02-04,45.3264,CAD
10001,2025-02-05,45.83,CAD
10001,2025-02-06,46.3362,CAD
10001,2025-02-07,46.1421,CAD
10001,2025-02-10,46.1486,CAD
10001,2025-02-11,46.7066,CAD
10001,2025-02-12,46.1389,CAD
10001,2025-02-13,47.2032,CAD
10001,2025-02-14,45.9106,CAD
10001,2025-02-17,45.5362,CAD
10001,2025-02-18,44.4462,CAD
10001,2025-02-19,44.6097,CAD
10001,2025-02-20,43.9019,CAD
10001,2025-02-21,43.7296,CAD
10001,2025-02-24,45.1083,CAD
10001,2025-02-25,44.1718,CAD
10001,2025-02-26,44.4273,CAD
10001,2025-02-27,44.0632,CAD
10001,2025-02-28,44.1418,CAD
10001,2025-03-03,44.0197,CAD
10001,2025-03-04,44.4498,CAD
10001,2025-03-05,44.0708,CAD
10001,2025-03-06,43.8105,CAD
10001,2025-03-07,42.9862,CAD
10001,2025-03-10,42.7741,CAD
10001,2025-03-11,43.7764,CAD
10001,2025-03-12,42.119,CAD
10001,2025-03-13,41.8875,CAD
10001,2025-03-14,42.6286,CAD
10001,2025-03-17,41.5793,CAD
10001,2025-03-18,41.0291,CAD
10001,2025-03-19,39.9881,CAD
10001,2025-03-20,41.0597,CAD
10001,2025-03-21,40.8906,CAD
10001,2025-03-24,41.7632,CAD
10001,2025-03-25,42.5957,CAD
10001,2025-03-26,43.1988,CAD
10001,2025-03-27,43.8066,CAD
10001,2025-03-28,44.4618,CAD
10001,2025-03-31,43.3683,CAD
10001,2025-04-01,44.1739,CAD
10001,2025-04-02,46.2853,CAD
10001,2025-04-03,46.4454,CAD
10001,2025-04-04,48.2999,CAD
10001,2025-04-07,48.5854,CAD
10001,2025-04-08,48.8564,CAD
10001,2025-04-09,50.0293,CAD
10001,2025-04-10,50.1846,CAD
10001,2025-04-11,50.4239,CAD
10001,2025-04-14,50.1098,CAD
10001,2025-04-15,50.7373,CAD
10001,2025-04-16,48.7032,CAD
10001,2025-04-17,49.4537,CAD
10001,2025-04-18,51.1842,CAD
10001,2025-04-21,52.4017,CAD
10001,2025-04-22,52.9859,CAD
10001,2025-04-23,53.8445,CAD
10001,2025-04-24,54.2513,CAD
10001,2025-04-25,52.9404,CAD
10001,2025-04-28,52.0748,CAD
10001,2025-04-29,52.4819,CAD
10001,2025-04-30,52.4806,CAD
10001,2025-05-01,51.0092,CAD
10001,2025-05-02,50.9701,CAD
10001,2025-05-05,49.62,CAD
10001,2025-05-06,50.5783,CAD
10001,2025-05-07,50.5678,CAD
10001,2025-05-08,49.5753,CAD
10001,2025-05-09,49.5594,CAD
10001,2025-05-12,49.7586,CAD
10001,2025-05-13,48.3319,CAD
10001,2025-05-14,48.9372,CAD
10001,2025-05-15,48.451,CAD
10001,2025-05-16,48.0163,CAD
10001,2025-05-19,47.5975,CAD
10001,2025-05-20,47.714,CAD
10001,2025-05-21,47.6203,CAD
10001,2025-05-22,47.8704,CAD
10001,2025-05-23,47.2526,CAD
10001,2025-05-26,47.6364,CAD
10001,2025-05-27,47.2725,CAD
10001,2025-05-28,46.9734,CAD
10001,2025-05-29,46.3203,CAD
10001,2025-05-30,45.9221,CAD
10001,2025-06-02,44.9162,CAD
10001,2025-06-03,44.9668,CAD
10001,2025-06-04,44.7996,CAD
10001,2025-06-05,46.3432,CAD
10001,2025-06-06,47.4075,CAD
10001,2025-06-09,47.3691,CAD
10001,2025-06-10,46.7771,CAD
10001,2025-06-11,47.4492,CAD
10001,2025-06-12,47.3232,CAD
10001,2025-06-13,46.9621,CAD
10001,2025-06-16,46.2939,CAD
10001,2025-06-17,48.0877,CAD
10001,2025-06-18,47.5056,CAD
10001,2025-06-19,46.7578,CAD
10001,2025-06-20,46.1459,CAD
10001,2025-06-23,45.3385,CAD
10001,2025-06-24,46.527,CAD
10001,2025-06-25,46.5121,CAD
10001,2025-06-26,47.0211,CAD
10001,2025-06-27,46.0601,CAD
10001,2025-06-30,45.9359,CAD
10001,2025-07-01,44.3056,CAD
10001,2025-07-02,43.9875,CAD
10001,2025-07-03,44.4901,CAD
10001,2025-07-04,44.6142,CAD
10001,2025-07-07,43.581,CAD
10001,2025-07-08,43.3612,CAD
10001,2025-07-09,43.2666,CAD
10001,2025-07-10,41.7515,CAD
10001,2025-07-11,41.3494,CAD
10001,2025-07-14,40.1943,CAD
10001,2025-07-15,38.8823,CAD
10001,2025-07-16,38.7674,CAD
10001,2025-07-17,38.2377,CAD
10001,2025-07-18,38.2106,CAD
10001,2025-07-21,38.3189,CAD
10001,2025-07-22,38.575,CAD
10001,2025-07-23,38.1811,CAD
10001,2025-07-24,37.9082,CAD
10001,2025-07-25,38.3121,CAD
10001,2025-07-28,38.512,CAD
10001,2025-07-29,38.4956,CAD
10001,2025-07-30,40.1766,CAD
10001,2025-07-31,40.9906,CAD
10001,2025-08-01,40.2598,CAD
10001,2025-08-04,40.7985,CAD
10001,2025-08-05,41.1667,CAD
10001,2025-08-06,41.8862,CAD
10001,2025-08-07,41.3364,CAD
10001,2025-08-08,41.4556,CAD
10001,2025-08-11,41.1503,CAD
10001,2025-08-12,39.3673,CAD
10001,2025-08-13,39.9218,CAD
10001,2025-08-14,39.7056,CAD
10001,2025-08-15,39.345,CAD
10001,2025-08-18,39.5151,CAD
10001,2025-08-19,38.488,CAD
10001,2025-08-20,38.5891,CAD
10001,2025-08-21,38.0458,CAD
10001,2025-08-22,37.4283,CAD
10001,2025-08-25,38.7722,CAD
10001,2025-08-26,38.6953,CAD
10001,2025-08-27,39.6359,CAD
10001,2025-08-28,39.6738,CAD
10001,2025-08-29,39.5268,CAD
10001,2025-09-01,38.8346,CAD
10001,2025-09-02,37.7231,CAD
10001,2025-09-03,37.6808,CAD
10001,2025-09-04,36.9251,CAD
10001,2025-09-05,38.1399,CAD
10001,2025-09-08,37.6345,CAD
10001,2025-09-09,38.89,CAD
10001,2025-09-10,39.4193,CAD
10001,2025-09-11,39.9561,CAD
10001,2025-09-12,40.9633,CAD
10001,2025-09-15,40.5042,CAD
10001,2025-09-16,41.2279,CAD
10001,2025-09-17,40.013,CAD
10001,2025-09-18,40.6003,CAD
10001,2025-09-19,39.4983,CAD
10001,2025-09-22,39.0845,CAD
10001,2025-09-23,40.3582,CAD
10001,2025-09-24,39.4059,CAD
10001,2025-09-25,38.979,CAD
10001,2025-09-26,39.7751,CAD
10001,2025-09-29,39.0079,CAD
10001,2025-09-30,39.1424,CAD
10001,2025-10-01,40.0741,CAD
10001,2025-10-02,39.8961,CAD
10001,2025-10-03,38.428,CAD
10001,2025-10-06,39.6297,CAD
10001,2025-10-07,38.8656,CAD
10001,2025-10-08,39.2144,CAD
10001,2025-10-09,40.1329,CAD
10001,2025-10-10,40.4355,CAD
10001,2025-10-13,38.9995,CAD
10001,2025-10-14,39.7623,CAD
10001,2025-10-15,39.4825,CAD
10001,2025-10-16,39.6038,CAD
10001,2025-10-17,39.7737,CAD
10001,2025-10-20,41.2971,CAD
10001,2025-10-21,40.1498,CAD
10001,2025-10-22,39.9163,CAD
10001,2025-10-23,40.0725,CAD
10001,2025-10-24,40.8714,CAD
10001,2025-10-27,40.9448,CAD
10001,2025-10-28,41.6117,CAD
10001,2025-10-29,40.397,CAD
10001,2025-10-30,39.0209,CAD
10001,2025-10-31,39.3016,CAD
10001,2025-11-03,39.5343,CAD
10001,2025-11-04,40.0972,CAD
10001,2025-11-05,39.9485,CAD
10001,2025-11-06,40.284,CAD
10001,2025-11-07,39.9496,CAD
10001,2025-11-10,40.5379,CAD
10001,2025-11-11,40.0338,CAD
10001,2025-11-12,40.532,CAD
10001,2025-11-13,40.7268,CAD
10001,2025-11-14,41.2205,CAD
10001,2025-11-17,40.7201,CAD
10001,2025-11-18,40.0202,CAD
10001,2025-11-19,39.0718,CAD
10001,2025-11-20,39.2686,CAD
10001,2025-11-21,38.4673,CAD
10001,2025-11-24,38.7459,CAD
10001,2025-11-25,37.5036,CAD
10001,2025-11-26,38.0338,CAD
10001,2025-11-27,38.1891,CAD
10001,2025-11-28,36.9054,CAD
10001,2025-12-01,37.2647,CAD
10001,2025-12-02,36.4523,CAD
10001,2025-12-03,36.8283,CAD
10001,2025-12-04,36.0149,CAD
10001,2025-12-05,36.3005,CAD
10001,2025-12-08,36.3065,CAD
10001,2025-12-09,37.0657,CAD
10001,2025-12-10,36.4287,CAD
10001,2025-12-11,36.3664,CAD
10001,2025-12-12,36.3525,CAD
10001,2025-12-15,36.3451,CAD
10001,2025-12-16,37.0488,CAD
10001,2025-12-17,37.3468,CAD
10001,2025-12-18,37.2857,CAD
10001,2025-12-19,38.0836,CAD
10001,2025-12-22,38.4061,CAD
10001,2025-12-23,38.5117,CAD
10001,2025-12-24,37.4366,CAD
10001,2025-12-25,38.1908,CAD
10001,2025-12-26,38.9324,CAD
10001,2025-12-29,38.1057,CAD
10001,2025-12-30,39.033,CAD
10001,2025-12-31,37.894,CAD
10002,2024-12-24,89.2152,USD
10002,2024-12-25,90.0656,USD
10002,2024-12-26,88.4672,USD
10002,2024-12-27,89.3664,USD
10002,2024-12-30,88.597,USD
10002,2024-12-31,90.8817,USD
10002,2025-01-01,90.8509,USD
10002,2025-01-02,91.0201,USD
10002,2025-01-03,90.9791,USD
10002,2025-01-06,88.9384,USD
10002,2025-01-07,89.7324,USD
10002,2025-01-08,89.6657,USD
10002,2025-01-09,88.4602,USD
10002,2025-01-10,88.1672,USD
10002,2025-01-13,87.8893,USD
10002,2025-01-14,89.1029,USD
10002,2025-01-15,90.0144,USD
10002,2025-01-16,91.5699,USD
10002,2025-01-17,94.3802,USD
10002,2025-01-20,93.3492,USD
10002,2025-01-21,95.5237,USD
10002,2025-01-22,95.4328,USD
10002,2025-01-23,96.941,USD
10002,2025-01-24,96.4841,USD
10002,2025-01-27,96.1778,USD
10002,2025-01-28,95.7784,USD
10002,2025-01-29,97.5544,USD
10002,2025-01-30,97.7986,USD
10002,2025-01-31,96.6374,USD
10002,2025-02-03,95.9898,USD
10002,2025-02-04,93.5433,USD
10002,2025-02-05,94.2839,USD
10002,2025-02-06,97.0175,USD
10002,2025-02-07,96.813,USD
10002,2025-02-10,96.1775,USD
10002,2025-02-11,97.3324,USD
10002,2025-02-12,97.9292,USD
10002,2025-02-13,98.2341,USD
10002,2025-02-14,98.2806,USD
10002,2025-02-17,98.0304,USD
10002,2025-02-18,99.1061,USD
10002,2025-02-19,100.1338,USD
10002,2025-02-20,101.4726,USD
10002,2025-02-21,100.0578,USD
10002,2025-02-24,98.7841,USD
10002,2025-02-25,97.9997,USD
10002,2025-02-26,98.01,USD
10002,2025-02-27,98.5324,USD
10002,2025-02-28,98.5535,USD
10002,2025-03-03,98.7972,USD
10002,2025-03-04,98.2505,USD
10002,2025-03-05,97.2995,USD
10002,2025-03-06,97.5894,USD
10002,2025-03-07,99.5196,USD
10002,2025-03-10,98.8939,USD
10002,2025-03-11,99.3163,USD
10002,2025-03-12,101.5146,USD
10002,2025-03-13,102.2238,USD
10002,2025-03-14,102.4593,USD
10002,2025-03-17,101.729,USD
10002,2025-03-18,103.9194,USD
10002,2025-03-19,104.9535,USD
10002,2025-03-20,105.0231,USD
10002,2025-03-21,105.0066,USD
10002,2025-03-24,104.7901,USD
10002,2025-03-25,105.8096,USD
10002,2025-03-26,107.6119,USD
10002,2025-03-27,107.25,USD
10002,2025-03-28,107.2285,USD
10002,2025-03-31,106.5924,USD
10002,2025-04-01,108.2361,USD
10002,2025-04-02,110.3317,USD
10002,2025-04-03,110.7898,USD
10002,2025-04-04,112.9667,USD
10002,2025-04-07,113.7802,USD
10002,2025-04-08,113.9755,USD
10002,2025-04-09,112.3494,USD
10002,2025-04-10,113.9109,USD
10002,2025-04-11,112.8692,USD
10002,2025-04-14,112.6335,USD
10002,2025-04-15,111.445,USD
10002,2025-04-16,113.4566,USD
10002,2025-04-17,112.9134,USD
10002,2025-04-18,112.7434,USD
10002,2025-04-21,115.0014,USD
10002,2025-04-22,115.5157,USD
10002,2025-04-23,115.1509,USD
10002,2025-04-24,114.5884,USD
10002,2025-04-25,113.5359,USD
10002,2025-04-28,112.8589,USD
10002,2025-04-29,110.761,USD
10002,2025-04-30,113.3873,USD
10002,2025-05-01,112.5183,USD
10002,2025-05-02,112.3731,USD
10002,2025-05-05,113.445,USD
10002,2025-05-06,112.9085,USD
10002,2025-05-07,113.2771,USD
10002,2025-05-08,113.3368,USD
10002,2025-05-09,113.6611,USD
10002,2025-05-12,112.5398,USD
10002,2025-05-13,113.8646,USD
10002,2025-05-14,111.9454,USD
10002,2025-05-15,112.4388,USD
10002,2025-05-16,112.7422,USD
10002,2025-05-19,114.4845,USD
10002,2025-05-20,115.5435,USD
10002,2025-05-21,117.5384,USD
10002,2025-05-22,119.849,USD
10002,2025-05-23,118.8017,USD
10002,2025-05-26,118.0971,USD
10002,2025-05-27,120.2244,USD
10002,2025-05-28,121.2268,USD
10002,2025-05-29,124.7189,USD
10002,2025-05-30,123.1482,USD
10002,2025-06-02,122.0724,USD
10002,2025-06-03,123.2479,USD
10002,2025-06-04,122.8333,USD
10002,2025-06-05,123.6988,USD
10002,2025-06-06,124.0677,USD
10002,2025-06-09,123.8688,USD
10002,2025-06-10,124.4904,USD
10002,2025-06-11,125.1373,USD
10002,2025-06-12,125.6627,USD
10002,2025-06-13,124.4735,USD
10002,2025-06-16,124.5712,USD
10002,2025-06-17,124.6374,USD
10002,2025-06-18,125.4547,USD
10002,2025-06-19,126.044,USD
10002,2025-06-20,125.4382,USD
10002,2025-06-23,123.6981,USD
10002,2025-06-24,120.0949,USD
10002,2025-06-25,118.8574,USD
10002,2025-06-26,118.2454,USD
10002,2025-06-27,115.6643,USD
10002,2025-06-30,113.9933,USD
10002,2025-07-01,114.868,USD
10002,2025-07-02,115.938,USD
10002,2025-07-03,116.966,USD
10002,2025-07-04,118.004,USD
10002,2025-07-07,117.6012,USD
10002,2025-07-08,117.9458,USD
10002,2025-07-09,116.2408,USD
10002,2025-07-10,117.5969,USD
10002,2025-07-11,115.1992,USD
10002,2025-07-14,116.5827,USD
10002,2025-07-15,116.1679,USD
10002,2025-07-16,116.4249,USD
10002,2025-07-17,115.9688,USD
10002,2025-07-18,116.689,USD
10002,2025-07-21,115.5998,USD
10002,2025-07-22,117.1221,USD
10002,2025-07-23,118.2176,USD
10002,2025-07-24,118.3555,USD
10002,2025-07-25,116.2601,USD
10002,2025-07-28,117.9226,USD
10002,2025-07-29,117.9975,USD
10002,2025-07-30,115.8329,USD
10002,2025-07-31,118.0569,USD
10002,2025-08-01,118.9023,USD
10002,2025-08-04,118.1169,USD
10002,2025-08-05,116.688,USD
10002,2025-08-06,116.6207,USD
10002,2025-08-07,117.4149,USD
10002,2025-08-08,117.5308,USD
10002,2025-08-11,117.3895,USD
10002,2025-08-12,118.9279,USD
10002,2025-08-13,121.0124,USD
10002,2025-08-14,121.3954,USD
10002,2025-08-15,121.3702,USD
10002,2025-08-18,119.5012,USD
10002,2025-08-19,120.3754,USD
10002,2025-08-20,120.4694,USD
10002,2025-08-21,121.6921,USD
10002,2025-08-22,121.7432,USD
10002,2025-08-25,120.3805,USD
10002,2025-08-26,122.928,USD
10002,2025-08-27,123.6904,USD
10002,2025-08-28,123.0973,USD
10002,2025-08-29,125.0991,USD
10002,2025-09-01,124.1846,USD
10002,2025-09-02,123.5934,USD
10002,2025-09-03,122.3433,USD
10002,2025-09-04,121.4219,USD
10002,2025-09-05,121.6008,USD
10002,2025-09-08,121.0053,USD
10002,2025-09-09,121.3587,USD
10002,2025-09-10,122.561,USD
10002,2025-09-11,125.6958,USD
10002,2025-09-12,127.1986,USD
10002,2025-09-15,128.2382,USD
10002,2025-09-16,130.5594,USD
10002,2025-09-17,132.2365,USD
10002,2025-09-18,130.8377,USD
10002,2025-09-19,130.2485,USD
10002,2025-09-22,130.6237,USD
10002,2025-09-23,130.5171,USD
10002,2025-09-24,134.1062,USD
10002,2025-09-25,135.4553,USD
10002,2025-09-26,133.3402,USD
10002,2025-09-29,131.1791,USD
10002,2025-09-30,132.3229,USD
10002,2025-10-01,131.7642,USD
10002,2025-10-02,132.968,USD
10002,2025-10-03,130.0462,USD
10002,2025-10-06,130.074,USD
10002,2025-10-07,129.8259,USD
10002,2025-10-08,129.2009,USD
10002,2025-10-09,128.602,USD
10002,2025-10-10,127.3606,USD
10002,2025-10-13,127.8197,USD
10002,2025-10-14,128.0895,USD
10002,2025-10-15,128.9868,USD
10002,2025-10-16,129.1472,USD
10002,2025-10-17,129.6182,USD
10002,2025-10-20,131.8014,USD
10002,2025-10-21,132.8047,USD
10002,2025-10-22,132.1893,USD
10002,2025-10-23,132.9547,USD
10002,2025-10-24,133.4737,USD
10002,2025-10-27,132.609,USD
10002,2025-10-28,130.4439,USD
10002,2025-10-29,131.367,USD
10002,2025-10-30,129.8888,USD
10002,2025-10-31,128.2265,USD
10002,2025-11-03,129.1355,USD
10002,2025-11-04,130.6566,USD
10002,2025-11-05,131.7249,USD
10002,2025-11-06,132.0061,USD
10002,2025-11-07,134.556,USD
10002,2025-11-10,132.194,USD
10002,2025-11-11,129.5465,USD
10002,2025-11-12,128.1532,USD
10002,2025-11-13,127.366,USD
10002,2025-11-14,128.1058,USD
10002,2025-11-17,126.6156,USD
10002,2025-11-18,126.6022,USD
10002,2025-11-19,124.1744,USD
10002,2025-11-20,123.1281,USD
10002,2025-11-21,122.3911,USD
10002,2025-11-24,122.816,USD
10002,2025-11-25,122.2457,USD
10002,2025-11-26,123.3603,USD
10002,2025-11-27,124.4742,USD
10002,2025-11-28,125.5992,USD
10002,2025-12-01,125.604,USD
10002,2025-12-02,126.7529,USD
10002,2025-12-03,126.9468,USD
10002,2025-12-04,124.9364,USD
10002,2025-12-05,124.156,USD
10002,2025-12-08,126.0137,USD
10002,2025-12-09,125.9073,USD
10002,2025-12-10,127.0372,USD
10002,2025-12-11,125.6888,USD
10002,2025-12-12,127.5475,USD
10002,2025-12-15,129.477,USD
10002,2025-12-16,131.2124,USD
10002,2025-12-17,132.3238,USD
10002,2025-12-18,129.144,USD
10002,2025-12-19,133.2009,USD
10002,2025-12-22,132.1188,USD
10002,2025-12-23,132.062,USD
10002,2025-12-24,133.7564,USD
10002,2025-12-25,132.0359,USD
10002,2025-12-26,133.5776,USD
10002,2025-12-29,134.0166,USD
10002,2025-12-30,133.5425,USD
10002,2025-12-31,134.6317,USD
10003,2024-12-24,130.0704,EUR
10003,2024-12-25,131.4267,EUR
10003,2024-12-26,133.2301,EUR
10003,2024-12-27,134.1063,EUR
10003,2024-12-30,134.2059,EUR
10003,2024-12-31,134.4994,EUR
10003,2025-01-01,133.3945,EUR
10003,2025-01-02,132.9819,EUR
10003,2025-01-03,131.5558,EUR
10003,2025-01-06,131.3897,EUR
10003,2025-01-07,131.9914,EUR
10003,2025-01-08,131.5421,EUR
10003,2025-01-09,131.2828,EUR
10003,2025-01-10,132.1162,EUR
10003,2025-01-13,132.0099,EUR
10003,2025-01-14,135.0585,EUR
10003,2025-01-15,134.5187,EUR
10003,2025-01-16,137.6019,EUR
10003,2025-01-17,137.0988,EUR
10003,2025-01-20,135.7903,EUR
10003,2025-01-21,134.0771,EUR
10003,2025-01-22,133.001,EUR
10003,2025-01-23,134.4962,EUR
10003,2025-01-24,136.6533,EUR
10003,2025-01-27,136.3742,EUR
10003,2025-01-28,136.9065,EUR
10003,2025-01-29,134.8396,EUR
10003,2025-01-30,134.5426,EUR
10003,2025-01-31,133.1034,EUR
10003,2025-02-03,135.1724,EUR
10003,2025-02-04,135.9538,EUR
10003,2025-02-05,136.0647,EUR
10003,2025-02-06,134.1669,EUR
10003,2025-02-07,136.4408,EUR
10003,2025-02-10,137.0904,EUR
10003,2025-02-11,135.3282,EUR
10003,2025-02-12,134.6463,EUR
10003,2025-02-13,132.6027,EUR
10003,2025-02-14,130.3658,EUR
10003,2025-02-17,130.4723,EUR
10003,2025-02-18,130.0973,EUR
10003,2025-02-19,130.6733,EUR
10003,2025-02-20,130.9875,EUR
10003,2025-02-21,134.5856,EUR
10003,2025-02-24,136.5046,EUR
10003,2025-02-25,140.4038,EUR
10003,2025-02-26,139.3483,EUR
10003,2025-02-27,138.1137,EUR
10003,2025-02-28,139.9675,EUR
10003,2025-03-03,137.9415,EUR
10003,2025-03-04,138.4561,EUR
10003,2025-03-05,137.0187,EUR
10003,2025-03-06,136.2964,EUR
10003,2025-03-07,136.3442,EUR
10003,2025-03-10,136.0056,EUR
10003,2025-03-11,134.3745,EUR
10003,2025-03-12,134.0225,EUR
10003,2025-03-13,135.894,EUR
10003,2025-03-14,136.4258,EUR
10003,2025-03-17,137.499,EUR
10003,2025-03-18,135.6904,EUR
10003,2025-03-19,137.0027,EUR
10003,2025-03-20,135.317,EUR
10003,2025-03-21,134.0961,EUR
10003,2025-03-24,134.6945,EUR
10003,2025-03-25,135.2519,EUR
10003,2025-03-26,132.499,EUR
10003,2025-03-27,133.8105,EUR
10003,2025-03-28,134.9493,EUR
10003,2025-03-31,133.2228,EUR
10003,2025-04-01,131.8546,EUR
10003,2025-04-02,133.1427,EUR
10003,2025-04-03,135.4048,EUR
10003,2025-04-04,136.1469,EUR
10003,2025-04-07,134.2233,EUR
10003,2025-04-08,131.6535,EUR
10003,2025-04-09,130.7019,EUR
10003,2025-04-10,130.6167,EUR
10003,2025-04-11,131.8186,EUR
10003,2025-04-14,133.5106,EUR
10003,2025-04-15,133.1856,EUR
10003,2025-04-16,134.536,EUR
10003,2025-04-17,132.8956,EUR
10003,2025-04-18,130.7515,EUR
10003,2025-04-21,132.4667,EUR
10003,2025-04-22,132.0049,EUR
10003,2025-04-23,134.7284,EUR
10003,2025-04-24,137.8023,EUR
10003,2025-04-25,136.9413,EUR
10003,2025-04-28,138.7206,EUR
10003,2025-04-29,140.0938,EUR
10003,2025-04-30,136.9334,EUR
10003,2025-05-01,135.4872,EUR
10003,2025-05-02,137.7871,EUR
10003,2025-05-05,138.9186,EUR
10003,2025-05-06,141.0544,EUR
10003,2025-05-07,140.1642,EUR
10003,2025-05-08,138.9897,EUR
10003,2025-05-09,135.9166,EUR
10003,2025-05-12,135.1027,EUR
10003,2025-05-13,133.563,EUR
10003,2025-05-14,135.6212,EUR
10003,2025-05-15,135.5432,EUR
10003,2025-05-16,135.896,EUR
10003,2025-05-19,137.9853,EUR
10003,2025-05-20,135.5229,EUR
10003,2025-05-21,135.3257,EUR
10003,2025-05-22,135.9477,EUR
10003,2025-05-23,135.4104,EUR
10003,2025-05-26,136.8955,EUR
10003,2025-05-27,133.5443,EUR
10003,2025-05-28,135.0328,EUR
10003,2025-05-29,134.5891,EUR
10003,2025-05-30,137.6155,EUR
10003,2025-06-02,137.5729,EUR
10003,2025-06-03,136.8496,EUR
10003,2025-06-04,136.932,EUR
10003,2025-06-05,137.1344,EUR
10003,2025-06-06,134.8554,EUR
10003,2025-06-09,133.6108,EUR
10003,2025-06-10,132.5053,EUR
10003,2025-06-11,131.8655,EUR
10003,2025-06-12,131.4932,EUR
10003,2025-06-13,130.6738,EUR
10003,2025-06-16,131.738,EUR
10003,2025-06-17,130.9324,EUR
10003,2025-06-18,135.4537,EUR
10003,2025-06-19,133.2055,EUR
10003,2025-06-20,132.013,EUR
10003,2025-06-23,134.2283,EUR
10003,2025-06-24,134.0625,EUR
10003,2025-06-25,133.8357,EUR
10003,2025-06-26,134.0371,EUR
10003,2025-06-27,134.8104,EUR
10003,2025-06-30,134.4143,EUR
10003,2025-07-01,133.6076,EUR
10003,2025-07-02,129.6645,EUR
10003,2025-07-03,128.5073,EUR
10003,2025-07-04,128.4346,EUR
10003,2025-07-07,128.4359,EUR
10003,2025-07-08,129.2752,EUR
10003,2025-07-09,130.2412,EUR
10003,2025-07-10,128.8754,EUR
10003,2025-07-11,132.0821,EUR
10003,2025-07-14,129.2442,EUR
10003,2025-07-15,128.8777,EUR
10003,2025-07-16,127.8535,EUR
10003,2025-07-17,127.222,EUR
10003,2025-07-18,126.8872,EUR
10003,2025-07-21,125.907,EUR
10003,2025-07-22,125.9366,EUR
10003,2025-07-23,126.1219,EUR
10003,2025-07-24,127.3015,EUR
10003,2025-07-25,124.2836,EUR
10003,2025-07-28,122.985,EUR
10003,2025-07-29,121.9686,EUR
10003,2025-07-30,122.6976,EUR
10003,2025-07-31,123.3745,EUR
10003,2025-08-01,122.1613,EUR
10003,2025-08-04,122.0549,EUR
10003,2025-08-05,122.4632,EUR
10003,2025-08-06,121.0381,EUR
10003,2025-08-07,121.1426,EUR
10003,2025-08-08,118.3601,EUR
10003,2025-08-11,118.8042,EUR
10003,2025-08-12,118.3676,EUR
10003,2025-08-13,118.3658,EUR
10003,2025-08-14,117.3975,EUR
10003,2025-08-15,117.5358,EUR
10003,2025-08-18,117.1749,EUR
10003,2025-08-19,117.229,EUR
10003,2025-08-20,116.552,EUR
10003,2025-08-21,117.0261,EUR
10003,2025-08-22,114.9967,EUR
10003,2025-08-25,115.3467,EUR
10003,2025-08-26,115.8958,EUR
10003,2025-08-27,117.1954,EUR
10003,2025-08-28,115.3513,EUR
10003,2025-08-29,114.909,EUR
10003,2025-09-01,115.4228,EUR
10003,2025-09-02,116.035,EUR
10003,2025-09-03,115.344,EUR
10003,2025-09-04,115.4216,EUR
10003,2025-09-05,113.7609,EUR
10003,2025-09-08,111.8428,EUR
10003,2025-09-09,111.8789,EUR
10003,2025-09-10,113.5356,EUR
10003,2025-09-11,114.3436,EUR
10003,2025-09-12,113.9289,EUR
10003,2025-09-15,113.94,EUR
10003,2025-09-16,114.93,EUR
10003,2025-09-17,117.0331,EUR
10003,2025-09-18,117.2523,EUR
10003,2025-09-19,118.4276,EUR
10003,2025-09-22,118.8442,EUR
10003,2025-09-23,119.1207,EUR
10003,2025-09-24,118.3533,EUR
10003,2025-09-25,116.8772,EUR
10003,2025-09-26,117.1555,EUR
10003,2025-09-29,116.0088,EUR
10003,2025-09-30,116.654,EUR
10003,2025-10-01,116.4298,EUR
10003,2025-10-02,116.0961,EUR
10003,2025-10-03,116.0282,EUR
10003,2025-10-06,117.9121,EUR
10003,2025-10-07,117.5753,EUR
10003,2025-10-08,117.3063,EUR
10003,2025-10-09,118.1559,EUR
10003,2025-10-10,117.428,EUR
10003,2025-10-13,116.5567,EUR
10003,2025-10-14,118.2737,EUR
10003,2025-10-15,120.774,EUR
10003,2025-10-16,120.4043,EUR
10003,2025-10-17,120.7613,EUR
10003,2025-10-20,121.7282,EUR
10003,2025-10-21,123.0641,EUR
10003,2025-10-22,121.3965,EUR
10003,2025-10-23,120.6423,EUR
10003,2025-10-24,121.5547,EUR
10003,2025-10-27,120.98,EUR
10003,2025-10-28,121.5203,EUR
10003,2025-10-29,122.7332,EUR
10003,2025-10-30,122.4792,EUR
10003,2025-10-31,124.2345,EUR
10003,2025-11-03,126.945,EUR
10003,2025-11-04,124.5335,EUR
10003,2025-11-05,124.6855,EUR
10003,2025-11-06,124.7783,EUR
10003,2025-11-07,122.5787,EUR
10003,2025-11-10,123.4271,EUR
10003,2025-11-11,121.9678,EUR
10003,2025-11-12,122.3864,EUR
10003,2025-11-13,123.5741,EUR
10003,2025-11-14,126.1981,EUR
10003,2025-11-17,124.9569,EUR
10003,2025-11-18,126.4574,EUR
10003,2025-11-19,125.8494,EUR
10003,2025-11-20,126.5707,EUR
10003,2025-11-21,126.2951,EUR
10003,2025-11-24,125.2767,EUR
10003,2025-11-25,125.864,EUR
10003,2025-11-26,124.4825,EUR
10003,2025-11-27,124.7132,EUR
10003,2025-11-28,125.9091,EUR
10003,2025-12-01,125.8906,EUR
10003,2025-12-02,127.7571,EUR
10003,2025-12-03,130.996,EUR
10003,2025-12-04,130.34,EUR
10003,2025-12-05,129.3139,EUR
10003,2025-12-08,130.6612,EUR
10003,2025-12-09,129.1405,EUR
10003,2025-12-10,128.3506,EUR
10003,2025-12-11,128.1665,EUR
10003,2025-12-12,128.2684,EUR
10003,2025-12-15,129.4858,EUR
10003,2025-12-16,129.11,EUR
10003,2025-12-17,129.302,EUR
10003,2025-12-18,130.5225,EUR
10003,2025-12-19,128.9197,EUR
10003,2025-12-22,129.1656,EUR
10003,2025-12-23,131.6443,EUR
10003,2025-12-24,131.0515,EUR
10003,2025-12-25,130.9556,EUR
10003,2025-12-26,131.4958,EUR
10003,2025-12-29,131.657,EUR
10003,2025-12-30,127.6868,EUR
10003,2025-12-31,126.2617,EUR
10004,2024-12-24,61.75,CAD
10004,2024-12-25,60.2057,CAD
10004,2024-12-26,59.7052,CAD
10004,2024-12-27,59.981,CAD
10004,2024-12-30,60.0159,CAD
10004,2024-12-31,59.3561,CAD
10004,2025-01-01,59.3669,CAD
10004,2025-01-02,59.1096,CAD
10004,2025-01-03,59.4711,CAD
10004,2025-01-06,59.0585,CAD
10004,2025-01-07,58.7731,CAD
10004,2025-01-08,57.8666,CAD
10004,2025-01-09,57.5032,CAD
10004,2025-01-10,58.2044,CAD
10004,2025-01-13,57.8824,CAD
10004,2025-01-14,58.8353,CAD
10004,2025-01-15,60.7029,CAD
10004,2025-01-16,61.0306,CAD
10004,2025-01-17,61.4682,CAD
10004,2025-01-20,59.1895,CAD
10004,2025-01-21,58.4659,CAD
10004,2025-01-22,57.7725,CAD
10004,2025-01-23,58.3564,CAD
10004,2025-01-24,58.3542,CAD
10004,2025-01-27,58.4715,CAD
10004,2025-01-28,59.0018,CAD
10004,2025-01-29,58.3502,CAD
10004,2025-01-30,58.8803,CAD
10004,2025-01-31,58.5326,CAD
10004,2025-02-03,59.1402,CAD
10004,2025-02-04,60.1036,CAD
10004,2025-02-05,60.3439,CAD
10004,2025-02-06,59.6501,CAD
10004,2025-02-07,59.3829,CAD
10004,2025-02-10,58.9163,CAD
10004,2025-02-11,59.0592,CAD
10004,2025-02-12,59.8796,CAD
10004,2025-02-13,59.3798,CAD
10004,2025-02-14,59.572,CAD
10004,2025-02-17,59.6286,CAD
10004,2025-02-18,60.3274,CAD
10004,2025-02-19,59.2477,CAD
10004,2025-02-20,60.3778,CAD
10004,2025-02-21,60.9054,CAD
10004,2025-02-24,60.9168,CAD
10004,2025-02-25,60.7442,CAD
10004,2025-02-26,61.501,CAD
10004,2025-02-27,61.3466,CAD
10004,2025-02-28,62.4268,CAD
10004,2025-03-03,63.1726,CAD
10004,2025-03-04,62.67,CAD
10004,2025-03-05,63.5505,CAD
10004,2025-03-06,63.15,CAD
10004,2025-03-07,64.5025,CAD
10004,2025-03-10,64.4111,CAD
10004,2025-03-11,63.8528,CAD
10004,2025-03-12,63.445,CAD
10004,2025-03-13,63.8115,CAD
10004,2025-03-14,64.34,CAD
10004,2025-03-17,63.8183,CAD
10004,2025-03-18,62.8644,CAD
10004,2025-03-19,63.0836,CAD
10004,2025-03-20,63.7543,CAD
10004,2025-03-21,62.0384,CAD
10004,2025-03-24,61.5473,CAD
10004,2025-03-25,61.3199,CAD
10004,2025-03-26,61.555,CAD
10004,2025-03-27,61.3282,CAD
10004,2025-03-28,60.2504,CAD
10004,2025-03-31,59.1291,CAD
10004,2025-04-01,58.1716,CAD
10004,2025-04-02,56.9347,CAD
10004,2025-04-03,58.031,CAD
10004,2025-04-04,58.4626,CAD
10004,2025-04-07,57.4429,CAD
10004,2025-04-08,57.0474,CAD
10004,2025-04-09,56.7403,CAD
10004,2025-04-10,57.7458,CAD
10004,2025-04-11,55.9276,CAD
10004,2025-04-14,55.1814,CAD
10004,2025-04-15,54.911,CAD
10004,2025-04-16,54.5036,CAD
10004,2025-04-17,54.4784,CAD
10004,2025-04-18,54.6139,CAD
10004,2025-04-21,54.8056,CAD
10004,2025-04-22,55.0972,CAD
10004,2025-04-23,56.1546,CAD
10004,2025-04-24,55.0721,CAD
10004,2025-04-25,54.7086,CAD
10004,2025-04-28,54.0041,CAD
10004,2025-04-29,53.5711,CAD
10004,2025-04-30,54.7858,CAD
10004,2025-05-01,56.0996,CAD
10004,2025-05-02,56.2623,CAD
10004,2025-05-05,56.8422,CAD
10004,2025-05-06,57.1724,CAD
10004,2025-05-07,57.6357,CAD
10004,2025-05-08,58.0944,CAD
10004,2025-05-09,57.3219,CAD
10004,2025-05-12,57.0297,CAD
10004,2025-05-13,56.8394,CAD
10004,2025-05-14,56.569,CAD
10004,2025-05-15,55.6383,CAD
10004,2025-05-16,55.7369,CAD
10004,2025-05-19,55.1572,CAD
10004,2025-05-20,55.9522,CAD
10004,2025-05-21,55.8952,CAD
10004,2025-05-22,56.622,CAD
10004,2025-05-23,56.3178,CAD
10004,2025-05-26,57.1001,CAD
10004,2025-05-27,57.3483,CAD
10004,2025-05-28,58.0516,CAD
10004,2025-05-29,58.974,CAD
10004,2025-05-30,59.5122,CAD
10004,2025-06-02,59.8476,CAD
10004,2025-06-03,60.3854,CAD
10004,2025-06-04,61.438,CAD
10004,2025-06-05,63.8614,CAD
10004,2025-06-06,63.2159,CAD
10004,2025-06-09,63.4837,CAD
10004,2025-06-10,64.1296,CAD
10004,2025-06-11,63.8254,CAD
10004,2025-06-12,63.6351,CAD
10004,2025-06-13,62.6297,CAD
10004,2025-06-16,63.5538,CAD
10004,2025-06-17,65.1914,CAD
10004,2025-06-18,66.0027,CAD
10004,2025-06-19,66.4541,CAD
10004,2025-06-20,66.4596,CAD
10004,2025-06-23,65.8894,CAD
10004,2025-06-24,66.213,CAD
10004,2025-06-25,67.6141,CAD
10004,2025-06-26,67.9709,CAD
10004,2025-06-27,67.9941,CAD
10004,2025-06-30,68.0219,CAD
10004,2025-07-01,69.393,CAD
10004,2025-07-02,68.2271,CAD
10004,2025-07-03,69.5122,CAD
10004,2025-07-04,69.2604,CAD
10004,2025-07-07,67.693,CAD
10004,2025-07-08,68.9397,CAD
10004,2025-07-09,68.5788,CAD
10004,2025-07-10,69.32,CAD
10004,2025-07-11,69.2007,CAD
10004,2025-07-14,69.8746,CAD
10004,2025-07-15,68.7166,CAD
10004,2025-07-16,68.2845,CAD
10004,2025-07-17,67.8738,CAD
10004,2025-07-18,68.231,CAD
10004,2025-07-21,68.6814,CAD
10004,2025-07-22,68.7643,CAD
10004,2025-07-23,68.2009,CAD
10004,2025-07-24,67.4852,CAD
10004,2025-07-25,66.5105,CAD
10004,2025-07-28,64.7162,CAD
10004,2025-07-29,64.766,CAD
10004,2025-07-30,66.7813,CAD
10004,2025-07-31,65.7676,CAD
10004,2025-08-01,66.3727,CAD
10004,2025-08-04,67.3587,CAD
10004,2025-08-05,67.4057,CAD
10004,2025-08-06,68.618,CAD
10004,2025-08-07,68.8857,CAD
10004,2025-08-08,67.507,CAD
10004,2025-08-11,67.7377,CAD
10004,2025-08-12,67.2724,CAD
10004,2025-08-13,67.5104,CAD
10004,2025-08-14,67.8985,CAD
10004,2025-08-15,68.65,CAD
10004,2025-08-18,68.9665,CAD
10004,2025-08-19,67.8488,CAD
10004,2025-08-20,68.7292,CAD
10004,2025-08-21,67.9869,CAD
10004,2025-08-22,69.0287,CAD
10004,2025-08-25,68.3471,CAD
10004,2025-08-26,68.6201,CAD
10004,2025-08-27,68.9469,CAD
10004,2025-08-28,69.5783,CAD
10004,2025-08-29,68.1308,CAD
10004,2025-09-01,67.0126,CAD
10004,2025-09-02,66.5237,CAD
10004,2025-09-03,66.9451,CAD
10004,2025-09-04,67.3988,CAD
10004,2025-09-05,68.1574,CAD
10004,2025-09-08,68.2153,CAD
10004,2025-09-09,68.5814,CAD
10004,2025-09-10,69.4845,CAD
10004,2025-09-11,69.4643,CAD
10004,2025-09-12,69.3564,CAD
10004,2025-09-15,67.7416,CAD
10004,2025-09-16,67.5189,CAD
10004,2025-09-17,67.409,CAD
10004,2025-09-18,67.2166,CAD
10004,2025-09-19,66.3078,CAD
10004,2025-09-22,65.4541,CAD
10004,2025-09-23,65.8842,CAD
10004,2025-09-24,64.32,CAD
10004,2025-09-25,64.42,CAD
10004,2025-09-26,64.3627,CAD
10004,2025-09-29,64.374,CAD
10004,2025-09-30,63.2312,CAD
10004,2025-10-01,62.9364,CAD
10004,2025-10-02,62.1644,CAD
10004,2025-10-03,61.7833,CAD
10004,2025-10-06,61.4502,CAD
10004,2025-10-07,61.0473,CAD
10004,2025-10-08,61.8344,CAD
10004,2025-10-09,61.9255,CAD
10004,2025-10-10,60.6241,CAD
10004,2025-10-13,60.4229,CAD
10004,2025-10-14,60.5899,CAD
10004,2025-10-15,61.3245,CAD
10004,2025-10-16,61.9898,CAD
10004,2025-10-17,62.5454,CAD
10004,2025-10-20,63.2359,CAD
10004,2025-10-21,64.2561,CAD
10004,2025-10-22,63.327,CAD
10004,2025-10-23,61.8919,CAD
10004,2025-10-24,61.774,CAD
10004,2025-10-27,61.2009,CAD
10004,2025-10-28,62.0297,CAD
10004,2025-10-29,62.492,CAD
10004,2025-10-30,64.1313,CAD
10004,2025-10-31,64.4424,CAD
10004,2025-11-03,64.1107,CAD
10004,2025-11-04,65.1809,CAD
10004,2025-11-05,65.8054,CAD
10004,2025-11-06,65.3595,CAD
10004,2025-11-07,65.5326,CAD
10004,2025-11-10,65.428,CAD
10004,2025-11-11,65.4295,CAD
10004,2025-11-12,65.3393,CAD
10004,2025-11-13,63.6861,CAD
10004,2025-11-14,61.8907,CAD
10004,2025-11-17,61.9721,CAD
10004,2025-11-18,61.3981,CAD
10004,2025-11-19,61.9957,CAD
10004,2025-11-20,61.0666,CAD
10004,2025-11-21,61.7574,CAD
10004,2025-11-24,62.3608,CAD
10004,2025-11-25,63.0758,CAD
10004,2025-11-26,62.5264,CAD
10004,2025-11-27,62.3655,CAD
10004,2025-11-28,63.2618,CAD
10004,2025-12-01,63.7826,CAD
10004,2025-12-02,64.4365,CAD
10004,2025-12-03,64.4119,CAD
10004,2025-12-04,63.7699,CAD
10004,2025-12-05,63.6764,CAD
10004,2025-12-08,63.6216,CAD
10004,2025-12-09,64.1775,CAD
10004,2025-12-10,65.0028,CAD
10004,2025-12-11,64.8972,CAD
10004,2025-12-12,65.8273,CAD
10004,2025-12-15,66.8482,CAD
10004,2025-12-16,66.6738,CAD
10004,2025-12-17,67.0797,CAD
10004,2025-12-18,67.6756,CAD
10004,2025-12-19,67.9626,CAD
10004,2025-12-22,67.4675,CAD
10004,2025-12-23,67.9917,CAD
10004,2025-12-24,67.9408,CAD
10004,2025-12-25,67.4963,CAD
10004,2025-12-26,67.7711,CAD
10004,2025-12-29,67.588,CAD
10004,2025-12-30,67.6954,CAD
10004,2025-12-31,66.6955,CAD
10005,2024-12-24,88.7257,USD
10005,2024-12-25,88.5773,USD
10005,2024-12-26,90.4273,USD
10005,2024-12-27,89.4719,USD
10005,2024-12-30,93.4987,USD
10005,2024-12-31,95.2009,USD
10005,2025-01-01,95.2499,USD
10005,2025-01-02,96.9989,USD
10005,2025-01-03,95.1142,USD
10005,2025-01-06,94.2893,USD
10005,2025-01-07,96.3326,USD
10005,2025-01-08,95.8446,USD
10005,2025-01-09,95.2819,USD
10005,2025-01-10,95.6708,USD
10005,2025-01-13,95.0404,USD
10005,2025-01-14,96.1062,USD
10005,2025-01-15,94.2962,USD
10005,2025-01-16,95.7651,USD
10005,2025-01-17,93.8792,USD
10005,2025-01-20,94.8734,USD
10005,2025-01-21,95.0188,USD
10005,2025-01-22,94.6496,USD
10005,2025-01-23,95.7519,USD
10005,2025-01-24,96.9563,USD
10005,2025-01-27,95.589,USD
10005,2025-01-28,95.4816,USD
10005,2025-01-29,94.7379,USD
10005,2025-01-30,93.3158,USD
10005,2025-01-31,91.8819,USD
10005,2025-02-03,92.9255,USD
10005,2025-02-04,92.3115,USD
10005,2025-02-05,91.1787,USD
10005,2025-02-06,90.0544,USD
10005,2025-02-07,89.8819,USD
10005,2025-02-10,92.1613,USD
10005,2025-02-11,94.4284,USD
10005,2025-02-12,94.5835,USD
10005,2025-02-13,92.781,USD
10005,2025-02-14,92.0132,USD
10005,2025-02-17,91.5762,USD
10005,2025-02-18,91.3873,USD
10005,2025-02-19,92.9386,USD
10005,2025-02-20,95.9124,USD
10005,2025-02-21,97.5141,USD
10005,2025-02-24,96.7799,USD
10005,2025-02-25,99.0027,USD
10005,2025-02-26,97.0937,USD
10005,2025-02-27,96.5206,USD
10005,2025-02-28,96.9581,USD
10005,2025-03-03,96.1759,USD
10005,2025-03-04,94.5496,USD
10005,2025-03-05,97.2456,USD
10005,2025-03-06,98.845,USD
10005,2025-03-07,98.3866,USD
10005,2025-03-10,96.3624,USD
10005,2025-03-11,95.361,USD
10005,2025-03-12,95.2731,USD
10005,2025-03-13,96.4336,USD
10005,2025-03-14,94.9682,USD
10005,2025-03-17,94.0786,USD
10005,2025-03-18,94.383,USD
10005,2025-03-19,93.0631,USD
10005,2025-03-20,94.862,USD
10005,2025-03-21,95.752,USD
10005,2025-03-24,96.5632,USD
10005,2025-03-25,96.0525,USD
10005,2025-03-26,94.1807,USD
10005,2025-03-27,95.2995,USD
10005,2025-03-28,94.6475,USD
10005,2025-03-31,94.159,USD
10005,2025-04-01,94.1455,USD
10005,2025-04-02,93.9945,USD
10005,2025-04-03,93.3019,USD
10005,2025-04-04,92.9985,USD
10005,2025-04-07,93.4962,USD
10005,2025-04-08,91.9733,USD
10005,2025-04-09,92.951,USD
10005,2025-04-10,91.8441,USD
10005,2025-04-11,92.8125,USD
10005,2025-04-14,91.6475,USD
10005,2025-04-15,88.9364,USD
10005,2025-04-16,88.0615,USD
10005,2025-04-17,87.5471,USD
10005,2025-04-18,87.1087,USD
10005,2025-04-21,86.9862,USD
10005,2025-04-22,87.9387,USD
10005,2025-04-23,88.2131,USD
10005,2025-04-24,87.2306,USD
10005,2025-04-25,85.8903,USD
10005,2025-04-28,85.7014,USD
10005,2025-04-29,87.0299,USD
10005,2025-04-30,89.2362,USD
10005,2025-05-01,89.4942,USD
10005,2025-05-02,91.4565,USD
10005,2025-05-05,90.9556,USD
10005,2025-05-06,91.8594,USD
10005,2025-05-07,92.7382,USD
10005,2025-05-08,92.2536,USD
10005,2025-05-09,93.3815,USD
10005,2025-05-12,95.0085,USD
10005,2025-05-13,95.8081,USD
10005,2025-05-14,96.0171,USD
10005,2025-05-15,95.2458,USD
10005,2025-05-16,92.7075,USD
10005,2025-05-19,88.8809,USD
10005,2025-05-20,91.8719,USD
10005,2025-05-21,89.1175,USD
10005,2025-05-22,89.0575,USD
10005,2025-05-23,88.1002,USD
10005,2025-05-26,88.3964,USD
10005,2025-05-27,91.8038,USD
10005,2025-05-28,91.4378,USD
10005,2025-05-29,90.3302,USD
10005,2025-05-30,91.1764,USD
10005,2025-06-02,89.8163,USD
10005,2025-06-03,91.3754,USD
10005,2025-06-04,91.0646,USD
10005,2025-06-05,94.3265,USD
10005,2025-06-06,93.9236,USD
10005,2025-06-09,94.5956,USD
10005,2025-06-10,97.213,USD
10005,2025-06-11,98.732,USD
10005,2025-06-12,95.5611,USD
10005,2025-06-13,95.8826,USD
10005,2025-06-16,96.1465,USD
10005,2025-06-17,95.2197,USD
10005,2025-06-18,96.5544,USD
10005,2025-06-19,97.3982,USD
10005,2025-06-20,96.5672,USD
10005,2025-06-23,98.5568,USD
10005,2025-06-24,100.2662,USD
10005,2025-06-25,101.188,USD
10005,2025-06-26,99.095,USD
10005,2025-06-27,97.406,USD
10005,2025-06-30,96.801,USD
10005,2025-07-01,97.3186,USD
10005,2025-07-02,99.1584,USD
10005,2025-07-03,99.2456,USD
10005,2025-07-04,100.991,USD
10005,2025-07-07,99.3433,USD
10005,2025-07-08,99.0929,USD
10005,2025-07-09,101.8874,USD
10005,2025-07-10,101.604,USD
10005,2025-07-11,99.6559,USD
10005,2025-07-14,98.8559,USD
10005,2025-07-15,97.0588,USD
10005,2025-07-16,97.4349,USD
10005,2025-07-17,97.8858,USD
10005,2025-07-18,96.0303,USD
10005,2025-07-21,94.9077,USD
10005,2025-07-22,96.7452,USD
10005,2025-07-23,96.0622,USD
10005,2025-07-24,92.5412,USD
10005,2025-07-25,91.4571,USD
10005,2025-07-28,90.0653,USD
10005,2025-07-29,92.4425,USD
10005,2025-07-30,93.3617,USD
10005,2025-07-31,95.6782,USD
10005,2025-08-01,93.895,USD
10005,2025-08-04,89.6261,USD
10005,2025-08-05,87.7192,USD
10005,2025-08-06,87.9304,USD
10005,2025-08-07,89.1113,USD
10005,2025-08-08,91.3117,USD
10005,2025-08-11,89.0487,USD
10005,2025-08-12,88.8047,USD
10005,2025-08-13,87.0466,USD
10005,2025-08-14,85.0239,USD
10005,2025-08-15,83.2367,USD
10005,2025-08-18,81.7941,USD
10005,2025-08-19,80.1967,USD
10005,2025-08-20,80.2325,USD
10005,2025-08-21,81.0194,USD
10005,2025-08-22,80.6345,USD
10005,2025-08-25,82.6695,USD
10005,2025-08-26,84.3011,USD
10005,2025-08-27,84.6235,USD
10005,2025-08-28,85.313,USD
10005,2025-08-29,82.2112,USD
10005,2025-09-01,80.8565,USD
10005,2025-09-02,80.6656,USD
10005,2025-09-03,79.625,USD
10005,2025-09-04,79.1557,USD
10005,2025-09-05,79.9899,USD
10005,2025-09-08,79.338,USD
10005,2025-09-09,79.3731,USD
10005,2025-09-10,80.1131,USD
10005,2025-09-11,80.3887,USD
10005,2025-09-12,78.6186,USD
10005,2025-09-15,77.5705,USD
10005,2025-09-16,77.9247,USD
10005,2025-09-17,79.0075,USD
10005,2025-09-18,78.3541,USD
10005,2025-09-19,79.1332,USD
10005,2025-09-22,79.7092,USD
10005,2025-09-23,80.8041,USD
10005,2025-09-24,79.7162,USD
10005,2025-09-25,79.983,USD
10005,2025-09-26,80.4578,USD
10005,2025-09-29,80.5877,USD
10005,2025-09-30,82.372,USD
10005,2025-10-01,81.6913,USD
10005,2025-10-02,81.6252,USD
10005,2025-10-03,82.4505,USD
10005,2025-10-06,81.5172,USD
10005,2025-10-07,80.6262,USD
10005,2025-10-08,79.7953,USD
10005,2025-10-09,79.7902,USD
10005,2025-10-10,78.0825,USD
10005,2025-10-13,76.441,USD
10005,2025-10-14,74.3391,USD
10005,2025-10-15,74.2166,USD
10005,2025-10-16,73.5865,USD
10005,2025-10-17,73.6814,USD
10005,2025-10-20,72.8774,USD
10005,2025-10-21,73.6895,USD
10005,2025-10-22,73.7474,USD
10005,2025-10-23,76.6361,USD
10005,2025-10-24,75.3752,USD
10005,2025-10-27,76.2842,USD
10005,2025-10-28,76.3634,USD
10005,2025-10-29,75.8129,USD
10005,2025-10-30,75.2089,USD
10005,2025-10-31,74.5636,USD
10005,2025-11-03,74.5717,USD
10005,2025-11-04,74.4934,USD
10005,2025-11-05,74.0237,USD
10005,2025-11-06,75.0682,USD
10005,2025-11-07,76.4925,USD
10005,2025-11-10,76.2928,USD
10005,2025-11-11,75.1854,USD
10005,2025-11-12,76.2031,USD
10005,2025-11-13,76.045,USD
10005,2025-11-14,76.8991,USD
10005,2025-11-17,78.3748,USD
10005,2025-11-18,78.7345,USD
10005,2025-11-19,79.4816,USD
10005,2025-11-20,81.4161,USD
10005,2025-11-21,80.8892,USD
10005,2025-11-24,81.8909,USD
10005,2025-11-25,82.2622,USD
10005,2025-11-26,82.5883,USD
10005,2025-11-27,82.0157,USD
10005,2025-11-28,81.5299,USD
10005,2025-12-01,81.7508,USD
10005,2025-12-02,80.2225,USD
10005,2025-12-03,79.3676,USD
10005,2025-12-04,81.0429,USD
10005,2025-12-05,81.7228,USD
10005,2025-12-08,81.4448,USD
10005,2025-12-09,81.9174,USD
10005,2025-12-10,83.2155,USD
10005,2025-12-11,84.4009,USD
10005,2025-12-12,84.3964,USD
10005,2025-12-15,84.0037,USD
10005,2025-12-16,82.8909,USD
10005,2025-12-17,83.4887,USD
10005,2025-12-18,84.2609,USD
10005,2025-12-19,86.3727,USD
10005,2025-12-22,87.433,USD
10005,2025-12-23,87.0775,USD
10005,2025-12-24,84.9902,USD
10005,2025-12-25,87.0064,USD
10005,2025-12-26,88.955,USD
10005,2025-12-29,86.5633,USD
10005,2025-12-30,87.1524,USD
10005,2025-12-31,86.0687,USD
10006,2024-12-24,69.6553,EUR
10006,2024-12-25,69.3482,EUR
10006,2024-12-26,70.8375,EUR
10006,2024-12-27,72.4079,EUR
10006,2024-12-30,72.6239,EUR
10006,2024-12-31,73.2336,EUR
10006,2025-01-01,72.2982,EUR
10006,2025-01-02,72.4093,EUR
10006,2025-01-03,73.8864,EUR
10006,2025-01-06,74.1524,EUR
10006,2025-01-07,72.5043,EUR
10006,2025-01-08,72.7432,EUR
10006,2025-01-09,72.6349,EUR
10006,2025-01-10,72.4229,EUR
10006,2025-01-13,75.2546,EUR
10006,2025-01-14,74.9192,EUR
10006,2025-01-15,75.2325,EUR
10006,2025-01-16,75.6576,EUR
10006,2025-01-17,74.6874,EUR
10006,2025-01-20,74.1675,EUR
10006,2025-01-21,72.4142,EUR
10006,2025-01-22,72.2447,EUR
10006,2025-01-23,71.4299,EUR
10006,2025-01-24,70.9138,EUR
10006,2025-01-27,71.1729,EUR
10006,2025-01-28,72.6826,EUR
10006,2025-01-29,71.801,EUR
10006,2025-01-30,72.6356,EUR
10006,2025-01-31,72.0714,EUR
10006,2025-02-03,71.7563,EUR
10006,2025-02-04,70.3375,EUR
10006,2025-02-05,70.0941,EUR
10006,2025-02-06,69.9841,EUR
10006,2025-02-07,70.6966,EUR
10006,2025-02-10,69.5212,EUR
10006,2025-02-11,70.2099,EUR
10006,2025-02-12,69.7351,EUR
10006,2025-02-13,69.2778,EUR
10006,2025-02-14,70.5485,EUR
10006,2025-02-17,70.3953,EUR
10006,2025-02-18,72.3839,EUR
10006,2025-02-19,70.8767,EUR
10006,2025-02-20,71.2568,EUR
10006,2025-02-21,70.2933,EUR
10006,2025-02-24,69.0195,EUR
10006,2025-02-25,69.2578,EUR
10006,2025-02-26,69.3451,EUR
10006,2025-02-27,68.9323,EUR
10006,2025-02-28,68.7266,EUR
10006,2025-03-03,69.3526,EUR
10006,2025-03-04,68.2902,EUR
10006,2025-03-05,68.2586,EUR
10006,2025-03-06,67.8626,EUR
10006,2025-03-07,68.7274,EUR
10006,2025-03-10,69.2304,EUR
10006,2025-03-11,69.9857,EUR
10006,2025-03-12,70.1853,EUR
10006,2025-03-13,72.0157,EUR
10006,2025-03-14,71.3587,EUR
10006,2025-03-17,72.4262,EUR
10006,2025-03-18,73.6367,EUR
10006,2025-03-19,70.8477,EUR
10006,2025-03-20,72.1378,EUR
10006,2025-03-21,71.7443,EUR
10006,2025-03-24,71.9505,EUR
10006,2025-03-25,73.0335,EUR
10006,2025-03-26,74.8329,EUR
10006,2025-03-27,75.9226,EUR
10006,2025-03-28,75.3122,EUR
10006,2025-03-31,76.5975,EUR
10006,2025-04-01,75.6505,EUR
10006,2025-04-02,73.6024,EUR
10006,2025-04-03,74.8361,EUR
10006,2025-04-04,74.9596,EUR
10006,2025-04-07,75.1457,EUR
10006,2025-04-08,73.8608,EUR
10006,2025-04-09,74.6105,EUR
10006,2025-04-10,74.7363,EUR
10006,2025-04-11,75.9534,EUR
10006,2025-04-14,74.544,EUR
10006,2025-04-15,75.7086,EUR
10006,2025-04-16,76.1738,EUR
10006,2025-04-17,76.6982,EUR
10006,2025-04-18,76.8017,EUR
10006,2025-04-21,77.5549,EUR
10006,2025-04-22,78.5261,EUR
10006,2025-04-23,79.4787,EUR
10006,2025-04-24,80.7713,EUR
10006,2025-04-25,79.1068,EUR
10006,2025-04-28,78.948,EUR
10006,2025-04-29,79.4945,EUR
10006,2025-04-30,80.5832,EUR
10006,2025-05-01,81.0949,EUR
10006,2025-05-02,80.8998,EUR
10006,2025-05-05,79.5758,EUR
10006,2025-05-06,79.8787,EUR
10006,2025-05-07,79.8232,EUR
10006,2025-05-08,80.8152,EUR
10006,2025-05-09,80.4142,EUR
10006,2025-05-12,81.5784,EUR
10006,2025-05-13,81.7134,EUR
10006,2025-05-14,80.7532,EUR
10006,2025-05-15,81.9583,EUR
10006,2025-05-16,82.34,EUR
10006,2025-05-19,83.2247,EUR
10006,2025-05-20,82.9358,EUR
10006,2025-05-21,81.9438,EUR
10006,2025-05-22,81.9251,EUR
10006,2025-05-23,82.6276,EUR
10006,2025-05-26,83.1553,EUR
10006,2025-05-27,84.3363,EUR
10006,2025-05-28,81.7036,EUR
10006,2025-05-29,80.9728,EUR
10006,2025-05-30,80.7607,EUR
10006,2025-06-02,79.2097,EUR
10006,2025-06-03,80.548,EUR
10006,2025-06-04,82.058,EUR
10006,2025-06-05,82.6834,EUR
10006,2025-06-06,82.9027,EUR
10006,2025-06-09,83.2722,EUR
10006,2025-06-10,85.0366,EUR
10006,2025-06-11,85.4215,EUR
10006,2025-06-12,85.1837,EUR
10006,2025-06-13,87.2478,EUR
10006,2025-06-16,86.7862,EUR
10006,2025-06-17,88.1246,EUR
10006,2025-06-18,86.7564,EUR
10006,2025-06-19,88.6011,EUR
10006,2025-06-20,88.5794,EUR
10006,2025-06-23,88.2083,EUR
10006,2025-06-24,88.2739,EUR
10006,2025-06-25,89.1646,EUR
10006,2025-06-26,90.1807,EUR
10006,2025-06-27,91.5759,EUR
10006,2025-06-30,92.0712,EUR
10006,2025-07-01,90.2377,EUR
10006,2025-07-02,91.4112,EUR
10006,2025-07-03,89.9662,EUR
10006,2025-07-04,90.7872,EUR
10006,2025-07-07,91.7725,EUR
10006,2025-07-08,93.0284,EUR
10006,2025-07-09,93.4216,EUR
10006,2025-07-10,93.0012,EUR
10006,2025-07-11,90.5413,EUR
10006,2025-07-14,91.3847,EUR
10006,2025-07-15,89.7831,EUR
10006,2025-07-16,89.6146,EUR
10006,2025-07-17,90.4156,EUR
10006,2025-07-18,90.7172,EUR
10006,2025-07-21,90.1954,EUR
10006,2025-07-22,90.3747,EUR
10006,2025-07-23,89.3379,EUR
10006,2025-07-24,90.2118,EUR
10006,2025-07-25,89.9344,EUR
10006,2025-07-28,88.9153,EUR
10006,2025-07-29,87.1656,EUR
10006,2025-07-30,83.1434,EUR
10006,2025-07-31,82.7997,EUR
10006,2025-08-01,81.0153,EUR
10006,2025-08-04,81.0177,EUR
10006,2025-08-05,80.8846,EUR
10006,2025-08-06,81.9233,EUR
10006,2025-08-07,80.8708,EUR
10006,2025-08-08,81.6438,EUR
10006,2025-08-11,80.7581,EUR
10006,2025-08-12,82.7426,EUR
10006,2025-08-13,83.0139,EUR
10006,2025-08-14,82.0162,EUR
10006,2025-08-15,82.8156,EUR
10006,2025-08-18,81.2842,EUR
10006,2025-08-19,81.1039,EUR
10006,2025-08-20,83.0635,EUR
10006,2025-08-21,83.3861,EUR
10006,2025-08-22,81.2839,EUR
10006,2025-08-25,82.9582,EUR
10006,2025-08-26,83.618,EUR
10006,2025-08-27,84.8981,EUR
10006,2025-08-28,83.7177,EUR
10006,2025-08-29,84.0287,EUR
10006,2025-09-01,84.7375,EUR
10006,2025-09-02,85.0302,EUR
10006,2025-09-03,83.524,EUR
10006,2025-09-04,85.0311,EUR
10006,2025-09-05,83.5661,EUR
10006,2025-09-08,82.938,EUR
10006,2025-09-09,83.0435,EUR
10006,2025-09-10,83.6581,EUR
10006,2025-09-11,84.0978,EUR
10006,2025-09-12,83.942,EUR
10006,2025-09-15,82.8617,EUR
10006,2025-09-16,83.3779,EUR
10006,2025-09-17,83.2798,EUR
10006,2025-09-18,82.0639,EUR
10006,2025-09-19,80.1215,EUR
10006,2025-09-22,80.0763,EUR
10006,2025-09-23,80.2089,EUR
10006,2025-09-24,79.8308,EUR
10006,2025-09-25,80.5484,EUR
10006,2025-09-26,81.7274,EUR
10006,2025-09-29,81.594,EUR
10006,2025-09-30,82.78,EUR
10006,2025-10-01,82.2621,EUR
10006,2025-10-02,82.602,EUR
10006,2025-10-03,83.3067,EUR
10006,2025-10-06,83.6936,EUR
10006,2025-10-07,82.6901,EUR
10006,2025-10-08,83.4198,EUR
10006,2025-10-09,84.057,EUR
10006,2025-10-10,85.4671,EUR
10006,2025-10-13,86.6489,EUR
10006,2025-10-14,84.4426,EUR
10006,2025-10-15,83.4221,EUR
10006,2025-10-16,83.5885,EUR
10006,2025-10-17,83.3649,EUR
10006,2025-10-20,85.6354,EUR
10006,2025-10-21,84.6117,EUR
10006,2025-10-22,82.9372,EUR
10006,2025-10-23,82.1708,EUR
10006,2025-10-24,80.6436,EUR
10006,2025-10-27,81.1389,EUR
10006,2025-10-28,80.7609,EUR
10006,2025-10-29,80.057,EUR
10006,2025-10-30,82.1213,EUR
10006,2025-10-31,82.9465,EUR
10006,2025-11-03,81.3929,EUR
10006,2025-11-04,82.4071,EUR
10006,2025-11-05,81.9005,EUR
10006,2025-11-06,81.2605,EUR
10006,2025-11-07,83.148,EUR
10006,2025-11-10,84.0566,EUR
10006,2025-11-11,84.3385,EUR
10006,2025-11-12,86.2496,EUR
10006,2025-11-13,85.864,EUR
10006,2025-11-14,86.9719,EUR
10006,2025-11-17,87.4506,EUR
10006,2025-11-18,87.6197,EUR
10006,2025-11-19,87.2955,EUR
10006,2025-11-20,86.946,EUR
10006,2025-11-21,87.8876,EUR
10006,2025-11-24,86.787,EUR
10006,2025-11-25,86.2796,EUR
10006,2025-11-26,87.0865,EUR
10006,2025-11-27,86.11,EUR
10006,2025-11-28,84.9274,EUR
10006,2025-12-01,85.5148,EUR
10006,2025-12-02,86.6399,EUR
10006,2025-12-03,86.1924,EUR
10006,2025-12-04,86.2206,EUR
10006,2025-12-05,85.2932,EUR
10006,2025-12-08,83.5388,EUR
10006,2025-12-09,85.4539,EUR
10006,2025-12-10,85.1877,EUR
10006,2025-12-11,87.0179,EUR
10006,2025-12-12,85.8663,EUR
10006,2025-12-15,87.0528,EUR
10006,2025-12-16,87.3627,EUR
10006,2025-12-17,88.3259,EUR
10006,2025-12-18,87.9488,EUR
10006,2025-12-19,86.4829,EUR
10006,2025-12-22,87.4228,EUR
10006,2025-12-23,86.9928,EUR
10006,2025-12-24,87.5424,EUR
10006,2025-12-25,87.5582,EUR
10006,2025-12-26,87.9164,EUR
10006,2025-12-29,88.2198,EUR
10006,2025-12-30,88.7349,EUR
10006,2025-12-31,89.2053,EUR
10007,2024-12-24,26.0803,CAD
10007,2024-12-25,25.3655,CAD
10007,2024-12-26,25.4753,CAD
10007,2024-12-27,25.559,CAD
10007,2024-12-30,24.7484,CAD
10007,2024-12-31,25.0822,CAD
10007,2025-01-01,24.8223,CAD
10007,2025-01-02,24.5416,CAD
10007,2025-01-03,24.2766,CAD
10007,2025-01-06,24.5335,CAD
10007,2025-01-07,24.2656,CAD
10007,2025-01-08,23.6219,CAD
10007,2025-01-09,23.7003,CAD
10007,2025-01-10,23.8285,CAD
10007,2025-01-13,23.7144,CAD
10007,2025-01-14,23.6483,CAD
10007,2025-01-15,23.7583,CAD
10007,2025-01-16,24.8771,CAD
10007,2025-01-17,25.1149,CAD
10007,2025-01-20,25.9223,CAD
10007,2025-01-21,25.7568,CAD
10007,2025-01-22,25.7793,CAD
10007,2025-01-23,26.307,CAD
10007,2025-01-24,25.939,CAD
10007,2025-01-27,25.5735,CAD
10007,2025-01-28,24.3665,CAD
10007,2025-01-29,24.0555,CAD
10007,2025-01-30,24.0677,CAD
10007,2025-01-31,24.4733,CAD
10007,2025-02-03,24.5248,CAD
10007,2025-02-04,24.4635,CAD
10007,2025-02-05,24.9966,CAD
10007,2025-02-06,25.5401,CAD
10007,2025-02-07,25.5509,CAD
10007,2025-02-10,24.8977,CAD
10007,2025-02-11,24.1026,CAD
10007,2025-02-12,24.4775,CAD
10007,2025-02-13,24.4084,CAD
10007,2025-02-14,25.0904,CAD
10007,2025-02-17,25.3368,CAD
10007,2025-02-18,25.8598,CAD
10007,2025-02-19,25.1434,CAD
10007,2025-02-20,24.69,CAD
10007,2025-02-21,24.1678,CAD
10007,2025-02-24,25.5503,CAD
10007,2025-02-25,26.3787,CAD
10007,2025-02-26,26.5841,CAD
10007,2025-02-27,26.6761,CAD
10007,2025-02-28,25.9277,CAD
10007,2025-03-03,26.1431,CAD
10007,2025-03-04,26.4354,CAD
10007,2025-03-05,26.4686,CAD
10007,2025-03-06,27.1399,CAD
10007,2025-03-07,26.4678,CAD
10007,2025-03-10,26.7537,CAD
10007,2025-03-11,26.7873,CAD
10007,2025-03-12,25.9811,CAD
10007,2025-03-13,25.7776,CAD
10007,2025-03-14,25.9684,CAD
10007,2025-03-17,26.1366,CAD
10007,2025-03-18,25.2541,CAD
10007,2025-03-19,25.0882,CAD
10007,2025-03-20,24.8996,CAD
10007,2025-03-21,25.1072,CAD
10007,2025-03-24,25.7878,CAD
10007,2025-03-25,25.4981,CAD
10007,2025-03-26,25.5939,CAD
10007,2025-03-27,25.8873,CAD
10007,2025-03-28,26.1778,CAD
10007,2025-03-31,26.22,CAD
10007,2025-04-01,25.9596,CAD
10007,2025-04-02,25.9408,CAD
10007,2025-04-03,25.7208,CAD
10007,2025-04-04,25.5582,CAD
10007,2025-04-07,24.943,CAD
10007,2025-04-08,25.6642,CAD
10007,2025-04-09,25.5829,CAD
10007,2025-04-10,25.3255,CAD
10007,2025-04-11,25.8664,CAD
10007,2025-04-14,25.0917,CAD
10007,2025-04-15,25.0029,CAD
10007,2025-04-16,24.4267,CAD
10007,2025-04-17,24.6926,CAD
10007,2025-04-18,24.8736,CAD
10007,2025-04-21,25.3735,CAD
10007,2025-04-22,24.4821,CAD
10007,2025-04-23,24.9653,CAD
10007,2025-04-24,24.985,CAD
10007,2025-04-25,25.5728,CAD
10007,2025-04-28,25.557,CAD
10007,2025-04-29,25.341,CAD
10007,2025-04-30,25.5555,CAD
10007,2025-05-01,25.1991,CAD
10007,2025-05-02,25.1515,CAD
10007,2025-05-05,25.2313,CAD
10007,2025-05-06,25.0207,CAD
10007,2025-05-07,24.1185,CAD
10007,2025-05-08,24.3868,CAD
10007,2025-05-09,23.7268,CAD
10007,2025-05-12,23.3942,CAD
10007,2025-05-13,24.0744,CAD
10007,2025-05-14,24.6992,CAD
10007,2025-05-15,23.9687,CAD
10007,2025-05-16,24.0437,CAD
10007,2025-05-19,24.5738,CAD
10007,2025-05-20,24.9039,CAD
10007,2025-05-21,24.5489,CAD
10007,2025-05-22,23.6719,CAD
10007,2025-05-23,23.9631,CAD
10007,2025-05-26,23.8671,CAD
10007,2025-05-27,23.855,CAD
10007,2025-05-28,23.826,CAD
10007,2025-05-29,23.691,CAD
10007,2025-05-30,24.0338,CAD
10007,2025-06-02,23.9379,CAD
10007,2025-06-03,23.2484,CAD
10007,2025-06-04,23.2844,CAD
10007,2025-06-05,22.8408,CAD
10007,2025-06-06,22.0155,CAD
10007,2025-06-09,21.9066,CAD
10007,2025-06-10,21.2995,CAD
10007,2025-06-11,21.2951,CAD
10007,2025-06-12,21.5781,CAD
10007,2025-06-13,21.5555,CAD
10007,2025-06-16,21.5363,CAD
10007,2025-06-17,22.3895,CAD
10007,2025-06-18,22.2247,CAD
10007,2025-06-19,22.4057,CAD
10007,2025-06-20,22.584,CAD
10007,2025-06-23,22.9628,CAD
10007,2025-06-24,22.5885,CAD
10007,2025-06-25,22.5587,CAD
10007,2025-06-26,22.4229,CAD
10007,2025-06-27,21.9335,CAD
10007,2025-06-30,22.7193,CAD
10007,2025-07-01,22.6312,CAD
10007,2025-07-02,22.7562,CAD
10007,2025-07-03,23.2332,CAD
10007,2025-07-04,24.5731,CAD
10007,2025-07-07,24.201,CAD
10007,2025-07-08,24.5768,CAD
10007,2025-07-09,24.2289,CAD
10007,2025-07-10,24.1504,CAD
10007,2025-07-11,23.7537,CAD
10007,2025-07-14,24.1453,CAD
10007,2025-07-15,24.2803,CAD
10007,2025-07-16,23.178,CAD
10007,2025-07-17,22.6735,CAD
10007,2025-07-18,22.2025,CAD
10007,2025-07-21,22.3831,CAD
10007,2025-07-22,22.2388,CAD
10007,2025-07-23,21.8533,CAD
10007,2025-07-24,21.7485,CAD
10007,2025-07-25,21.4076,CAD
10007,2025-07-28,22.0748,CAD
10007,2025-07-29,22.3328,CAD
10007,2025-07-30,22.4407,CAD
10007,2025-07-31,22.0857,CAD
10007,2025-08-01,21.7312,CAD
10007,2025-08-04,21.4213,CAD
10007,2025-08-05,21.8628,CAD
10007,2025-08-06,22.8087,CAD
10007,2025-08-07,23.0726,CAD
10007,2025-08-08,23.7463,CAD
10007,2025-08-11,24.1886,CAD
10007,2025-08-12,24.8058,CAD
10007,2025-08-13,25.431,CAD
10007,2025-08-14,25.0082,CAD
10007,2025-08-15,24.9723,CAD
10007,2025-08-18,25.4485,CAD
10007,2025-08-19,26.2776,CAD
10007,2025-08-20,25.5981,CAD
10007,2025-08-21,25.3943,CAD
10007,2025-08-22,26.6916,CAD
10007,2025-08-25,27.6098,CAD
10007,2025-08-26,27.786,CAD
10007,2025-08-27,28.1133,CAD
10007,2025-08-28,27.8704,CAD
10007,2025-08-29,27.7552,CAD
10007,2025-09-01,27.5605,CAD
10007,2025-09-02,26.4679,CAD
10007,2025-09-03,26.6055,CAD
10007,2025-09-04,26.7614,CAD
10007,2025-09-05,26.8913,CAD
10007,2025-09-08,26.9654,CAD
10007,2025-09-09,26.6886,CAD
10007,2025-09-10,27.1845,CAD
10007,2025-09-11,27.2986,CAD
10007,2025-09-12,26.6786,CAD
10007,2025-09-15,26.0999,CAD
10007,2025-09-16,24.6147,CAD
10007,2025-09-17,25.5818,CAD
10007,2025-09-18,25.6373,CAD
10007,2025-09-19,24.5635,CAD
10007,2025-09-22,24.4229,CAD
10007,2025-09-23,24.5177,CAD
10007,2025-09-24,24.9122,CAD
10007,2025-09-25,25.0889,CAD
10007,2025-09-26,24.8198,CAD
10007,2025-09-29,25.4216,CAD
10007,2025-09-30,24.6675,CAD
10007,2025-10-01,25.3084,CAD
10007,2025-10-02,25.0938,CAD
10007,2025-10-03,24.8985,CAD
10007,2025-10-06,25.2861,CAD
10007,2025-10-07,25.3809,CAD
10007,2025-10-08,24.8863,CAD
10007,2025-10-09,25.8728,CAD
10007,2025-10-10,26.7888,CAD
10007,2025-10-13,27.1335,CAD
10007,2025-10-14,27.3478,CAD
10007,2025-10-15,28.2459,CAD
10007,2025-10-16,27.5352,CAD
10007,2025-10-17,27.9326,CAD
10007,2025-10-20,27.1855,CAD
10007,2025-10-21,26.8447,CAD
10007,2025-10-22,27.1143,CAD
10007,2025-10-23,26.9403,CAD
10007,2025-10-24,26.2621,CAD
10007,2025-10-27,26.4049,CAD
10007,2025-10-28,26.0541,CAD
10007,2025-10-29,26.12,CAD
10007,2025-10-30,25.9267,CAD
10007,2025-10-31,25.533,CAD
10007,2025-11-03,25.1623,CAD
10007,2025-11-04,24.8061,CAD
10007,2025-11-05,25.3108,CAD
10007,2025-11-06,25.8318,CAD
10007,2025-11-07,26.278,CAD
10007,2025-11-10,25.5073,CAD
10007,2025-11-11,25.3766,CAD
10007,2025-11-12,24.9181,CAD
10007,2025-11-13,24.5612,CAD
10007,2025-11-14,24.7254,CAD
10007,2025-11-17,24.501,CAD
10007,2025-11-18,23.9587,CAD
10007,2025-11-19,23.2286,CAD
10007,2025-11-20,23.315,CAD
10007,2025-11-21,23.4621,CAD
10007,2025-11-24,23.1729,CAD
10007,2025-11-25,22.8949,CAD
10007,2025-11-26,22.8552,CAD
10007,2025-11-27,22.4235,CAD
10007,2025-11-28,21.9894,CAD
10007,2025-12-01,21.5146,CAD
10007,2025-12-02,21.5505,CAD
10007,2025-12-03,22.1039,CAD
10007,2025-12-04,22.2893,CAD
10007,2025-12-05,21.4025,CAD
10007,2025-12-08,21.2264,CAD
10007,2025-12-09,20.7704,CAD
10007,2025-12-10,20.7708,CAD
10007,2025-12-11,21.2476,CAD
10007,2025-12-12,21.4074,CAD
10007,2025-12-15,21.4279,CAD
10007,2025-12-16,20.9242,CAD
10007,2025-12-17,20.9336,CAD
10007,2025-12-18,21.3511,CAD
10007,2025-12-19,21.2106,CAD
10007,2025-12-22,21.3773,CAD
10007,2025-12-23,21.4461,CAD
10007,2025-12-24,21.0832,CAD
10007,2025-12-25,21.1348,CAD
10007,2025-12-26,21.6834,CAD
10007,2025-12-29,21.2377,CAD
10007,2025-12-30,20.641,CAD
10007,2025-12-31,20.5447,CAD
10008,2024-12-24,176.9694,USD
10008,2024-12-25,176.2469,USD
10008,2024-12-26,176.5706,USD
10008,2024-12-27,179.6773,USD
10008,2024-12-30,181.6284,USD
10008,2024-12-31,186.632,USD
10008,2025-01-01,187.7062,USD
10008,2025-01-02,194.4019,USD
10008,2025-01-03,194.428,USD
10008,2025-01-06,198.3903,USD
10008,2025-01-07,198.0524,USD
10008,2025-01-08,193.3352,USD
10008,2025-01-09,197.1675,USD
10008,2025-01-10,195.9027,USD
10008,2025-01-13,191.8803,USD
10008,2025-01-14,190.6199,USD
10008,2025-01-15,189.0474,USD
10008,2025-01-16,184.8276,USD
10008,2025-01-17,187.1655,USD
10008,2025-01-20,188.3323,USD
10008,2025-01-21,187.4804,USD
10008,2025-01-22,188.3759,USD
10008,2025-01-23,182.6442,USD
10008,2025-01-24,178.4857,USD
10008,2025-01-27,175.0361,USD
10008,2025-01-28,176.8254,USD
10008,2025-01-29,181.7998,USD
10008,2025-01-30,179.6365,USD
10008,2025-01-31,179.0,USD
10008,2025-02-03,178.549,USD
10008,2025-02-04,178.1768,USD
10008,2025-02-05,176.6971,USD
10008,2025-02-06,176.9396,USD
10008,2025-02-07,175.7393,USD
10008,2025-02-10,172.646,USD
10008,2025-02-11,174.1375,USD
10008,2025-02-12,174.5437,USD
10008,2025-02-13,176.0615,USD
10008,2025-02-14,180.4698,USD
10008,2025-02-17,179.4292,USD
10008,2025-02-18,176.5284,USD
10008,2025-02-19,175.4786,USD
10008,2025-02-20,175.4723,USD
10008,2025-02-21,176.8436,USD
10008,2025-02-24,176.8859,USD
10008,2025-02-25,171.2301,USD
10008,2025-02-26,174.4991,USD
10008,2025-02-27,174.3672,USD
10008,2025-02-28,177.3629,USD
10008,2025-03-03,174.8525,USD
10008,2025-03-04,177.3835,USD
10008,2025-03-05,180.8055,USD
10008,2025-03-06,181.7618,USD
10008,2025-03-07,172.1542,USD
10008,2025-03-10,172.0172,USD
10008,2025-03-11,173.6133,USD
10008,2025-03-12,170.8485,USD
10008,2025-03-13,173.2175,USD
10008,2025-03-14,175.0112,USD
10008,2025-03-17,174.6805,USD
10008,2025-03-18,170.8236,USD
10008,2025-03-19,171.9068,USD
10008,2025-03-20,169.8436,USD
10008,2025-03-21,171.1984,USD
10008,2025-03-24,170.0013,USD
10008,2025-03-25,169.5892,USD
10008,2025-03-26,165.9968,USD
10008,2025-03-27,167.1288,USD
10008,2025-03-28,164.7148,USD
10008,2025-03-31,162.7217,USD
10008,2025-04-01,159.3083,USD
10008,2025-04-02,157.4581,USD
10008,2025-04-03,157.3074,USD
10008,2025-04-04,159.1722,USD
10008,2025-04-07,160.665,USD
10008,2025-04-08,159.4781,USD
10008,2025-04-09,160.2515,USD
10008,2025-04-10,160.5747,USD
10008,2025-04-11,158.3582,USD
10008,2025-04-14,155.5174,USD
10008,2025-04-15,156.8767,USD
10008,2025-04-16,157.9258,USD
10008,2025-04-17,159.0597,USD
10008,2025-04-18,162.0306,USD
10008,2025-04-21,161.8717,USD
10008,2025-04-22,160.8675,USD
10008,2025-04-23,159.9821,USD
10008,2025-04-24,158.6293,USD
10008,2025-04-25,160.5779,USD
10008,2025-04-28,164.1711,USD
10008,2025-04-29,162.1192,USD
10008,2025-04-30,162.203,USD
10008,2025-05-01,161.0905,USD
10008,2025-05-02,162.525,USD
10008,2025-05-05,165.7892,USD
10008,2025-05-06,173.2629,USD
10008,2025-05-07,174.9487,USD
10008,2025-05-08,175.7554,USD
10008,2025-05-09,172.0588,USD
10008,2025-05-12,172.0608,USD
10008,2025-05-13,174.5466,USD
10008,2025-05-14,177.577,USD
10008,2025-05-15,177.7659,USD
10008,2025-05-16,177.1463,USD
10008,2025-05-19,175.853,USD
10008,2025-05-20,175.1883,USD
10008,2025-05-21,168.5423,USD
10008,2025-05-22,166.692,USD
10008,2025-05-23,168.8646,USD
10008,2025-05-26,166.2769,USD
10008,2025-05-27,168.7529,USD
10008,2025-05-28,171.0909,USD
10008,2025-05-29,172.2541,USD
10008,2025-05-30,171.4391,USD
10008,2025-06-02,173.505,USD
10008,2025-06-03,169.7741,USD
10008,2025-06-04,168.5918,USD
10008,2025-06-05,165.977,USD
10008,2025-06-06,166.5021,USD
10008,2025-06-09,170.4809,USD
10008,2025-06-10,176.223,USD
10008,2025-06-11,176.8296,USD
10008,2025-06-12,177.6401,USD
10008,2025-06-13,179.7991,USD
10008,2025-06-16,181.9755,USD
10008,2025-06-17,177.3376,USD
10008,2025-06-18,183.9256,USD
10008,2025-06-19,180.0855,USD
10008,2025-06-20,179.5628,USD
10008,2025-06-23,177.3051,USD
10008,2025-06-24,176.7858,USD
10008,2025-06-25,177.5317,USD
10008,2025-06-26,183.9515,USD
10008,2025-06-27,187.9955,USD
10008,2025-06-30,185.5198,USD
10008,2025-07-01,186.9778,USD
10008,2025-07-02,186.7197,USD
10008,2025-07-03,187.6485,USD
10008,2025-07-04,193.8783,USD
10008,2025-07-07,198.0365,USD
10008,2025-07-08,197.9272,USD
10008,2025-07-09,194.7668,USD
10008,2025-07-10,196.9443,USD
10008,2025-07-11,197.0436,USD
10008,2025-07-14,193.2469,USD
10008,2025-07-15,192.681,USD
10008,2025-07-16,199.1804,USD
10008,2025-07-17,200.2611,USD
10008,2025-07-18,199.5793,USD
10008,2025-07-21,196.4303,USD
10008,2025-07-22,199.78,USD
10008,2025-07-23,201.5583,USD
10008,2025-07-24,195.8052,USD
10008,2025-07-25,198.1943,USD
10008,2025-07-28,199.7647,USD
10008,2025-07-29,196.5334,USD
10008,2025-07-30,192.3642,USD
10008,2025-07-31,190.0096,USD
10008,2025-08-01,183.6865,USD
10008,2025-08-04,185.2828,USD
10008,2025-08-05,185.7982,USD
10008,2025-08-06,186.566,USD
10008,2025-08-07,188.2655,USD
10008,2025-08-08,186.9148,USD
10008,2025-08-11,190.3539,USD
10008,2025-08-12,189.9786,USD
10008,2025-08-13,186.6313,USD
10008,2025-08-14,188.4564,USD
10008,2025-08-15,190.4418,USD
10008,2025-08-18,191.8697,USD
10008,2025-08-19,192.1882,USD
10008,2025-08-20,200.0232,USD
10008,2025-08-21,198.7264,USD
10008,2025-08-22,197.6617,USD
10008,2025-08-25,198.8467,USD
10008,2025-08-26,199.9433,USD
10008,2025-08-27,199.7479,USD
10008,2025-08-28,203.6243,USD
10008,2025-08-29,199.7866,USD
10008,2025-09-01,204.3212,USD
10008,2025-09-02,208.4655,USD
10008,2025-09-03,213.1348,USD
10008,2025-09-04,209.7961,USD
10008,2025-09-05,207.8193,USD
10008,2025-09-08,209.4492,USD
10008,2025-09-09,209.7155,USD
10008,2025-09-10,204.3477,USD
10008,2025-09-11,206.105,USD
10008,2025-09-12,202.5134,USD
10008,2025-09-15,204.6265,USD
10008,2025-09-16,199.9812,USD
10008,2025-09-17,199.7436,USD
10008,2025-09-18,200.9353,USD
10008,2025-09-19,198.2671,USD
10008,2025-09-22,195.6895,USD
10008,2025-09-23,194.862,USD
10008,2025-09-24,197.6058,USD
10008,2025-09-25,190.4006,USD
10008,2025-09-26,192.0411,USD
10008,2025-09-29,198.9921,USD
10008,2025-09-30,203.4304,USD
10008,2025-10-01,199.7076,USD
10008,2025-10-02,204.7247,USD
10008,2025-10-03,210.0183,USD
10008,2025-10-06,207.8908,USD
10008,2025-10-07,206.6015,USD
10008,2025-10-08,203.1859,USD
10008,2025-10-09,202.4009,USD
10008,2025-10-10,202.8721,USD
10008,2025-10-13,203.2863,USD
10008,2025-10-14,199.0815,USD
10008,2025-10-15,203.6403,USD
10008,2025-10-16,197.4749,USD
10008,2025-10-17,197.814,USD
10008,2025-10-20,206.6712,USD
10008,2025-10-21,198.2884,USD
10008,2025-10-22,198.9675,USD
10008,2025-10-23,196.9238,USD
10008,2025-10-24,193.4713,USD
10008,2025-10-27,191.2249,USD
10008,2025-10-28,195.8273,USD
10008,2025-10-29,199.2545,USD
10008,2025-10-30,210.6775,USD
10008,2025-10-31,211.138,USD
10008,2025-11-03,209.5183,USD
10008,2025-11-04,212.5953,USD
10008,2025-11-05,209.3564,USD
10008,2025-11-06,203.2242,USD
10008,2025-11-07,200.0197,USD
10008,2025-11-10,198.5631,USD
10008,2025-11-11,202.3319,USD
10008,2025-11-12,199.4465,USD
10008,2025-11-13,194.6882,USD
10008,2025-11-14,193.0936,USD
10008,2025-11-17,202.9724,USD
10008,2025-11-18,208.3516,USD
10008,2025-11-19,212.4306,USD
10008,2025-11-20,213.9528,USD
10008,2025-11-21,213.7781,USD
10008,2025-11-24,212.3472,USD
10008,2025-11-25,213.2881,USD
10008,2025-11-26,217.5507,USD
10008,2025-11-27,215.1289,USD
10008,2025-11-28,218.8682,USD
10008,2025-12-01,219.837,USD
10008,2025-12-02,224.3905,USD
10008,2025-12-03,223.5873,USD
10008,2025-12-04,221.723,USD
10008,2025-12-05,210.8065,USD
10008,2025-12-08,212.0858,USD
10008,2025-12-09,219.8417,USD
10008,2025-12-10,226.2567,USD
10008,2025-12-11,228.1318,USD
10008,2025-12-12,230.3598,USD
10008,2025-12-15,233.7844,USD
10008,2025-12-16,229.3675,USD
10008,2025-12-17,229.4352,USD
10008,2025-12-18,230.6035,USD
10008,2025-12-19,225.2208,USD
10008,2025-12-22,233.0671,USD
10008,2025-12-23,233.0935,USD
10008,2025-12-24,242.3116,USD
10008,2025-12-25,240.2898,USD
10008,2025-12-26,235.6924,USD
10008,2025-12-29,237.2367,USD
10008,2025-12-30,233.8953,USD
10008,2025-12-31,235.065,USD
10009,2024-12-24,43.0816,EUR
10009,2024-12-25,43.5718,EUR
10009,2024-12-26,42.2567,EUR
10009,2024-12-27,42.6922,EUR
10009,2024-12-30,43.0268,EUR
10009,2024-12-31,43.4501,EUR
10009,2025-01-01,42.4822,EUR
10009,2025-01-02,42.4128,EUR
10009,2025-01-03,42.2869,EUR
10009,2025-01-06,41.3136,EUR
10009,2025-01-07,40.8283,EUR
10009,2025-01-08,39.7714,EUR
10009,2025-01-09,40.0644,EUR
10009,2025-01-10,40.0168,EUR
10009,2025-01-13,40.5933,EUR
10009,2025-01-14,41.3475,EUR
10009,2025-01-15,40.9197,EUR
10009,2025-01-16,40.6268,EUR
10009,2025-01-17,40.5901,EUR
10009,2025-01-20,40.6497,EUR
10009,2025-01-21,40.4584,EUR
10009,2025-01-22,39.8226,EUR
10009,2025-01-23,39.3392,EUR
10009,2025-01-24,38.9976,EUR
10009,2025-01-27,39.4976,EUR
10009,2025-01-28,39.6276,EUR
10009,2025-01-29,39.4878,EUR
10009,2025-01-30,40.1958,EUR
10009,2025-01-31,39.7002,EUR
10009,2025-02-03,40.8161,EUR
10009,2025-02-04,40.091,EUR
10009,2025-02-05,40.5491,EUR
10009,2025-02-06,40.4605,EUR
10009,2025-02-07,40.1991,EUR
10009,2025-02-10,40.4073,EUR
10009,2025-02-11,40.1689,EUR
10009,2025-02-12,40.1323,EUR
10009,2025-02-13,40.1836,EUR
10009,2025-02-14,40.1711,EUR
10009,2025-02-17,40.3569,EUR
10009,2025-02-18,39.4789,EUR
10009,2025-02-19,37.687,EUR
10009,2025-02-20,37.2043,EUR
10009,2025-02-21,37.0658,EUR
10009,2025-02-24,35.9105,EUR
10009,2025-02-25,36.4418,EUR
10009,2025-02-26,36.6867,EUR
10009,2025-02-27,37.2615,EUR
10009,2025-02-28,37.1284,EUR
10009,2025-03-03,37.8595,EUR
10009,2025-03-04,35.8497,EUR
10009,2025-03-05,36.5537,EUR
10009,2025-03-06,35.9183,EUR
10009,2025-03-07,35.7142,EUR
10009,2025-03-10,35.579,EUR
10009,2025-03-11,35.9541,EUR
10009,2025-03-12,36.7175,EUR
10009,2025-03-13,36.4075,EUR
10009,2025-03-14,36.0698,EUR
10009,2025-03-17,35.3448,EUR
10009,2025-03-18,35.767,EUR
10009,2025-03-19,36.2497,EUR
10009,2025-03-20,36.8367,EUR
10009,2025-03-21,36.3766,EUR
10009,2025-03-24,36.477,EUR
10009,2025-03-25,37.6212,EUR
10009,2025-03-26,37.221,EUR
10009,2025-03-27,37.3132,EUR
10009,2025-03-28,37.1838,EUR
10009,2025-03-31,35.9939,EUR
10009,2025-04-01,36.1877,EUR
10009,2025-04-02,35.6898,EUR
10009,2025-04-03,35.0788,EUR
10009,2025-04-04,34.7185,EUR
10009,2025-04-07,35.3857,EUR
10009,2025-04-08,35.5852,EUR
10009,2025-04-09,35.95,EUR
10009,2025-04-10,35.6762,EUR
10009,2025-04-11,34.1044,EUR
10009,2025-04-14,34.8718,EUR
10009,2025-04-15,33.5723,EUR
10009,2025-04-16,32.4348,EUR
10009,2025-04-17,31.7345,EUR
10009,2025-04-18,31.7506,EUR
10009,2025-04-21,31.7923,EUR
10009,2025-04-22,32.3522,EUR
10009,2025-04-23,31.1897,EUR
10009,2025-04-24,31.4262,EUR
10009,2025-04-25,31.9091,EUR
10009,2025-04-28,31.8186,EUR
10009,2025-04-29,31.5773,EUR
10009,2025-04-30,32.0238,EUR
10009,2025-05-01,31.0953,EUR
10009,2025-05-02,31.5885,EUR
10009,2025-05-05,32.2572,EUR
10009,2025-05-06,31.6392,EUR
10009,2025-05-07,31.2015,EUR
10009,2025-05-08,31.544,EUR
10009,2025-05-09,31.3025,EUR
10009,2025-05-12,31.7914,EUR
10009,2025-05-13,30.3295,EUR
10009,2025-05-14,31.5594,EUR
10009,2025-05-15,32.1713,EUR
10009,2025-05-16,30.8308,EUR
10009,2025-05-19,30.2246,EUR
10009,2025-05-20,30.1846,EUR
10009,2025-05-21,30.4034,EUR
10009,2025-05-22,29.9258,EUR
10009,2025-05-23,29.7722,EUR
10009,2025-05-26,30.3454,EUR
10009,2025-05-27,29.8507,EUR
10009,2025-05-28,29.7739,EUR
10009,2025-05-29,29.0643,EUR
10009,2025-05-30,28.3913,EUR
10009,2025-06-02,29.1656,EUR
10009,2025-06-03,28.7892,EUR
10009,2025-06-04,28.082,EUR
10009,2025-06-05,28.0953,EUR
10009,2025-06-06,28.024,EUR
10009,2025-06-09,27.904,EUR
10009,2025-06-10,28.1457,EUR
10009,2025-06-11,29.3313,EUR
10009,2025-06-12,30.1775,EUR
10009,2025-06-13,30.0686,EUR
10009,2025-06-16,30.6855,EUR
10009,2025-06-17,30.1296,EUR
10009,2025-06-18,29.8177,EUR
10009,2025-06-19,29.601,EUR
10009,2025-06-20,30.1176,EUR
10009,2025-06-23,30.125,EUR
10009,2025-06-24,30.4528,EUR
10009,2025-06-25,30.3053,EUR
10009,2025-06-26,30.981,EUR
10009,2025-06-27,31.1796,EUR
10009,2025-06-30,31.0227,EUR
10009,2025-07-01,30.4622,EUR
10009,2025-07-02,30.7551,EUR
10009,2025-07-03,31.6829,EUR
10009,2025-07-04,31.7444,EUR
10009,2025-07-07,31.4934,EUR
10009,2025-07-08,31.7526,EUR
10009,2025-07-09,31.4742,EUR
10009,2025-07-10,32.5533,EUR
10009,2025-07-11,31.6986,EUR
10009,2025-07-14,32.117,EUR
10009,2025-07-15,31.2803,EUR
10009,2025-07-16,30.5583,EUR
10009,2025-07-17,30.7157,EUR
10009,2025-07-18,30.6136,EUR
10009,2025-07-21,30.3102,EUR
10009,2025-07-22,29.8161,EUR
10009,2025-07-23,30.4436,EUR
10009,2025-07-24,30.06,EUR
10009,2025-07-25,30.0903,EUR
10009,2025-07-28,29.8907,EUR
10009,2025-07-29,30.6645,EUR
10009,2025-07-30,29.8187,EUR
10009,2025-07-31,29.8446,EUR
10009,2025-08-01,29.1019,EUR
10009,2025-08-04,28.8439,EUR
10009,2025-08-05,28.9017,EUR
10009,2025-08-06,29.0193,EUR
10009,2025-08-07,29.2799,EUR
10009,2025-08-08,29.122,EUR
10009,2025-08-11,29.4065,EUR
10009,2025-08-12,29.0124,EUR
10009,2025-08-13,29.1737,EUR
10009,2025-08-14,29.4296,EUR
10009,2025-08-15,29.4487,EUR
10009,2025-08-18,28.447,EUR
10009,2025-08-19,28.1871,EUR
10009,2025-08-20,29.0279,EUR
10009,2025-08-21,29.6404,EUR
10009,2025-08-22,29.6971,EUR
10009,2025-08-25,30.0279,EUR
10009,2025-08-26,30.3231,EUR
10009,2025-08-27,31.9815,EUR
10009,2025-08-28,31.5946,EUR
10009,2025-08-29,31.3085,EUR
10009,2025-09-01,30.9894,EUR
10009,2025-09-02,30.7648,EUR
10009,2025-09-03,30.5021,EUR
10009,2025-09-04,30.0329,EUR
10009,2025-09-05,30.1848,EUR
10009,2025-09-08,30.3409,EUR
10009,2025-09-09,29.5422,EUR
10009,2025-09-10,29.4542,EUR
10009,2025-09-11,29.3887,EUR
10009,2025-09-12,28.8204,EUR
10009,2025-09-15,29.258,EUR
10009,2025-09-16,29.2524,EUR
10009,2025-09-17,29.9294,EUR
10009,2025-09-18,29.8013,EUR
10009,2025-09-19,29.8193,EUR
10009,2025-09-22,28.8319,EUR
10009,2025-09-23,29.4416,EUR
10009,2025-09-24,29.4064,EUR
10009,2025-09-25,29.1527,EUR
10009,2025-09-26,29.0245,EUR
10009,2025-09-29,29.5008,EUR
10009,2025-09-30,30.2926,EUR
10009,2025-10-01,31.3978,EUR
10009,2025-10-02,31.337,EUR
10009,2025-10-03,30.9036,EUR
10009,2025-10-06,30.1368,EUR
10009,2025-10-07,30.5899,EUR
10009,2025-10-08,31.3195,EUR
10009,2025-10-09,30.4295,EUR
10009,2025-10-10,30.8616,EUR
10009,2025-10-13,31.2882,EUR
10009,2025-10-14,31.5015,EUR
10009,2025-10-15,32.7239,EUR
10009,2025-10-16,33.1673,EUR
10009,2025-10-17,33.1336,EUR
10009,2025-10-20,32.6702,EUR
10009,2025-10-21,32.4785,EUR
10009,2025-10-22,32.7606,EUR
10009,2025-10-23,33.9193,EUR
10009,2025-10-24,34.1591,EUR
10009,2025-10-27,34.2576,EUR
10009,2025-10-28,33.9276,EUR
10009,2025-10-29,33.5375,EUR
10009,2025-10-30,33.85,EUR
10009,2025-10-31,33.4788,EUR
10009,2025-11-03,33.2007,EUR
10009,2025-11-04,33.0203,EUR
10009,2025-11-05,32.805,EUR
10009,2025-11-06,31.5264,EUR
10009,2025-11-07,32.0756,EUR
10009,2025-11-10,30.9396,EUR
10009,2025-11-11,30.7969,EUR
10009,2025-11-12,30.8617,EUR
10009,2025-11-13,30.7324,EUR
10009,2025-11-14,30.8069,EUR
10009,2025-11-17,30.9594,EUR
10009,2025-11-18,30.8251,EUR
10009,2025-11-19,31.2686,EUR
10009,2025-11-20,30.3936,EUR
10009,2025-11-21,30.0178,EUR
10009,2025-11-24,29.8977,EUR
10009,2025-11-25,31.1852,EUR
10009,2025-11-26,32.0248,EUR
10009,2025-11-27,32.2137,EUR
10009,2025-11-28,32.0575,EUR
10009,2025-12-01,32.7968,EUR
10009,2025-12-02,32.3246,EUR
10009,2025-12-03,33.8584,EUR
10009,2025-12-04,32.81,EUR
10009,2025-12-05,33.1183,EUR
10009,2025-12-08,33.3809,EUR
10009,2025-12-09,34.1019,EUR
10009,2025-12-10,34.0166,EUR
10009,2025-12-11,34.3254,EUR
10009,2025-12-12,34.9298,EUR
10009,2025-12-15,35.3897,EUR
10009,2025-12-16,35.6724,EUR
10009,2025-12-17,35.9413,EUR
10009,2025-12-18,35.1764,EUR
10009,2025-12-19,34.8992,EUR
10009,2025-12-22,36.4665,EUR
10009,2025-12-23,38.0128,EUR
10009,2025-12-24,37.3996,EUR
10009,2025-12-25,37.3268,EUR
10009,2025-12-26,37.4899,EUR
10009,2025-12-29,38.1262,EUR
10009,2025-12-30,37.44,EUR
10009,2025-12-31,37.9439,EUR
10010,2024-12-24,223.2173,CAD
10010,2024-12-25,224.8962,CAD
10010,2024-12-26,222.7509,CAD
10010,2024-12-27,221.3941,CAD
10010,2024-12-30,222.8022,CAD
10010,2024-12-31,221.1463,CAD
10010,2025-01-01,222.5016,CAD
10010,2025-01-02,223.2372,CAD
10010,2025-01-03,223.7957,CAD
10010,2025-01-06,219.9733,CAD
10010,2025-01-07,217.3988,CAD
10010,2025-01-08,215.8348,CAD
10010,2025-01-09,213.1824,CAD
10010,2025-01-10,212.8968,CAD
10010,2025-01-13,214.9586,CAD
10010,2025-01-14,212.2994,CAD
10010,2025-01-15,210.1969,CAD
10010,2025-01-16,213.1511,CAD
10010,2025-01-17,213.1834,CAD
10010,2025-01-20,217.7971,CAD
10010,2025-01-21,219.0237,CAD
10010,2025-01-22,218.3887,CAD
10010,2025-01-23,215.4376,CAD
10010,2025-01-24,217.0837,CAD
10010,2025-01-27,215.4214,CAD
10010,2025-01-28,216.9418,CAD
10010,2025-01-29,217.1128,CAD
10010,2025-01-30,220.034,CAD
10010,2025-01-31,222.0159,CAD
10010,2025-02-03,220.8542,CAD
10010,2025-02-04,218.4897,CAD
10010,2025-02-05,220.0273,CAD
10010,2025-02-06,226.3015,CAD
10010,2025-02-07,227.7236,CAD
10010,2025-02-10,222.3075,CAD
10010,2025-02-11,223.5739,CAD
10010,2025-02-12,227.1492,CAD
10010,2025-02-13,225.3561,CAD
10010,2025-02-14,228.3949,CAD
10010,2025-02-17,229.9101,CAD
10010,2025-02-18,235.7393,CAD
10010,2025-02-19,236.9036,CAD
10010,2025-02-20,235.8768,CAD
10010,2025-02-21,234.471,CAD
10010,2025-02-24,236.929,CAD
10010,2025-02-25,238.112,CAD
10010,2025-02-26,235.2623,CAD
10010,2025-02-27,231.5926,CAD
10010,2025-02-28,231.7575,CAD
10010,2025-03-03,230.9682,CAD
10010,2025-03-04,228.7995,CAD
10010,2025-03-05,230.0297,CAD
10010,2025-03-06,230.1396,CAD
10010,2025-03-07,231.4933,CAD
10010,2025-03-10,232.3974,CAD
10010,2025-03-11,232.7146,CAD
10010,2025-03-12,229.2067,CAD
10010,2025-03-13,230.2579,CAD
10010,2025-03-14,231.3234,CAD
10010,2025-03-17,231.1338,CAD
10010,2025-03-18,225.721,CAD
10010,2025-03-19,228.1957,CAD
10010,2025-03-20,227.8008,CAD
10010,2025-03-21,228.7119,CAD
10010,2025-03-24,227.8483,CAD
10010,2025-03-25,226.8964,CAD
10010,2025-03-26,229.0679,CAD
10010,2025-03-27,226.6842,CAD
10010,2025-03-28,225.9817,CAD
10010,2025-03-31,223.8393,CAD
10010,2025-04-01,222.9161,CAD
10010,2025-04-02,224.0101,CAD
10010,2025-04-03,223.0111,CAD
10010,2025-04-04,224.198,CAD
10010,2025-04-07,223.5058,CAD
10010,2025-04-08,226.144,CAD
10010,2025-04-09,223.4572,CAD
10010,2025-04-10,222.3159,CAD
10010,2025-04-11,226.067,CAD
10010,2025-04-14,224.4777,CAD
10010,2025-04-15,224.551,CAD
10010,2025-04-16,222.0643,CAD
10010,2025-04-17,225.5081,CAD
10010,2025-04-18,225.1607,CAD
10010,2025-04-21,223.4738,CAD
10010,2025-04-22,223.6016,CAD
10010,2025-04-23,221.7985,CAD
10010,2025-04-24,223.0988,CAD
10010,2025-04-25,221.2111,CAD
10010,2025-04-28,220.5119,CAD
10010,2025-04-29,221.5733,CAD
10010,2025-04-30,222.3982,CAD
10010,2025-05-01,221.604,CAD
10010,2025-05-02,222.8692,CAD
10010,2025-05-05,224.4725,CAD
10010,2025-05-06,228.7006,CAD
10010,2025-05-07,229.4267,CAD
10010,2025-05-08,227.7372,CAD
10010,2025-05-09,225.5474,CAD
10010,2025-05-12,226.1239,CAD
10010,2025-05-13,225.5599,CAD
10010,2025-05-14,222.2376,CAD
10010,2025-05-15,223.8932,CAD
10010,2025-05-16,220.0024,CAD
10010,2025-05-19,217.868,CAD
10010,2025-05-20,217.1838,CAD
10010,2025-05-21,221.4133,CAD
10010,2025-05-22,221.2625,CAD
10010,2025-05-23,219.5004,CAD
10010,2025-05-26,220.7574,CAD
10010,2025-05-27,217.8159,CAD
10010,2025-05-28,218.8729,CAD
10010,2025-05-29,216.477,CAD
10010,2025-05-30,215.5634,CAD
10010,2025-06-02,215.226,CAD
10010,2025-06-03,213.5556,CAD
10010,2025-06-04,215.4811,CAD
10010,2025-06-05,213.4702,CAD
10010,2025-06-06,210.7347,CAD
10010,2025-06-09,208.86,CAD
10010,2025-06-10,212.4162,CAD
10010,2025-06-11,215.3088,CAD
10010,2025-06-12,215.1212,CAD
10010,2025-06-13,213.9108,CAD
10010,2025-06-16,212.4816,CAD
10010,2025-06-17,213.8965,CAD
10010,2025-06-18,214.9098,CAD
10010,2025-06-19,212.7627,CAD
10010,2025-06-20,213.0952,CAD
10010,2025-06-23,213.4565,CAD
10010,2025-06-24,216.533,CAD
10010,2025-06-25,217.0895,CAD
10010,2025-06-26,218.1387,CAD
10010,2025-06-27,219.7542,CAD
10010,2025-06-30,217.7314,CAD
10010,2025-07-01,219.5441,CAD
10010,2025-07-02,218.7528,CAD
10010,2025-07-03,220.4557,CAD
10010,2025-07-04,216.614,CAD
10010,2025-07-07,214.3537,CAD
10010,2025-07-08,216.9505,CAD
10010,2025-07-09,220.2818,CAD
10010,2025-07-10,218.7168,CAD
10010,2025-07-11,214.2722,CAD
10010,2025-07-14,213.5685,CAD
10010,2025-07-15,213.9309,CAD
10010,2025-07-16,215.8948,CAD
10010,2025-07-17,216.8343,CAD
10010,2025-07-18,213.9293,CAD
10010,2025-07-21,214.4703,CAD
10010,2025-07-22,217.8665,CAD
10010,2025-07-23,216.1844,CAD
10010,2025-07-24,217.4596,CAD
10010,2025-07-25,215.8546,CAD
10010,2025-07-28,215.9149,CAD
10010,2025-07-29,216.2963,CAD
10010,2025-07-30,217.5632,CAD
10010,2025-07-31,217.4932,CAD
10010,2025-08-01,219.6653,CAD
10010,2025-08-04,221.1282,CAD
10010,2025-08-05,218.6017,CAD
10010,2025-08-06,217.2566,CAD
10010,2025-08-07,217.1151,CAD
10010,2025-08-08,216.3988,CAD
10010,2025-08-11,214.849,CAD
10010,2025-08-12,213.0413,CAD
10010,2025-08-13,215.7924,CAD
10010,2025-08-14,208.8084,CAD
10010,2025-08-15,213.3227,CAD
10010,2025-08-18,212.4971,CAD
10010,2025-08-19,212.7174,CAD
10010,2025-08-20,217.4314,CAD
10010,2025-08-21,219.6939,CAD
10010,2025-08-22,222.0132,CAD
10010,2025-08-25,221.2702,CAD
10010,2025-08-26,222.0221,CAD
10010,2025-08-27,220.4336,CAD
10010,2025-08-28,221.9004,CAD
10010,2025-08-29,221.2835,CAD
10010,2025-09-01,220.3236,CAD
10010,2025-09-02,222.9774,CAD
10010,2025-09-03,227.0655,CAD
10010,2025-09-04,226.6146,CAD
10010,2025-09-05,228.1976,CAD
10010,2025-09-08,224.1783,CAD
10010,2025-09-09,223.2156,CAD
10010,2025-09-10,221.0181,CAD
10010,2025-09-11,221.9951,CAD
10010,2025-09-12,222.5946,CAD
10010,2025-09-15,225.7649,CAD
10010,2025-09-16,225.2796,CAD
10010,2025-09-17,226.9168,CAD
10010,2025-09-18,226.7611,CAD
10010,2025-09-19,225.5374,CAD
10010,2025-09-22,222.1157,CAD
10010,2025-09-23,221.4128,CAD
10010,2025-09-24,220.3047,CAD
10010,2025-09-25,223.2037,CAD
10010,2025-09-26,225.3407,CAD
10010,2025-09-29,224.7063,CAD
10010,2025-09-30,224.0542,CAD
10010,2025-10-01,225.3018,CAD
10010,2025-10-02,223.4303,CAD
10010,2025-10-03,221.5615,CAD
10010,2025-10-06,219.3996,CAD
10010,2025-10-07,218.0478,CAD
10010,2025-10-08,217.5339,CAD
10010,2025-10-09,214.7868,CAD
10010,2025-10-10,215.4079,CAD
10010,2025-10-13,218.5098,CAD
10010,2025-10-14,219.1015,CAD
10010,2025-10-15,217.8967,CAD
10010,2025-10-16,218.8532,CAD
10010,2025-10-17,217.6203,CAD
10010,2025-10-20,216.367,CAD
10010,2025-10-21,216.0343,CAD
10010,2025-10-22,217.4541,CAD
10010,2025-10-23,217.5496,CAD
10010,2025-10-24,216.3128,CAD
10010,2025-10-27,222.1495,CAD
10010,2025-10-28,219.4157,CAD
10010,2025-10-29,218.1885,CAD
10010,2025-10-30,213.6162,CAD
10010,2025-10-31,213.918,CAD
10010,2025-11-03,213.6848,CAD
10010,2025-11-04,213.5881,CAD
10010,2025-11-05,212.4398,CAD
10010,2025-11-06,213.9549,CAD
10010,2025-11-07,212.7294,CAD
10010,2025-11-10,213.4014,CAD
10010,2025-11-11,213.2405,CAD
10010,2025-11-12,214.936,CAD
10010,2025-11-13,213.8555,CAD
10010,2025-11-14,213.5899,CAD
10010,2025-11-17,211.1882,CAD
10010,2025-11-18,210.5655,CAD
10010,2025-11-19,206.999,CAD
10010,2025-11-20,205.2635,CAD
10010,2025-11-21,207.7574,CAD
10010,2025-11-24,209.4087,CAD
10010,2025-11-25,210.897,CAD
10010,2025-11-26,211.7585,CAD
10010,2025-11-27,211.2266,CAD
10010,2025-11-28,209.3009,CAD
10010,2025-12-01,211.5097,CAD
10010,2025-12-02,212.5351,CAD
10010,2025-12-03,214.4562,CAD
10010,2025-12-04,215.614,CAD
10010,2025-12-05,215.6277,CAD
10010,2025-12-08,216.162,CAD
10010,2025-12-09,214.4645,CAD
10010,2025-12-10,214.8057,CAD
10010,2025-12-11,216.5251,CAD
10010,2025-12-12,216.8103,CAD
10010,2025-12-15,217.1335,CAD
10010,2025-12-16,214.4566,CAD
10010,2025-12-17,212.9767,CAD
10010,2025-12-18,212.2702,CAD
10010,2025-12-19,209.2197,CAD
10010,2025-12-22,211.6708,CAD
10010,2025-12-23,212.1125,CAD
10010,2025-12-24,213.1423,CAD
10010,2025-12-25,212.28,CAD
10010,2025-12-26,212.5895,CAD
10010,2025-12-29,214.9509,CAD
10010,2025-12-30,216.0162,CAD
10010,2025-12-31,221.5305,CAD
10011,2024-12-24,226.0492,USD
10011,2024-12-25,229.4746,USD
10011,2024-12-26,228.0894,USD
10011,2024-12-27,229.6889,USD
10011,2024-12-30,227.7682,USD
10011,2024-12-31,228.9559,USD
10011,2025-01-01,235.4748,USD
10011,2025-01-02,229.1657,USD
10011,2025-01-03,228.4256,USD
10011,2025-01-06,226.4385,USD
10011,2025-01-07,219.7425,USD
10011,2025-01-08,221.4513,USD
10011,2025-01-09,222.3399,USD
10011,2025-01-10,224.6473,USD
10011,2025-01-13,228.6528,USD
10011,2025-01-14,230.1079,USD
10011,2025-01-15,233.6672,USD
10011,2025-01-16,236.3899,USD
10011,2025-01-17,235.0535,USD
10011,2025-01-20,234.878,USD
10011,2025-01-21,228.5845,USD
10011,2025-01-22,236.2155,USD
10011,2025-01-23,237.4968,USD
10011,2025-01-24,229.4153,USD
10011,2025-01-27,233.0887,USD
10011,2025-01-28,227.5381,USD
10011,2025-01-29,228.5457,USD
10011,2025-01-30,227.1381,USD
10011,2025-01-31,228.7892,USD
10011,2025-02-03,230.375,USD
10011,2025-02-04,228.8406,USD
10011,2025-02-05,228.1657,USD
10011,2025-02-06,228.4135,USD
10011,2025-02-07,227.965,USD
10011,2025-02-10,229.1573,USD
10011,2025-02-11,230.4951,USD
10011,2025-02-12,231.1719,USD
10011,2025-02-13,228.4989,USD
10011,2025-02-14,236.2241,USD
10011,2025-02-17,230.0375,USD
10011,2025-02-18,232.0345,USD
10011,2025-02-19,225.3865,USD
10011,2025-02-20,227.9597,USD
10011,2025-02-21,226.6299,USD
10011,2025-02-24,224.9005,USD
10011,2025-02-25,222.1823,USD
10011,2025-02-26,227.4593,USD
10011,2025-02-27,225.9562,USD
10011,2025-02-28,223.5417,USD
10011,2025-03-03,218.9904,USD
10011,2025-03-04,217.6006,USD
10011,2025-03-05,220.3659,USD
10011,2025-03-06,220.3707,USD
10011,2025-03-07,220.6266,USD
10011,2025-03-10,215.9204,USD
10011,2025-03-11,211.7946,USD
10011,2025-03-12,218.5096,USD
10011,2025-03-13,212.3394,USD
10011,2025-03-14,211.9913,USD
10011,2025-03-17,209.9219,USD
10011,2025-03-18,206.5341,USD
10011,2025-03-19,205.2641,USD
10011,2025-03-20,205.203,USD
10011,2025-03-21,199.3004,USD
10011,2025-03-24,200.3551,USD
10011,2025-03-25,204.1407,USD
10011,2025-03-26,204.3667,USD
10011,2025-03-27,207.1885,USD
10011,2025-03-28,207.5978,USD
10011,2025-03-31,207.2129,USD
10011,2025-04-01,211.7489,USD
10011,2025-04-02,217.5748,USD
10011,2025-04-03,210.3825,USD
10011,2025-04-04,206.1551,USD
10011,2025-04-07,215.1088,USD
10011,2025-04-08,212.4886,USD
10011,2025-04-09,203.2617,USD
10011,2025-04-10,204.2151,USD
10011,2025-04-11,203.3628,USD
10011,2025-04-14,201.3629,USD
10011,2025-04-15,202.3564,USD
10011,2025-04-16,201.8003,USD
10011,2025-04-17,192.2296,USD
10011,2025-04-18,183.6923,USD
10011,2025-04-21,181.0584,USD
10011,2025-04-22,176.1695,USD
10011,2025-04-23,171.6281,USD
10011,2025-04-24,169.1165,USD
10011,2025-04-25,170.7937,USD
10011,2025-04-28,168.1296,USD
10011,2025-04-29,169.7955,USD
10011,2025-04-30,172.2792,USD
10011,2025-05-01,174.6948,USD
10011,2025-05-02,173.8424,USD
10011,2025-05-05,170.5932,USD
10011,2025-05-06,168.4786,USD
10011,2025-05-07,167.5519,USD
10011,2025-05-08,170.4882,USD
10011,2025-05-09,172.0998,USD
10011,2025-05-12,166.6106,USD
10011,2025-05-13,165.6575,USD
10011,2025-05-14,162.5228,USD
10011,2025-05-15,159.8287,USD
10011,2025-05-16,159.5538,USD
10011,2025-05-19,152.0931,USD
10011,2025-05-20,154.5855,USD
10011,2025-05-21,151.261,USD
10011,2025-05-22,151.0346,USD
10011,2025-05-23,149.9976,USD
10011,2025-05-26,150.7228,USD
10011,2025-05-27,152.4379,USD
10011,2025-05-28,150.853,USD
10011,2025-05-29,148.2378,USD
10011,2025-05-30,148.1791,USD
10011,2025-06-02,146.1139,USD
10011,2025-06-03,146.1983,USD
10011,2025-06-04,150.363,USD
10011,2025-06-05,149.5023,USD
10011,2025-06-06,147.4233,USD
10011,2025-06-09,142.9604,USD
10011,2025-06-10,144.577,USD
10011,2025-06-11,147.6259,USD
10011,2025-06-12,145.9691,USD
10011,2025-06-13,145.1159,USD
10011,2025-06-16,148.86,USD
10011,2025-06-17,147.6076,USD
10011,2025-06-18,143.6961,USD
10011,2025-06-19,146.277,USD
10011,2025-06-20,145.0025,USD
10011,2025-06-23,145.2451,USD
10011,2025-06-24,142.474,USD
10011,2025-06-25,140.9779,USD
10011,2025-06-26,140.6621,USD
10011,2025-06-27,136.5733,USD
10011,2025-06-30,135.6907,USD
10011,2025-07-01,137.7793,USD
10011,2025-07-02,139.067,USD
10011,2025-07-03,137.4864,USD
10011,2025-07-04,137.2327,USD
10011,2025-07-07,136.1813,USD
10011,2025-07-08,136.7129,USD
10011,2025-07-09,137.0569,USD
10011,2025-07-10,133.495,USD
10011,2025-07-11,131.0312,USD
10011,2025-07-14,124.8944,USD
10011,2025-07-15,124.1292,USD
10011,2025-07-16,127.5375,USD
10011,2025-07-17,123.978,USD
10011,2025-07-18,124.2996,USD
10011,2025-07-21,127.6559,USD
10011,2025-07-22,126.3629,USD
10011,2025-07-23,127.5458,USD
10011,2025-07-24,125.1373,USD
10011,2025-07-25,127.1921,USD
10011,2025-07-28,126.3918,USD
10011,2025-07-29,126.9194,USD
10011,2025-07-30,129.1642,USD
10011,2025-07-31,128.0149,USD
10011,2025-08-01,127.2151,USD
10011,2025-08-04,124.6523,USD
10011,2025-08-05,124.7023,USD
10011,2025-08-06,123.576,USD
10011,2025-08-07,125.7315,USD
10011,2025-08-08,126.0976,USD
10011,2025-08-11,125.3104,USD
10011,2025-08-12,128.3377,USD
10011,2025-08-13,131.5691,USD
10011,2025-08-14,126.46,USD
10011,2025-08-15,123.8956,USD
10011,2025-08-18,126.2242,USD
10011,2025-08-19,127.2187,USD
10011,2025-08-20,127.2583,USD
10011,2025-08-21,125.405,USD
10011,2025-08-22,123.9139,USD
10011,2025-08-25,125.6508,USD
10011,2025-08-26,124.6131,USD
10011,2025-08-27,118.0726,USD
10011,2025-08-28,115.3025,USD
10011,2025-08-29,115.05,USD
10011,2025-09-01,114.61,USD
10011,2025-09-02,115.671,USD
10011,2025-09-03,111.3326,USD
10011,2025-09-04,108.9556,USD
10011,2025-09-05,107.1256,USD
10011,2025-09-08,109.6236,USD
10011,2025-09-09,109.8367,USD
10011,2025-09-10,107.9798,USD
10011,2025-09-11,105.0001,USD
10011,2025-09-12,103.5119,USD
10011,2025-09-15,103.5784,USD
10011,2025-09-16,104.0662,USD
10011,2025-09-17,101.1846,USD
10011,2025-09-18,101.8464,USD
10011,2025-09-19,100.4314,USD
10011,2025-09-22,100.5083,USD
10011,2025-09-23,100.4791,USD
10011,2025-09-24,97.8006,USD
10011,2025-09-25,91.8181,USD
10011,2025-09-26,91.154,USD
10011,2025-09-29,92.6763,USD
10011,2025-09-30,91.3284,USD
10011,2025-10-01,91.6004,USD
10011,2025-10-02,92.9081,USD
10011,2025-10-03,97.3248,USD
10011,2025-10-06,96.3882,USD
10011,2025-10-07,95.9342,USD
10011,2025-10-08,97.2418,USD
10011,2025-10-09,96.1548,USD
10011,2025-10-10,98.0108,USD
10011,2025-10-13,95.6906,USD
10011,2025-10-14,95.5624,USD
10011,2025-10-15,96.1463,USD
10011,2025-10-16,95.1194,USD
10011,2025-10-17,94.8448,USD
10011,2025-10-20,96.2479,USD
10011,2025-10-21,95.4924,USD
10011,2025-10-22,93.0577,USD
10011,2025-10-23,94.9311,USD
10011,2025-10-24,95.0726,USD
10011,2025-10-27,97.0796,USD
10011,2025-10-28,97.4845,USD
10011,2025-10-29,98.6421,USD
10011,2025-10-30,97.4798,USD
10011,2025-10-31,99.3851,USD
10011,2025-11-03,99.6806,USD
10011,2025-11-04,98.7108,USD
10011,2025-11-05,96.6396,USD
10011,2025-11-06,94.1413,USD
10011,2025-11-07,96.3137,USD
10011,2025-11-10,95.3848,USD
10011,2025-11-11,94.6897,USD
10011,2025-11-12,95.2742,USD
10011,2025-11-13,94.2002,USD
10011,2025-11-14,95.5478,USD
10011,2025-11-17,94.9525,USD
10011,2025-11-18,93.3437,USD
10011,2025-11-19,93.0332,USD
10011,2025-11-20,92.8753,USD
10011,2025-11-21,93.9094,USD
10011,2025-11-24,95.6161,USD
10011,2025-11-25,96.5837,USD
10011,2025-11-26,97.6575,USD
10011,2025-11-27,96.5703,USD
10011,2025-11-28,93.1484,USD
10011,2025-12-01,94.1759,USD
10011,2025-12-02,93.3692,USD
10011,2025-12-03,94.3651,USD
10011,2025-12-04,97.8737,USD
10011,2025-12-05,98.0154,USD
10011,2025-12-08,97.6379,USD
10011,2025-12-09,97.1852,USD
10011,2025-12-10,99.8669,USD
10011,2025-12-11,100.4443,USD
10011,2025-12-12,98.2757,USD
10011,2025-12-15,101.7536,USD
10011,2025-12-16,104.6128,USD
10011,2025-12-17,102.4205,USD
10011,2025-12-18,102.3306,USD
10011,2025-12-19,103.2019,USD
10011,2025-12-22,104.4791,USD
10011,2025-12-23,106.138,USD
10011,2025-12-24,104.3352,USD
10011,2025-12-25,106.4269,USD
10011,2025-12-26,106.6309,USD
10011,2025-12-29,104.8227,USD
10011,2025-12-30,105.072,USD
10011,2025-12-31,103.1132,USD
10012,2024-12-24,163.6121,EUR
10012,2024-12-25,165.1982,EUR
10012,2024-12-26,167.1889,EUR
10012,2024-12-27,170.4362,EUR
10012,2024-12-30,166.168,EUR
10012,2024-12-31,170.4781,EUR
10012,2025-01-01,169.3631,EUR
10012,2025-01-02,171.9991,EUR
10012,2025-01-03,173.6489,EUR
10012,2025-01-06,174.7975,EUR
10012,2025-01-07,174.9165,EUR
10012,2025-01-08,171.9302,EUR
10012,2025-01-09,172.6007,EUR
10012,2025-01-10,170.5877,EUR
10012,2025-01-13,172.0579,EUR
10012,2025-01-14,169.9207,EUR
10012,2025-01-15,172.9104,EUR
10012,2025-01-16,175.1912,EUR
10012,2025-01-17,176.0364,EUR
10012,2025-01-20,176.6746,EUR
10012,2025-01-21,177.8223,EUR
10012,2025-01-22,174.272,EUR
10012,2025-01-23,177.0986,EUR
10012,2025-01-24,177.3522,EUR
10012,2025-01-27,176.1477,EUR
10012,2025-01-28,174.1589,EUR
10012,2025-01-29,175.8241,EUR
10012,2025-01-30,177.421,EUR
10012,2025-01-31,178.3901,EUR
10012,2025-02-03,174.545,EUR
10012,2025-02-04,177.9458,EUR
10012,2025-02-05,178.5712,EUR
10012,2025-02-06,180.9284,EUR
10012,2025-02-07,179.1724,EUR
10012,2025-02-10,181.0336,EUR
10012,2025-02-11,182.7582,EUR
10012,2025-02-12,185.382,EUR
10012,2025-02-13,183.7002,EUR
10012,2025-02-14,187.2912,EUR
10012,2025-02-17,185.325,EUR
10012,2025-02-18,187.6901,EUR
10012,2025-02-19,186.1728,EUR
10012,2025-02-20,188.907,EUR
10012,2025-02-21,188.1267,EUR
10012,2025-02-24,191.3547,EUR
10012,2025-02-25,192.7961,EUR
10012,2025-02-26,190.6109,EUR
10012,2025-02-27,189.5655,EUR
10012,2025-02-28,193.792,EUR
10012,2025-03-03,192.1122,EUR
10012,2025-03-04,189.1697,EUR
10012,2025-03-05,188.6291,EUR
10012,2025-03-06,192.9503,EUR
10012,2025-03-07,191.5505,EUR
10012,2025-03-10,190.8067,EUR
10012,2025-03-11,189.6631,EUR
10012,2025-03-12,193.1468,EUR
10012,2025-03-13,192.4621,EUR
10012,2025-03-14,191.2727,EUR
10012,2025-03-17,191.8478,EUR
10012,2025-03-18,187.5354,EUR
10012,2025-03-19,187.6205,EUR
10012,2025-03-20,185.4306,EUR
10012,2025-03-21,185.4853,EUR
10012,2025-03-24,188.4807,EUR
10012,2025-03-25,188.6498,EUR
10012,2025-03-26,187.9338,EUR
10012,2025-03-27,183.6482,EUR
10012,2025-03-28,185.7162,EUR
10012,2025-03-31,184.2327,EUR
10012,2025-04-01,181.0572,EUR
10012,2025-04-02,181.7352,EUR
10012,2025-04-03,182.6878,EUR
10012,2025-04-04,186.3138,EUR
10012,2025-04-07,184.8487,EUR
10012,2025-04-08,184.4716,EUR
10012,2025-04-09,180.4921,EUR
10012,2025-04-10,176.0934,EUR
10012,2025-04-11,175.8115,EUR
10012,2025-04-14,174.57,EUR
10012,2025-04-15,170.4131,EUR
10012,2025-04-16,167.9101,EUR
10012,2025-04-17,165.7329,EUR
10012,2025-04-18,168.5247,EUR
10012,2025-04-21,167.3262,EUR
10012,2025-04-22,166.4266,EUR
10012,2025-04-23,164.4453,EUR
10012,2025-04-24,164.3603,EUR
10012,2025-04-25,166.8392,EUR
10012,2025-04-28,164.1364,EUR
10012,2025-04-29,161.1515,EUR
10012,2025-04-30,163.1084,EUR
10012,2025-05-01,162.8553,EUR
10012,2025-05-02,163.6393,EUR
10012,2025-05-05,162.157,EUR
10012,2025-05-06,162.4528,EUR
10012,2025-05-07,165.0927,EUR
10012,2025-05-08,158.9139,EUR
10012,2025-05-09,160.4088,EUR
10012,2025-05-12,159.275,EUR
10012,2025-05-13,156.3881,EUR
10012,2025-05-14,160.2278,EUR
10012,2025-05-15,160.7837,EUR
10012,2025-05-16,164.5723,EUR
10012,2025-05-19,164.148,EUR
10012,2025-05-20,162.0273,EUR
10012,2025-05-21,159.0481,EUR
10012,2025-05-22,159.721,EUR
10012,2025-05-23,159.7808,EUR
10012,2025-05-26,158.9655,EUR
10012,2025-05-27,155.2253,EUR
10012,2025-05-28,153.5422,EUR
10012,2025-05-29,153.6437,EUR
10012,2025-05-30,154.064,EUR
10012,2025-06-02,153.0823,EUR
10012,2025-06-03,154.1252,EUR
10012,2025-06-04,154.5582,EUR
10012,2025-06-05,153.3902,EUR
10012,2025-06-06,153.2058,EUR
10012,2025-06-09,154.0167,EUR
10012,2025-06-10,152.8446,EUR
10012,2025-06-11,152.6527,EUR
10012,2025-06-12,153.0044,EUR
10012,2025-06-13,152.3616,EUR
10012,2025-06-16,154.1668,EUR
10012,2025-06-17,151.4563,EUR
10012,2025-06-18,151.9138,EUR
10012,2025-06-19,150.833,EUR
10012,2025-06-20,150.7358,EUR
10012,2025-06-23,151.0295,EUR
10012,2025-06-24,155.2922,EUR
10012,2025-06-25,157.6117,EUR
10012,2025-06-26,155.8786,EUR
10012,2025-06-27,153.9978,EUR
10012,2025-06-30,155.4387,EUR
10012,2025-07-01,151.906,EUR
10012,2025-07-02,150.0731,EUR
10012,2025-07-03,150.6608,EUR
10012,2025-07-04,151.9278,EUR
10012,2025-07-07,152.8889,EUR
10012,2025-07-08,151.6785,EUR
10012,2025-07-09,149.7748,EUR
10012,2025-07-10,151.5504,EUR
10012,2025-07-11,149.8495,EUR
10012,2025-07-14,150.4213,EUR
10012,2025-07-15,150.0517,EUR
10012,2025-07-16,151.5234,EUR
10012,2025-07-17,153.419,EUR
10012,2025-07-18,156.4502,EUR
10012,2025-07-21,153.4767,EUR
10012,2025-07-22,151.1966,EUR
10012,2025-07-23,150.9828,EUR
10012,2025-07-24,150.68,EUR
10012,2025-07-25,153.1478,EUR
10012,2025-07-28,151.089,EUR
10012,2025-07-29,150.9785,EUR
10012,2025-07-30,149.9772,EUR
10012,2025-07-31,147.8529,EUR
10012,2025-08-01,152.1165,EUR
10012,2025-08-04,150.9989,EUR
10012,2025-08-05,152.5975,EUR
10012,2025-08-06,147.8735,EUR
10012,2025-08-07,147.617,EUR
10012,2025-08-08,146.5345,EUR
10012,2025-08-11,149.9765,EUR
10012,2025-08-12,153.9766,EUR
10012,2025-08-13,153.0171,EUR
10012,2025-08-14,152.0307,EUR
10012,2025-08-15,154.3455,EUR
10012,2025-08-18,157.4451,EUR
10012,2025-08-19,157.6895,EUR
10012,2025-08-20,160.4094,EUR
10012,2025-08-21,163.9454,EUR
10012,2025-08-22,164.3209,EUR
10012,2025-08-25,161.7602,EUR
10012,2025-08-26,160.1966,EUR
10012,2025-08-27,162.5149,EUR
10012,2025-08-28,163.9722,EUR
10012,2025-08-29,162.4787,EUR
10012,2025-09-01,162.822,EUR
10012,2025-09-02,163.4255,EUR
10012,2025-09-03,163.2674,EUR
10012,2025-09-04,164.4016,EUR
10012,2025-09-05,166.0269,EUR
10012,2025-09-08,164.7455,EUR
10012,2025-09-09,165.7546,EUR
10012,2025-09-10,169.0315,EUR
10012,2025-09-11,168.4647,EUR
10012,2025-09-12,171.4944,EUR
10012,2025-09-15,173.3996,EUR
10012,2025-09-16,175.1071,EUR
10012,2025-09-17,178.2895,EUR
10012,2025-09-18,178.2054,EUR
10012,2025-09-19,174.1991,EUR
10012,2025-09-22,173.1956,EUR
10012,2025-09-23,173.8704,EUR
10012,2025-09-24,177.8075,EUR
10012,2025-09-25,178.8282,EUR
10012,2025-09-26,177.9794,EUR
10012,2025-09-29,179.4576,EUR
10012,2025-09-30,180.3867,EUR
10012,2025-10-01,177.0317,EUR
10012,2025-10-02,177.0256,EUR
10012,2025-10-03,174.6261,EUR
10012,2025-10-06,171.4525,EUR
10012,2025-10-07,173.9386,EUR
10012,2025-10-08,176.1907,EUR
10012,2025-10-09,178.1195,EUR
10012,2025-10-10,173.8997,EUR
10012,2025-10-13,178.1234,EUR
10012,2025-10-14,179.4,EUR
10012,2025-10-15,182.3163,EUR
10012,2025-10-16,183.7433,EUR
10012,2025-10-17,184.3584,EUR
10012,2025-10-20,184.6612,EUR
10012,2025-10-21,185.0672,EUR
10012,2025-10-22,185.6705,EUR
10012,2025-10-23,184.61,EUR
10012,2025-10-24,186.3792,EUR
10012,2025-10-27,186.376,EUR
10012,2025-10-28,187.2335,EUR
10012,2025-10-29,191.4541,EUR
10012,2025-10-30,191.4989,EUR
10012,2025-10-31,192.0096,EUR
10012,2025-11-03,196.9457,EUR
10012,2025-11-04,198.4448,EUR
10012,2025-11-05,198.5451,EUR
10012,2025-11-06,195.5559,EUR
10012,2025-11-07,196.1197,EUR
10012,2025-11-10,190.1302,EUR
10012,2025-11-11,192.6279,EUR
10012,2025-11-12,192.0694,EUR
10012,2025-11-13,193.953,EUR
10012,2025-11-14,192.5375,EUR
10012,2025-11-17,195.3039,EUR
10012,2025-11-18,193.375,EUR
10012,2025-11-19,189.7103,EUR
10012,2025-11-20,189.2143,EUR
10012,2025-11-21,189.8429,EUR
10012,2025-11-24,194.1129,EUR
10012,2025-11-25,186.1601,EUR
10012,2025-11-26,184.5834,EUR
10012,2025-11-27,181.6414,EUR
10012,2025-11-28,183.5379,EUR
10012,2025-12-01,186.9976,EUR
10012,2025-12-02,183.8445,EUR
10012,2025-12-03,188.2695,EUR
10012,2025-12-04,184.9524,EUR
10012,2025-12-05,184.6771,EUR
10012,2025-12-08,185.1175,EUR
10012,2025-12-09,179.7081,EUR
10012,2025-12-10,178.823,EUR
10012,2025-12-11,179.7669,EUR
10012,2025-12-12,181.0612,EUR
10012,2025-12-15,183.4728,EUR
10012,2025-12-16,178.3797,EUR
10012,2025-12-17,179.7074,EUR
10012,2025-12-18,175.375,EUR
10012,2025-12-19,174.164,EUR
10012,2025-12-22,174.6773,EUR
10012,2025-12-23,176.8527,EUR
10012,2025-12-24,177.5336,EUR
10012,2025-12-25,180.6198,EUR
10012,2025-12-26,180.4399,EUR
10012,2025-12-29,183.0273,EUR
10012,2025-12-30,185.4681,EUR
10012,2025-12-31,189.8266,EUR
10013,2024-12-24,37.5369,CAD
10013,2024-12-25,37.2432,CAD
10013,2024-12-26,36.8749,CAD
10013,2024-12-27,37.0977,CAD
10013,2024-12-30,36.9065,CAD
10013,2024-12-31,36.2089,CAD
10013,2025-01-01,36.2599,CAD
10013,2025-01-02,35.5663,CAD
10013,2025-01-03,34.9801,CAD
10013,2025-01-06,34.4416,CAD
10013,2025-01-07,34.4207,CAD
10013,2025-01-08,34.0036,CAD
10013,2025-01-09,33.845,CAD
10013,2025-01-10,33.6841,CAD
10013,2025-01-13,33.7526,CAD
10013,2025-01-14,33.4688,CAD
10013,2025-01-15,34.06,CAD
10013,2025-01-16,34.1212,CAD
10013,2025-01-17,33.6034,CAD
10013,2025-01-20,33.7512,CAD
10013,2025-01-21,33.7701,CAD
10013,2025-01-22,33.6437,CAD
10013,2025-01-23,33.2772,CAD
10013,2025-01-24,33.1269,CAD
10013,2025-01-27,33.2067,CAD
10013,2025-01-28,33.6257,CAD
10013,2025-01-29,33.6831,CAD
10013,2025-01-30,33.6346,CAD
10013,2025-01-31,33.8289,CAD
10013,2025-02-03,33.0527,CAD
10013,2025-02-04,33.3186,CAD
10013,2025-02-05,33.5697,CAD
10013,2025-02-06,33.6928,CAD
10013,2025-02-07,33.6456,CAD
10013,2025-02-10,33.6589,CAD
10013,2025-02-11,33.9173,CAD
10013,2025-02-12,34.1717,CAD
10013,2025-02-13,33.6207,CAD
10013,2025-02-14,33.1262,CAD
10013,2025-02-17,33.4198,CAD
10013,2025-02-18,33.2549,CAD
10013,2025-02-19,33.5302,CAD
10013,2025-02-20,33.3657,CAD
10013,2025-02-21,33.9707,CAD
10013,2025-02-24,34.8295,CAD
10013,2025-02-25,34.8116,CAD
10013,2025-02-26,34.7806,CAD
10013,2025-02-27,34.9617,CAD
10013,2025-02-28,34.0854,CAD
10013,2025-03-03,34.6309,CAD
10013,2025-03-04,34.6896,CAD
10013,2025-03-05,35.357,CAD
10013,2025-03-06,34.9389,CAD
10013,2025-03-07,34.5059,CAD
10013,2025-03-10,33.8792,CAD
10013,2025-03-11,33.5019,CAD
10013,2025-03-12,33.0102,CAD
10013,2025-03-13,32.9003,CAD
10013,2025-03-14,33.014,CAD
10013,2025-03-17,33.1897,CAD
10013,2025-03-18,33.0053,CAD
10013,2025-03-19,33.0838,CAD
10013,2025-03-20,32.4719,CAD
10013,2025-03-21,32.9917,CAD
10013,2025-03-24,33.1286,CAD
10013,2025-03-25,33.5333,CAD
10013,2025-03-26,33.7205,CAD
10013,2025-03-27,33.8384,CAD
10013,2025-03-28,34.1769,CAD
10013,2025-03-31,33.7199,CAD
10013,2025-04-01,33.5012,CAD
10013,2025-04-02,33.7543,CAD
10013,2025-04-03,33.854,CAD
10013,2025-04-04,33.7037,CAD
10013,2025-04-07,34.2614,CAD
10013,2025-04-08,35.094,CAD
10013,2025-04-09,34.5196,CAD
10013,2025-04-10,34.7366,CAD
10013,2025-04-11,34.9378,CAD
10013,2025-04-14,34.812,CAD
10013,2025-04-15,34.7385,CAD
10013,2025-04-16,34.8239,CAD
10013,2025-04-17,34.8194,CAD
10013,2025-04-18,35.3369,CAD
10013,2025-04-21,35.5928,CAD
10013,2025-04-22,35.4327,CAD
10013,2025-04-23,35.7982,CAD
10013,2025-04-24,35.2313,CAD
10013,2025-04-25,35.1626,CAD
10013,2025-04-28,34.2184,CAD
10013,2025-04-29,34.9442,CAD
10013,2025-04-30,35.321,CAD
10013,2025-05-01,35.3961,CAD
10013,2025-05-02,35.7024,CAD
10013,2025-05-05,35.8719,CAD
10013,2025-05-06,36.2861,CAD
10013,2025-05-07,35.9045,CAD
10013,2025-05-08,36.0956,CAD
10013,2025-05-09,36.5126,CAD
10013,2025-05-12,36.2382,CAD
10013,2025-05-13,36.3985,CAD
10013,2025-05-14,35.8554,CAD
10013,2025-05-15,36.4993,CAD
10013,2025-05-16,36.6961,CAD
10013,2025-05-19,36.6997,CAD
10013,2025-05-20,36.1773,CAD
10013,2025-05-21,36.4748,CAD
10013,2025-05-22,37.2984,CAD
10013,2025-05-23,37.93,CAD
10013,2025-05-26,38.2053,CAD
10013,2025-05-27,37.9809,CAD
10013,2025-05-28,37.3936,CAD
10013,2025-05-29,37.6916,CAD
10013,2025-05-30,36.4663,CAD
10013,2025-06-02,36.7601,CAD
10013,2025-06-03,36.8742,CAD
10013,2025-06-04,36.5747,CAD
10013,2025-06-05,36.3664,CAD
10013,2025-06-06,36.6129,CAD
10013,2025-06-09,37.0485,CAD
10013,2025-06-10,36.9764,CAD
10013,2025-06-11,37.5837,CAD
10013,2025-06-12,37.4297,CAD
10013,2025-06-13,37.3178,CAD
10013,2025-06-16,37.7534,CAD
10013,2025-06-17,38.0553,CAD
10013,2025-06-18,37.9918,CAD
10013,2025-06-19,38.0357,CAD
10013,2025-06-20,38.5037,CAD
10013,2025-06-23,37.635,CAD
10013,2025-06-24,37.3705,CAD
10013,2025-06-25,37.5962,CAD
10013,2025-06-26,37.8991,CAD
10013,2025-06-27,38.426,CAD
10013,2025-06-30,38.2752,CAD
10013,2025-07-01,38.4083,CAD
10013,2025-07-02,38.1227,CAD
10013,2025-07-03,37.6722,CAD
10013,2025-07-04,37.1851,CAD
10013,2025-07-07,36.6423,CAD
10013,2025-07-08,36.1021,CAD
10013,2025-07-09,36.4402,CAD
10013,2025-07-10,36.4158,CAD
10013,2025-07-11,36.0287,CAD
10013,2025-07-14,36.0064,CAD
10013,2025-07-15,36.366,CAD
10013,2025-07-16,36.3786,CAD
10013,2025-07-17,36.4721,CAD
10013,2025-07-18,36.0851,CAD
10013,2025-07-21,36.2056,CAD
10013,2025-07-22,35.2098,CAD
10013,2025-07-23,35.2497,CAD
10013,2025-07-24,35.6659,CAD
10013,2025-07-25,35.9349,CAD
10013,2025-07-28,35.7706,CAD
10013,2025-07-29,35.4614,CAD
10013,2025-07-30,35.5027,CAD
10013,2025-07-31,35.8495,CAD
10013,2025-08-01,35.5113,CAD
10013,2025-08-04,35.1927,CAD
10013,2025-08-05,35.4339,CAD
10013,2025-08-06,35.4611,CAD
10013,2025-08-07,35.5561,CAD
10013,2025-08-08,35.3743,CAD
10013,2025-08-11,35.9627,CAD
10013,2025-08-12,36.0681,CAD
10013,2025-08-13,35.943,CAD
10013,2025-08-14,35.8243,CAD
10013,2025-08-15,35.9414,CAD
10013,2025-08-18,35.8884,CAD
10013,2025-08-19,35.9312,CAD
10013,2025-08-20,36.1176,CAD
10013,2025-08-21,36.5448,CAD
10013,2025-08-22,36.5989,CAD
10013,2025-08-25,36.5548,CAD
10013,2025-08-26,36.5677,CAD
10013,2025-08-27,36.9265,CAD
10013,2025-08-28,36.8569,CAD
10013,2025-08-29,36.9666,CAD
10013,2025-09-01,35.8585,CAD
10013,2025-09-02,35.6148,CAD
10013,2025-09-03,35.3442,CAD
10013,2025-09-04,34.8523,CAD
10013,2025-09-05,34.9955,CAD
10013,2025-09-08,34.8905,CAD
10013,2025-09-09,34.9852,CAD
10013,2025-09-10,34.3897,CAD
10013,2025-09-11,34.3658,CAD
10013,2025-09-12,34.3914,CAD
10013,2025-09-15,34.7214,CAD
10013,2025-09-16,34.4846,CAD
10013,2025-09-17,34.4457,CAD
10013,2025-09-18,34.7594,CAD
10013,2025-09-19,34.3816,CAD
10013,2025-09-22,35.4227,CAD
10013,2025-09-23,36.1063,CAD
10013,2025-09-24,36.6901,CAD
10013,2025-09-25,36.836,CAD
10013,2025-09-26,37.0667,CAD
10013,2025-09-29,37.1256,CAD
10013,2025-09-30,37.5308,CAD
10013,2025-10-01,36.6035,CAD
10013,2025-10-02,36.9351,CAD
10013,2025-10-03,37.5687,CAD
10013,2025-10-06,37.2933,CAD
10013,2025-10-07,37.274,CAD
10013,2025-10-08,38.0115,CAD
10013,2025-10-09,38.1149,CAD
10013,2025-10-10,37.9757,CAD
10013,2025-10-13,38.265,CAD
10013,2025-10-14,38.5177,CAD
10013,2025-10-15,38.6881,CAD
10013,2025-10-16,38.9187,CAD
10013,2025-10-17,39.73,CAD
10013,2025-10-20,39.6755,CAD
10013,2025-10-21,39.7021,CAD
10013,2025-10-22,39.0184,CAD
10013,2025-10-23,38.6623,CAD
10013,2025-10-24,38.8681,CAD
10013,2025-10-27,39.1961,CAD
10013,2025-10-28,38.8555,CAD
10013,2025-10-29,39.4603,CAD
10013,2025-10-30,39.5858,CAD
10013,2025-10-31,39.5876,CAD
10013,2025-11-03,40.233,CAD
10013,2025-11-04,39.2954,CAD
10013,2025-11-05,38.9413,CAD
10013,2025-11-06,37.7118,CAD
10013,2025-11-07,38.0058,CAD
10013,2025-11-10,38.0959,CAD
10013,2025-11-11,39.4799,CAD
10013,2025-11-12,38.9981,CAD
10013,2025-11-13,39.3104,CAD
10013,2025-11-14,39.4563,CAD
10013,2025-11-17,40.0872,CAD
10013,2025-11-18,39.7474,CAD
10013,2025-11-19,39.6813,CAD
10013,2025-11-20,39.4722,CAD
10013,2025-11-21,39.5085,CAD
10013,2025-11-24,38.7758,CAD
10013,2025-11-25,38.0594,CAD
10013,2025-11-26,37.5657,CAD
10013,2025-11-27,37.5776,CAD
10013,2025-11-28,38.5829,CAD
10013,2025-12-01,38.794,CAD
10013,2025-12-02,38.9764,CAD
10013,2025-12-03,39.4026,CAD
10013,2025-12-04,39.7795,CAD
10013,2025-12-05,39.0935,CAD
10013,2025-12-08,38.8371,CAD
10013,2025-12-09,39.7508,CAD
10013,2025-12-10,40.0372,CAD
10013,2025-12-11,39.8837,CAD
10013,2025-12-12,40.3124,CAD
10013,2025-12-15,40.2651,CAD
10013,2025-12-16,39.693,CAD
10013,2025-12-17,40.2312,CAD
10013,2025-12-18,40.1419,CAD
10013,2025-12-19,39.6686,CAD
10013,2025-12-22,40.0366,CAD
10013,2025-12-23,39.8688,CAD
10013,2025-12-24,39.4054,CAD
10013,2025-12-25,38.657,CAD
10013,2025-12-26,38.5865,CAD
10013,2025-12-29,38.2314,CAD
10013,2025-12-30,38.6429,CAD
10013,2025-12-31,38.7591,CAD
10014,2024-12-24,130.0558,USD
10014,2024-12-25,128.4627,USD
10014,2024-12-26,127.7757,USD
10014,2024-12-27,129.2763,USD
10014,2024-12-30,132.0639,USD
10014,2024-12-31,129.2997,USD
10014,2025-01-01,127.6496,USD
10014,2025-01-02,126.7638,USD
10014,2025-01-03,127.4198,USD
10014,2025-01-06,130.9663,USD
10014,2025-01-07,133.6385,USD
10014,2025-01-08,137.6735,USD
10014,2025-01-09,135.7217,USD
10014,2025-01-10,135.2657,USD
10014,2025-01-13,133.1066,USD
10014,2025-01-14,135.5331,USD
10014,2025-01-15,134.4653,USD
10014,2025-01-16,133.632,USD
10014,2025-01-17,133.4815,USD
10014,2025-01-20,134.4243,USD
10014,2025-01-21,137.5166,USD
10014,2025-01-22,136.5972,USD
10014,2025-01-23,140.1337,USD
10014,2025-01-24,140.4203,USD
10014,2025-01-27,142.1759,USD
10014,2025-01-28,144.7479,USD
10014,2025-01-29,145.3312,USD
10014,2025-01-30,141.5144,USD
10014,2025-01-31,140.8164,USD
10014,2025-02-03,140.6044,USD
10014,2025-02-04,141.445,USD
10014,2025-02-05,141.4334,USD
10014,2025-02-06,144.5443,USD
10014,2025-02-07,144.3865,USD
10014,2025-02-10,143.014,USD
10014,2025-02-11,147.6714,USD
10014,2025-02-12,143.8301,USD
10014,2025-02-13,140.2572,USD
10014,2025-02-14,142.5301,USD
10014,2025-02-17,139.9708,USD
10014,2025-02-18,140.744,USD
10014,2025-02-19,141.9695,USD
10014,2025-02-20,141.7383,USD
10014,2025-02-21,141.511,USD
10014,2025-02-24,138.0332,USD
10014,2025-02-25,137.9147,USD
10014,2025-02-26,141.6338,USD
10014,2025-02-27,141.1326,USD
10014,2025-02-28,145.9321,USD
10014,2025-03-03,142.0078,USD
10014,2025-03-04,144.4027,USD
10014,2025-03-05,145.5487,USD
10014,2025-03-06,149.99,USD
10014,2025-03-07,149.5345,USD
10014,2025-03-10,152.7981,USD
10014,2025-03-11,149.7653,USD
10014,2025-03-12,153.9698,USD
10014,2025-03-13,155.3229,USD
10014,2025-03-14,154.87,USD
10014,2025-03-17,155.6029,USD
10014,2025-03-18,157.1173,USD
10014,2025-03-19,159.6356,USD
10014,2025-03-20,161.3738,USD
10014,2025-03-21,156.5218,USD
10014,2025-03-24,153.0671,USD
10014,2025-03-25,155.2378,USD
10014,2025-03-26,153.3909,USD
10014,2025-03-27,153.7764,USD
10014,2025-03-28,153.8407,USD
10014,2025-03-31,150.02,USD
10014,2025-04-01,147.3383,USD
10014,2025-04-02,146.4574,USD
10014,2025-04-03,143.2993,USD
10014,2025-04-04,143.0925,USD
10014,2025-04-07,143.1416,USD
10014,2025-04-08,140.3455,USD
10014,2025-04-09,137.0056,USD
10014,2025-04-10,137.9554,USD
10014,2025-04-11,138.6193,USD
10014,2025-04-14,137.7231,USD
10014,2025-04-15,139.4504,USD
10014,2025-04-16,144.1125,USD
10014,2025-04-17,143.0891,USD
10014,2025-04-18,142.4984,USD
10014,2025-04-21,143.0567,USD
10014,2025-04-22,146.5373,USD
10014,2025-04-23,147.3557,USD
10014,2025-04-24,148.0072,USD
10014,2025-04-25,145.4436,USD
10014,2025-04-28,149.0593,USD
10014,2025-04-29,150.3557,USD
10014,2025-04-30,146.2947,USD
10014,2025-05-01,146.5944,USD
10014,2025-05-02,148.5239,USD
10014,2025-05-05,147.8405,USD
10014,2025-05-06,150.3575,USD
10014,2025-05-07,148.9681,USD
10014,2025-05-08,143.2206,USD
10014,2025-05-09,144.9452,USD
10014,2025-05-12,146.9795,USD
10014,2025-05-13,145.3118,USD
10014,2025-05-14,144.8116,USD
10014,2025-05-15,143.0587,USD
10014,2025-05-16,140.4986,USD
10014,2025-05-19,139.4541,USD
10014,2025-05-20,139.7528,USD
10014,2025-05-21,138.182,USD
10014,2025-05-22,140.5443,USD
10014,2025-05-23,142.4866,USD
10014,2025-05-26,149.4401,USD
10014,2025-05-27,147.437,USD
10014,2025-05-28,149.244,USD
10014,2025-05-29,148.3381,USD
10014,2025-05-30,149.5171,USD
10014,2025-06-02,154.2037,USD
10014,2025-06-03,155.0258,USD
10014,2025-06-04,157.0374,USD
10014,2025-06-05,157.242,USD
10014,2025-06-06,162.2218,USD
10014,2025-06-09,156.4892,USD
10014,2025-06-10,158.121,USD
10014,2025-06-11,158.2711,USD
10014,2025-06-12,157.1956,USD
10014,2025-06-13,159.1031,USD
10014,2025-06-16,152.8709,USD
10014,2025-06-17,154.8783,USD
10014,2025-06-18,155.8838,USD
10014,2025-06-19,155.8681,USD
10014,2025-06-20,158.2256,USD
10014,2025-06-23,155.2741,USD
10014,2025-06-24,155.2316,USD
10014,2025-06-25,155.9257,USD
10014,2025-06-26,157.2442,USD
10014,2025-06-27,156.7686,USD
10014,2025-06-30,157.8606,USD
10014,2025-07-01,158.921,USD
10014,2025-07-02,158.9114,USD
10014,2025-07-03,166.1455,USD
10014,2025-07-04,165.3332,USD
10014,2025-07-07,174.1627,USD
10014,2025-07-08,173.2802,USD
10014,2025-07-09,174.6972,USD
10014,2025-07-10,173.2107,USD
10014,2025-07-11,171.3763,USD
10014,2025-07-14,174.2227,USD
10014,2025-07-15,174.4378,USD
10014,2025-07-16,170.8718,USD
10014,2025-07-17,173.2198,USD
10014,2025-07-18,171.1659,USD
10014,2025-07-21,168.5372,USD
10014,2025-07-22,165.3362,USD
10014,2025-07-23,166.7442,USD
10014,2025-07-24,164.342,USD
10014,2025-07-25,165.79,USD
10014,2025-07-28,164.2804,USD
10014,2025-07-29,163.2221,USD
10014,2025-07-30,172.0582,USD
10014,2025-07-31,176.1488,USD
10014,2025-08-01,181.4066,USD
10014,2025-08-04,182.8496,USD
10014,2025-08-05,179.4665,USD
10014,2025-08-06,175.1287,USD
10014,2025-08-07,179.355,USD
10014,2025-08-08,180.1117,USD
10014,2025-08-11,179.9539,USD
10014,2025-08-12,178.5607,USD
10014,2025-08-13,179.0866,USD
10014,2025-08-14,184.8402,USD
10014,2025-08-15,185.6147,USD
10014,2025-08-18,185.4387,USD
10014,2025-08-19,185.5509,USD
10014,2025-08-20,185.7358,USD
10014,2025-08-21,176.7965,USD
10014,2025-08-22,174.5024,USD
10014,2025-08-25,170.0483,USD
10014,2025-08-26,170.9492,USD
10014,2025-08-27,168.5216,USD
10014,2025-08-28,167.3729,USD
10014,2025-08-29,171.5613,USD
10014,2025-09-01,170.1918,USD
10014,2025-09-02,174.0522,USD
10014,2025-09-03,174.8915,USD
10014,2025-09-04,176.2107,USD
10014,2025-09-05,178.7723,USD
10014,2025-09-08,175.6525,USD
10014,2025-09-09,174.9451,USD
10014,2025-09-10,175.8659,USD
10014,2025-09-11,176.4458,USD
10014,2025-09-12,173.5592,USD
10014,2025-09-15,173.6503,USD
10014,2025-09-16,172.3733,USD
10014,2025-09-17,168.1983,USD
10014,2025-09-18,166.844,USD
10014,2025-09-19,167.8035,USD
10014,2025-09-22,173.5909,USD
10014,2025-09-23,175.3144,USD
10014,2025-09-24,177.8152,USD
10014,2025-09-25,176.2216,USD
10014,2025-09-26,180.759,USD
10014,2025-09-29,179.7869,USD
10014,2025-09-30,182.0535,USD
10014,2025-10-01,183.1072,USD
10014,2025-10-02,183.9261,USD
10014,2025-10-03,181.2798,USD
10014,2025-10-06,181.9367,USD
10014,2025-10-07,178.8942,USD
10014,2025-10-08,177.9128,USD
10014,2025-10-09,180.0075,USD
10014,2025-10-10,185.033,USD
10014,2025-10-13,188.1054,USD
10014,2025-10-14,190.7276,USD
10014,2025-10-15,192.7481,USD
10014,2025-10-16,189.3315,USD
10014,2025-10-17,179.4251,USD
10014,2025-10-20,179.3111,USD
10014,2025-10-21,189.891,USD
10014,2025-10-22,188.7179,USD
10014,2025-10-23,189.9518,USD
10014,2025-10-24,189.3746,USD
10014,2025-10-27,186.7344,USD
10014,2025-10-28,189.7106,USD
10014,2025-10-29,182.0996,USD
10014,2025-10-30,186.4341,USD
10014,2025-10-31,184.3017,USD
10014,2025-11-03,183.4318,USD
10014,2025-11-04,173.8309,USD
10014,2025-11-05,174.6967,USD
10014,2025-11-06,171.8082,USD
10014,2025-11-07,172.2148,USD
10014,2025-11-10,166.8582,USD
10014,2025-11-11,163.6553,USD
10014,2025-11-12,160.3051,USD
10014,2025-11-13,159.4129,USD
10014,2025-11-14,162.0454,USD
10014,2025-11-17,162.976,USD
10014,2025-11-18,167.2409,USD
10014,2025-11-19,170.0189,USD
10014,2025-11-20,174.759,USD
10014,2025-11-21,172.9063,USD
10014,2025-11-24,169.4263,USD
10014,2025-11-25,171.9911,USD
10014,2025-11-26,167.769,USD
10014,2025-11-27,169.5439,USD
10014,2025-11-28,170.4843,USD
10014,2025-12-01,165.95,USD
10014,2025-12-02,165.3536,USD
10014,2025-12-03,162.0636,USD
10014,2025-12-04,158.7769,USD
10014,2025-12-05,158.5669,USD
10014,2025-12-08,158.0447,USD
10014,2025-12-09,158.2194,USD
10014,2025-12-10,158.2023,USD
10014,2025-12-11,158.0007,USD
10014,2025-12-12,161.8079,USD
10014,2025-12-15,161.0504,USD
10014,2025-12-16,159.032,USD
10014,2025-12-17,160.7491,USD
10014,2025-12-18,159.7104,USD
10014,2025-12-19,164.0084,USD
10014,2025-12-22,165.4212,USD
10014,2025-12-23,165.952,USD
10014,2025-12-24,166.0468,USD
10014,2025-12-25,167.8954,USD
10014,2025-12-26,170.7266,USD
10014,2025-12-29,176.1328,USD
10014,2025-12-30,174.4669,USD
10014,2025-12-31,172.0445,USD
10015,2024-12-24,84.4814,EUR
10015,2024-12-25,85.426,EUR
10015,2024-12-26,84.7167,EUR
10015,2024-12-27,88.0655,EUR
10015,2024-12-30,87.4718,EUR
10015,2024-12-31,88.9304,EUR
10015,2025-01-01,88.527,EUR
10015,2025-01-02,86.6402,EUR
10015,2025-01-03,86.9542,EUR
10015,2025-01-06,84.5841,EUR
10015,2025-01-07,85.1795,EUR
10015,2025-01-08,85.5908,EUR
10015,2025-01-09,82.4021,EUR
10015,2025-01-10,81.1842,EUR
10015,2025-01-13,83.5973,EUR
10015,2025-01-14,85.2957,EUR
10015,2025-01-15,85.9273,EUR
10015,2025-01-16,86.788,EUR
10015,2025-01-17,85.4898,EUR
10015,2025-01-20,85.7288,EUR
10015,2025-01-21,85.6411,EUR
10015,2025-01-22,85.8732,EUR
10015,2025-01-23,87.1857,EUR
10015,2025-01-24,85.5535,EUR
10015,2025-01-27,84.3527,EUR
10015,2025-01-28,84.5493,EUR
10015,2025-01-29,83.2228,EUR
10015,2025-01-30,82.9672,EUR
10015,2025-01-31,85.0792,EUR
10015,2025-02-03,84.3788,EUR
10015,2025-02-04,84.0396,EUR
10015,2025-02-05,83.8553,EUR
10015,2025-02-06,83.6657,EUR
10015,2025-02-07,83.3531,EUR
10015,2025-02-10,81.0624,EUR
10015,2025-02-11,81.0613,EUR
10015,2025-02-12,79.5274,EUR
10015,2025-02-13,78.9533,EUR
10015,2025-02-14,80.413,EUR
10015,2025-02-17,81.234,EUR
10015,2025-02-18,81.5113,EUR
10015,2025-02-19,81.3515,EUR
10015,2025-02-20,81.9112,EUR
10015,2025-02-21,80.5808,EUR
10015,2025-02-24,82.0018,EUR
10015,2025-02-25,83.0769,EUR
10015,2025-02-26,83.4439,EUR
10015,2025-02-27,82.8264,EUR
10015,2025-02-28,85.0054,EUR
10015,2025-03-03,84.1896,EUR
10015,2025-03-04,85.388,EUR
10015,2025-03-05,85.4773,EUR
10015,2025-03-06,86.0606,EUR
10015,2025-03-07,85.9349,EUR
10015,2025-03-10,86.9781,EUR
10015,2025-03-11,85.8652,EUR
10015,2025-03-12,84.7012,EUR
10015,2025-03-13,86.1823,EUR
10015,2025-03-14,85.4447,EUR
10015,2025-03-17,86.1528,EUR
10015,2025-03-18,86.5925,EUR
10015,2025-03-19,86.4243,EUR
10015,2025-03-20,89.246,EUR
10015,2025-03-21,88.9784,EUR
10015,2025-03-24,88.3775,EUR
10015,2025-03-25,89.8794,EUR
10015,2025-03-26,88.3898,EUR
10015,2025-03-27,89.7802,EUR
10015,2025-03-28,89.1644,EUR
10015,2025-03-31,88.6835,EUR
10015,2025-04-01,88.0183,EUR
10015,2025-04-02,89.1394,EUR
10015,2025-04-03,90.7311,EUR
10015,2025-04-04,90.2282,EUR
10015,2025-04-07,90.6649,EUR
10015,2025-04-08,90.2171,EUR
10015,2025-04-09,90.0978,EUR
10015,2025-04-10,88.1619,EUR
10015,2025-04-11,89.4775,EUR
10015,2025-04-14,88.6,EUR
10015,2025-04-15,89.6002,EUR
10015,2025-04-16,91.8521,EUR
10015,2025-04-17,92.7368,EUR
10015,2025-04-18,92.7734,EUR
10015,2025-04-21,95.0456,EUR
10015,2025-04-22,93.8052,EUR
10015,2025-04-23,93.9909,EUR
10015,2025-04-24,93.6002,EUR
10015,2025-04-25,93.4774,EUR
10015,2025-04-28,91.6257,EUR
10015,2025-04-29,92.9002,EUR
10015,2025-04-30,92.1751,EUR
10015,2025-05-01,92.5955,EUR
10015,2025-05-02,93.4992,EUR
10015,2025-05-05,91.423,EUR
10015,2025-05-06,90.9953,EUR
10015,2025-05-07,90.1225,EUR
10015,2025-05-08,90.0479,EUR
10015,2025-05-09,89.9131,EUR
10015,2025-05-12,89.1269,EUR
10015,2025-05-13,89.1842,EUR
10015,2025-05-14,89.8722,EUR
10015,2025-05-15,90.5506,EUR
10015,2025-05-16,87.0631,EUR
10015,2025-05-19,87.4574,EUR
10015,2025-05-20,86.4658,EUR
10015,2025-05-21,86.536,EUR
10015,2025-05-22,87.5162,EUR
10015,2025-05-23,87.2403,EUR
10015,2025-05-26,87.977,EUR
10015,2025-05-27,86.7416,EUR
10015,2025-05-28,87.1549,EUR
10015,2025-05-29,87.7125,EUR
10015,2025-05-30,88.828,EUR
10015,2025-06-02,86.9802,EUR
10015,2025-06-03,84.6197,EUR
10015,2025-06-04,84.1292,EUR
10015,2025-06-05,84.0934,EUR
10015,2025-06-06,84.2732,EUR
10015,2025-06-09,86.2087,EUR
10015,2025-06-10,86.8878,EUR
10015,2025-06-11,87.9519,EUR
10015,2025-06-12,87.6808,EUR
10015,2025-06-13,85.9564,EUR
10015,2025-06-16,84.6068,EUR
10015,2025-06-17,84.6275,EUR
10015,2025-06-18,82.787,EUR
10015,2025-06-19,83.8012,EUR
10015,2025-06-20,83.0369,EUR
10015,2025-06-23,83.2847,EUR
10015,2025-06-24,83.683,EUR
10015,2025-06-25,85.5948,EUR
10015,2025-06-26,85.238,EUR
10015,2025-06-27,85.7805,EUR
10015,2025-06-30,85.6211,EUR
10015,2025-07-01,85.8413,EUR
10015,2025-07-02,84.2788,EUR
10015,2025-07-03,83.6965,EUR
10015,2025-07-04,83.3324,EUR
10015,2025-07-07,84.1756,EUR
10015,2025-07-08,82.7557,EUR
10015,2025-07-09,81.6896,EUR
10015,2025-07-10,82.9894,EUR
10015,2025-07-11,84.208,EUR
10015,2025-07-14,84.3594,EUR
10015,2025-07-15,84.2655,EUR
10015,2025-07-16,84.0216,EUR
10015,2025-07-17,80.4787,EUR
10015,2025-07-18,80.4709,EUR
10015,2025-07-21,80.8074,EUR
10015,2025-07-22,80.3171,EUR
10015,2025-07-23,80.4073,EUR
10015,2025-07-24,78.4777,EUR
10015,2025-07-25,78.4794,EUR
10015,2025-07-28,79.7654,EUR
10015,2025-07-29,80.5158,EUR
10015,2025-07-30,79.378,EUR
10015,2025-07-31,79.0626,EUR
10015,2025-08-01,80.3159,EUR
10015,2025-08-04,80.0878,EUR
10015,2025-08-05,78.5483,EUR
10015,2025-08-06,77.5062,EUR
10015,2025-08-07,78.4061,EUR
10015,2025-08-08,78.3587,EUR
10015,2025-08-11,79.4069,EUR
10015,2025-08-12,76.8709,EUR
10015,2025-08-13,77.8408,EUR
10015,2025-08-14,79.0346,EUR
10015,2025-08-15,77.8068,EUR
10015,2025-08-18,78.4205,EUR
10015,2025-08-19,75.995,EUR
10015,2025-08-20,76.8134,EUR
10015,2025-08-21,76.7003,EUR
10015,2025-08-22,75.6529,EUR
10015,2025-08-25,75.4459,EUR
10015,2025-08-26,76.2663,EUR
10015,2025-08-27,76.5146,EUR
10015,2025-08-28,76.3615,EUR
10015,2025-08-29,76.9603,EUR
10015,2025-09-01,75.3298,EUR
10015,2025-09-02,74.8008,EUR
10015,2025-09-03,74.4622,EUR
10015,2025-09-04,74.2951,EUR
10015,2025-09-05,74.0486,EUR
10015,2025-09-08,75.456,EUR
10015,2025-09-09,75.652,EUR
10015,2025-09-10,76.7428,EUR
10015,2025-09-11,77.1327,EUR
10015,2025-09-12,76.5959,EUR
10015,2025-09-15,75.8503,EUR
10015,2025-09-16,74.2746,EUR
10015,2025-09-17,74.0456,EUR
10015,2025-09-18,73.7039,EUR
10015,2025-09-19,73.1577,EUR
10015,2025-09-22,74.0437,EUR
10015,2025-09-23,73.7598,EUR
10015,2025-09-24,71.2682,EUR
10015,2025-09-25,70.9179,EUR
10015,2025-09-26,70.0334,EUR
10015,2025-09-29,68.7228,EUR
10015,2025-09-30,67.391,EUR
10015,2025-10-01,68.4931,EUR
10015,2025-10-02,68.0101,EUR
10015,2025-10-03,68.5144,EUR
10015,2025-10-06,67.4842,EUR
10015,2025-10-07,65.9644,EUR
10015,2025-10-08,66.7276,EUR
10015,2025-10-09,68.1542,EUR
10015,2025-10-10,66.6364,EUR
10015,2025-10-13,66.6844,EUR
10015,2025-10-14,66.2684,EUR
10015,2025-10-15,66.7163,EUR
10015,2025-10-16,65.6999,EUR
10015,2025-10-17,64.7242,EUR
10015,2025-10-20,64.1386,EUR
10015,2025-10-21,64.3734,EUR
10015,2025-10-22,63.8866,EUR
10015,2025-10-23,64.134,EUR
10015,2025-10-24,65.3375,EUR
10015,2025-10-27,67.0095,EUR
10015,2025-10-28,67.9989,EUR
10015,2025-10-29,67.2977,EUR
10015,2025-10-30,67.4343,EUR
10015,2025-10-31,68.1024,EUR
10015,2025-11-03,69.9032,EUR
10015,2025-11-04,70.5583,EUR
10015,2025-11-05,70.2321,EUR
10015,2025-11-06,69.774,EUR
10015,2025-11-07,71.4342,EUR
10015,2025-11-10,73.0332,EUR
10015,2025-11-11,71.7292,EUR
10015,2025-11-12,71.9351,EUR
10015,2025-11-13,71.13,EUR
10015,2025-11-14,71.5057,EUR
10015,2025-11-17,70.6492,EUR
10015,2025-11-18,69.8422,EUR
10015,2025-11-19,68.9198,EUR
10015,2025-11-20,68.8089,EUR
10015,2025-11-21,68.2961,EUR
10015,2025-11-24,67.1837,EUR
10015,2025-11-25,67.2631,EUR
10015,2025-11-26,67.3184,EUR
10015,2025-11-27,69.3438,EUR
10015,2025-11-28,68.4817,EUR
10015,2025-12-01,69.3493,EUR
10015,2025-12-02,69.6671,EUR
10015,2025-12-03,70.8609,EUR
10015,2025-12-04,71.9188,EUR
10015,2025-12-05,73.5883,EUR
10015,2025-12-08,73.1446,EUR
10015,2025-12-09,72.115,EUR
10015,2025-12-10,72.6214,EUR
10015,2025-12-11,70.9408,EUR
10015,2025-12-12,70.6903,EUR
10015,2025-12-15,71.7043,EUR
10015,2025-12-16,72.1158,EUR
10015,2025-12-17,70.3483,EUR
10015,2025-12-18,70.8292,EUR
10015,2025-12-19,72.4631,EUR
10015,2025-12-22,72.1139,EUR
10015,2025-12-23,70.5309,EUR
10015,2025-12-24,72.1384,EUR
10015,2025-12-25,71.8665,EUR
10015,2025-12-26,73.5904,EUR
10015,2025-12-29,72.1231,EUR
10015,2025-12-30,73.0049,EUR
10015,2025-12-31,73.1484,EUR
10016,2024-12-24,198.3224,CAD
10016,2024-12-25,199.6839,CAD
10016,2024-12-26,196.5897,CAD
10016,2024-12-27,196.006,CAD
10016,2024-12-30,193.0572,CAD
10016,2024-12-31,197.9893,CAD
10016,2025-01-01,199.481,CAD
10016,2025-01-02,199.961,CAD
10016,2025-01-03,202.1148,CAD
10016,2025-01-06,200.396,CAD
10016,2025-01-07,202.0768,CAD
10016,2025-01-08,200.6469,CAD
10016,2025-01-09,202.0128,CAD
10016,2025-01-10,201.3439,CAD
10016,2025-01-13,197.9957,CAD
10016,2025-01-14,199.1035,CAD
10016,2025-01-15,201.6575,CAD
10016,2025-01-16,198.4178,CAD
10016,2025-01-17,198.0022,CAD
10016,2025-01-20,196.5893,CAD
10016,2025-01-21,195.8853,CAD
10016,2025-01-22,190.9463,CAD
10016,2025-01-23,191.6073,CAD
10016,2025-01-24,190.5388,CAD
10016,2025-01-27,190.8627,CAD
10016,2025-01-28,188.9094,CAD
10016,2025-01-29,188.641,CAD
10016,2025-01-30,187.6485,CAD
10016,2025-01-31,191.0442,CAD
10016,2025-02-03,189.2874,CAD
10016,2025-02-04,192.9857,CAD
10016,2025-02-05,189.3272,CAD
10016,2025-02-06,186.3314,CAD
10016,2025-02-07,188.3533,CAD
10016,2025-02-10,186.2172,CAD
10016,2025-02-11,183.4138,CAD
10016,2025-02-12,179.8018,CAD
10016,2025-02-13,181.8508,CAD
10016,2025-02-14,183.5852,CAD
10016,2025-02-17,185.6663,CAD
10016,2025-02-18,183.8712,CAD
10016,2025-02-19,184.661,CAD
10016,2025-02-20,187.0745,CAD
10016,2025-02-21,185.1044,CAD
10016,2025-02-24,182.9173,CAD
10016,2025-02-25,184.4178,CAD
10016,2025-02-26,183.379,CAD
10016,2025-02-27,180.2001,CAD
10016,2025-02-28,179.3164,CAD
10016,2025-03-03,177.4957,CAD
10016,2025-03-04,177.0725,CAD
10016,2025-03-05,178.4051,CAD
10016,2025-03-06,181.8212,CAD
10016,2025-03-07,179.5618,CAD
10016,2025-03-10,181.8117,CAD
10016,2025-03-11,184.9586,CAD
10016,2025-03-12,185.0497,CAD
10016,2025-03-13,185.4332,CAD
10016,2025-03-14,185.9436,CAD
10016,2025-03-17,185.0284,CAD
10016,2025-03-18,186.8429,CAD
10016,2025-03-19,187.5388,CAD
10016,2025-03-20,187.1475,CAD
10016,2025-03-21,184.4892,CAD
10016,2025-03-24,184.996,CAD
10016,2025-03-25,189.7892,CAD
10016,2025-03-26,190.9801,CAD
10016,2025-03-27,192.6695,CAD
10016,2025-03-28,193.3146,CAD
10016,2025-03-31,196.8887,CAD
10016,2025-04-01,194.2595,CAD
10016,2025-04-02,192.5453,CAD
10016,2025-04-03,192.921,CAD
10016,2025-04-04,192.4929,CAD
10016,2025-04-07,192.8551,CAD
10016,2025-04-08,194.4614,CAD
10016,2025-04-09,193.3891,CAD
10016,2025-04-10,194.7103,CAD
10016,2025-04-11,197.4973,CAD
10016,2025-04-14,198.9933,CAD
10016,2025-04-15,191.5109,CAD
10016,2025-04-16,195.7363,CAD
10016,2025-04-17,194.6356,CAD
10016,2025-04-18,190.6908,CAD
10016,2025-04-21,191.8813,CAD
10016,2025-04-22,191.3655,CAD
10016,2025-04-23,189.7402,CAD
10016,2025-04-24,188.6687,CAD
10016,2025-04-25,188.0739,CAD
10016,2025-04-28,187.952,CAD
10016,2025-04-29,183.8982,CAD
10016,2025-04-30,181.7037,CAD
10016,2025-05-01,182.5238,CAD
10016,2025-05-02,181.0897,CAD
10016,2025-05-05,177.0586,CAD
10016,2025-05-06,172.6628,CAD
10016,2025-05-07,170.8338,CAD
10016,2025-05-08,172.7742,CAD
10016,2025-05-09,172.7542,CAD
10016,2025-05-12,174.9136,CAD
10016,2025-05-13,173.2518,CAD
10016,2025-05-14,168.8279,CAD
10016,2025-05-15,167.8945,CAD
10016,2025-05-16,167.5517,CAD
10016,2025-05-19,164.9987,CAD
10016,2025-05-20,165.5217,CAD
10016,2025-05-21,167.1081,CAD
10016,2025-05-22,166.2123,CAD
10016,2025-05-23,165.8588,CAD
10016,2025-05-26,163.4618,CAD
10016,2025-05-27,160.796,CAD
10016,2025-05-28,160.5674,CAD
10016,2025-05-29,161.3721,CAD
10016,2025-05-30,162.2012,CAD
10016,2025-06-02,158.1535,CAD
10016,2025-06-03,163.2265,CAD
10016,2025-06-04,165.7225,CAD
10016,2025-06-05,164.3989,CAD
10016,2025-06-06,166.0865,CAD
10016,2025-06-09,166.053,CAD
10016,2025-06-10,167.2717,CAD
10016,2025-06-11,165.1915,CAD
10016,2025-06-12,162.4831,CAD
10016,2025-06-13,162.4593,CAD
10016,2025-06-16,164.9996,CAD
10016,2025-06-17,167.2509,CAD
10016,2025-06-18,167.3832,CAD
10016,2025-06-19,168.1208,CAD
10016,2025-06-20,165.6883,CAD
10016,2025-06-23,163.7995,CAD
10016,2025-06-24,159.2536,CAD
10016,2025-06-25,156.7711,CAD
10016,2025-06-26,156.2097,CAD
10016,2025-06-27,155.0155,CAD
10016,2025-06-30,154.482,CAD
10016,2025-07-01,152.5608,CAD
10016,2025-07-02,152.459,CAD
10016,2025-07-03,154.0322,CAD
10016,2025-07-04,151.3724,CAD
10016,2025-07-07,150.7089,CAD
10016,2025-07-08,149.8883,CAD
10016,2025-07-09,149.237,CAD
10016,2025-07-10,147.8993,CAD
10016,2025-07-11,145.5698,CAD
10016,2025-07-14,146.3478,CAD
10016,2025-07-15,145.8603,CAD
10016,2025-07-16,142.4215,CAD
10016,2025-07-17,141.6842,CAD
10016,2025-07-18,141.5164,CAD
10016,2025-07-21,143.3869,CAD
10016,2025-07-22,142.9211,CAD
10016,2025-07-23,145.3339,CAD
10016,2025-07-24,144.2307,CAD
10016,2025-07-25,144.3772,CAD
10016,2025-07-28,145.5074,CAD
10016,2025-07-29,146.6413,CAD
10016,2025-07-30,148.995,CAD
10016,2025-07-31,145.9938,CAD
10016,2025-08-01,148.1524,CAD
10016,2025-08-04,148.6347,CAD
10016,2025-08-05,147.3413,CAD
10016,2025-08-06,148.4225,CAD
10016,2025-08-07,146.1238,CAD
10016,2025-08-08,147.4214,CAD
10016,2025-08-11,144.4334,CAD
10016,2025-08-12,142.8091,CAD
10016,2025-08-13,141.2516,CAD
10016,2025-08-14,141.3921,CAD
10016,2025-08-15,142.1814,CAD
10016,2025-08-18,143.8043,CAD
10016,2025-08-19,143.8593,CAD
10016,2025-08-20,146.1662,CAD
10016,2025-08-21,150.3756,CAD
10016,2025-08-22,148.5322,CAD
10016,2025-08-25,148.8845,CAD
10016,2025-08-26,151.0267,CAD
10016,2025-08-27,152.0666,CAD
10016,2025-08-28,151.6981,CAD
10016,2025-08-29,152.5146,CAD
10016,2025-09-01,149.0419,CAD
10016,2025-09-02,148.9711,CAD
10016,2025-09-03,149.9471,CAD
10016,2025-09-04,150.486,CAD
10016,2025-09-05,149.0434,CAD
10016,2025-09-08,146.2051,CAD
10016,2025-09-09,146.8742,CAD
10016,2025-09-10,146.9886,CAD
10016,2025-09-11,145.7637,CAD
10016,2025-09-12,144.3811,CAD
10016,2025-09-15,148.371,CAD
10016,2025-09-16,152.3644,CAD
10016,2025-09-17,151.139,CAD
10016,2025-09-18,149.9961,CAD
10016,2025-09-19,149.1633,CAD
10016,2025-09-22,148.4843,CAD
10016,2025-09-23,148.7251,CAD
10016,2025-09-24,148.4973,CAD
10016,2025-09-25,149.4995,CAD
10016,2025-09-26,147.3601,CAD
10016,2025-09-29,147.9633,CAD
10016,2025-09-30,150.7845,CAD
10016,2025-10-01,153.8331,CAD
10016,2025-10-02,154.5122,CAD
10016,2025-10-03,156.3077,CAD
10016,2025-10-06,157.8176,CAD
10016,2025-10-07,157.2018,CAD
10016,2025-10-08,157.8599,CAD
10016,2025-10-09,160.525,CAD
10016,2025-10-10,158.6583,CAD
10016,2025-10-13,158.7874,CAD
10016,2025-10-14,158.0303,CAD
10016,2025-10-15,159.217,CAD
10016,2025-10-16,160.4334,CAD
10016,2025-10-17,160.1149,CAD
10016,2025-10-20,163.6212,CAD
10016,2025-10-21,162.9367,CAD
10016,2025-10-22,162.1418,CAD
10016,2025-10-23,165.1011,CAD
10016,2025-10-24,164.6036,CAD
10016,2025-10-27,165.0559,CAD
10016,2025-10-28,165.105,CAD
10016,2025-10-29,165.958,CAD
10016,2025-10-30,162.071,CAD
10016,2025-10-31,164.7117,CAD
10016,2025-11-03,166.5602,CAD
10016,2025-11-04,166.573,CAD
10016,2025-11-05,166.9356,CAD
10016,2025-11-06,167.7215,CAD
10016,2025-11-07,169.363,CAD
10016,2025-11-10,172.7026,CAD
10016,2025-11-11,172.781,CAD
10016,2025-11-12,171.5718,CAD
10016,2025-11-13,170.2542,CAD
10016,2025-11-14,170.1157,CAD
10016,2025-11-17,169.6676,CAD
10016,2025-11-18,169.2338,CAD
10016,2025-11-19,170.0817,CAD
10016,2025-11-20,171.001,CAD
10016,2025-11-21,170.4725,CAD
10016,2025-11-24,171.584,CAD
10016,2025-11-25,169.159,CAD
10016,2025-11-26,170.4645,CAD
10016,2025-11-27,172.7413,CAD
10016,2025-11-28,175.3307,CAD
10016,2025-12-01,177.3539,CAD
10016,2025-12-02,175.4522,CAD
10016,2025-12-03,176.3648,CAD
10016,2025-12-04,178.7385,CAD
10016,2025-12-05,178.0364,CAD
10016,2025-12-08,178.0711,CAD
10016,2025-12-09,179.9203,CAD
10016,2025-12-10,180.138,CAD
10016,2025-12-11,180.5868,CAD
10016,2025-12-12,181.4714,CAD
10016,2025-12-15,185.6943,CAD
10016,2025-12-16,181.5043,CAD
10016,2025-12-17,179.1432,CAD
10016,2025-12-18,174.7972,CAD
10016,2025-12-19,174.4868,CAD
10016,2025-12-22,176.1398,CAD
10016,2025-12-23,173.3893,CAD
10016,2025-12-24,173.1083,CAD
10016,2025-12-25,174.2897,CAD
10016,2025-12-26,173.5726,CAD
10016,2025-12-29,174.1137,CAD
10016,2025-12-30,176.0348,CAD
10016,2025-12-31,173.9259,CAD
10017,2024-12-24,80.8195,USD
10017,2024-12-25,81.1885,USD
10017,2024-12-26,79.5753,USD
10017,2024-12-27,77.5284,USD
10017,2024-12-30,78.5022,USD
10017,2024-12-31,79.0374,USD
10017,2025-01-01,79.6601,USD
10017,2025-01-02,78.7042,USD
10017,2025-01-03,76.9022,USD
10017,2025-01-06,77.1424,USD
10017,2025-01-07,77.9523,USD
10017,2025-01-08,75.9641,USD
10017,2025-01-09,74.5409,USD
10017,2025-01-10,72.814,USD
10017,2025-01-13,73.4996,USD
10017,2025-01-14,73.6914,USD
10017,2025-01-15,73.2565,USD
10017,2025-01-16,72.6433,USD
10017,2025-01-17,71.4214,USD
10017,2025-01-20,70.9727,USD
10017,2025-01-21,72.0452,USD
10017,2025-01-22,71.6766,USD
10017,2025-01-23,71.2104,USD
10017,2025-01-24,70.9424,USD
10017,2025-01-27,70.3678,USD
10017,2025-01-28,70.527,USD
10017,2025-01-29,68.7726,USD
10017,2025-01-30,68.6586,USD
10017,2025-01-31,68.844,USD
10017,2025-02-03,69.6491,USD
10017,2025-02-04,69.5688,USD
10017,2025-02-05,69.9373,USD
10017,2025-02-06,68.5586,USD
10017,2025-02-07,66.4119,USD
10017,2025-02-10,66.472,USD
10017,2025-02-11,67.1932,USD
10017,2025-02-12,66.3994,USD
10017,2025-02-13,66.1249,USD
10017,2025-02-14,65.9471,USD
10017,2025-02-17,66.2417,USD
10017,2025-02-18,65.0278,USD
10017,2025-02-19,66.0148,USD
10017,2025-02-20,66.0944,USD
10017,2025-02-21,65.9765,USD
10017,2025-02-24,64.9545,USD
10017,2025-02-25,64.7912,USD
10017,2025-02-26,65.5648,USD
10017,2025-02-27,65.7047,USD
10017,2025-02-28,63.9478,USD
10017,2025-03-03,62.8439,USD
10017,2025-03-04,61.7499,USD
10017,2025-03-05,62.2825,USD
10017,2025-03-06,63.1706,USD
10017,2025-03-07,62.4412,USD
10017,2025-03-10,61.5419,USD
10017,2025-03-11,61.3781,USD
10017,2025-03-12,60.6411,USD
10017,2025-03-13,60.8804,USD
10017,2025-03-14,60.8038,USD
10017,2025-03-17,60.3254,USD
10017,2025-03-18,61.0285,USD
10017,2025-03-19,60.6294,USD
10017,2025-03-20,60.1261,USD
10017,2025-03-21,60.024,USD
10017,2025-03-24,60.6668,USD
10017,2025-03-25,60.2682,USD
10017,2025-03-26,60.6562,USD
10017,2025-03-27,60.9301,USD
10017,2025-03-28,60.984,USD
10017,2025-03-31,62.1002,USD
10017,2025-04-01,62.5675,USD
10017,2025-04-02,61.188,USD
10017,2025-04-03,61.6271,USD
10017,2025-04-04,60.9732,USD
10017,2025-04-07,61.1251,USD
10017,2025-04-08,59.7024,USD
10017,2025-04-09,59.8729,USD
10017,2025-04-10,59.0555,USD
10017,2025-04-11,58.5547,USD
10017,2025-04-14,58.1516,USD
10017,2025-04-15,58.6384,USD
10017,2025-04-16,58.8527,USD
10017,2025-04-17,58.3118,USD
10017,2025-04-18,58.3614,USD
10017,2025-04-21,60.5228,USD
10017,2025-04-22,60.9,USD
10017,2025-04-23,60.3876,USD
10017,2025-04-24,60.3269,USD
10017,2025-04-25,59.8604,USD
10017,2025-04-28,60.1479,USD
10017,2025-04-29,61.1139,USD
10017,2025-04-30,60.6443,USD
10017,2025-05-01,60.7271,USD
10017,2025-05-02,59.9075,USD
10017,2025-05-05,60.5106,USD
10017,2025-05-06,60.5092,USD
10017,2025-05-07,59.8124,USD
10017,2025-05-08,60.0254,USD
10017,2025-05-09,60.606,USD
10017,2025-05-12,60.8824,USD
10017,2025-05-13,60.8262,USD
10017,2025-05-14,60.9171,USD
10017,2025-05-15,60.8958,USD
10017,2025-05-16,61.0393,USD
10017,2025-05-19,61.2375,USD
10017,2025-05-20,62.0221,USD
10017,2025-05-21,61.8596,USD
10017,2025-05-22,62.1771,USD
10017,2025-05-23,61.4456,USD
10017,2025-05-26,61.3861,USD
10017,2025-05-27,60.5811,USD
10017,2025-05-28,59.3615,USD
10017,2025-05-29,59.2675,USD
10017,2025-05-30,58.564,USD
10017,2025-06-02,57.1288,USD
10017,2025-06-03,57.6608,USD
10017,2025-06-04,57.8352,USD
10017,2025-06-05,56.6591,USD
10017,2025-06-06,56.2204,USD
10017,2025-06-09,56.4499,USD
10017,2025-06-10,57.4024,USD
10017,2025-06-11,56.4792,USD
10017,2025-06-12,57.9115,USD
10017,2025-06-13,57.9638,USD
10017,2025-06-16,57.0542,USD
10017,2025-06-17,57.2406,USD
10017,2025-06-18,56.817,USD
10017,2025-06-19,57.919,USD
10017,2025-06-20,57.6763,USD
10017,2025-06-23,57.5266,USD
10017,2025-06-24,56.5115,USD
10017,2025-06-25,55.8531,USD
10017,2025-06-26,56.5557,USD
10017,2025-06-27,58.3671,USD
10017,2025-06-30,58.8965,USD
10017,2025-07-01,58.2318,USD
10017,2025-07-02,57.6642,USD
10017,2025-07-03,58.1539,USD
10017,2025-07-04,58.4268,USD
10017,2025-07-07,58.6566,USD
10017,2025-07-08,58.255,USD
10017,2025-07-09,58.1711,USD
10017,2025-07-10,58.817,USD
10017,2025-07-11,59.9062,USD
10017,2025-07-14,60.3829,USD
10017,2025-07-15,60.8308,USD
10017,2025-07-16,59.5702,USD
10017,2025-07-17,60.3366,USD
10017,2025-07-18,61.0969,USD
10017,2025-07-21,61.4628,USD
10017,2025-07-22,61.3802,USD
10017,2025-07-23,61.6998,USD
10017,2025-07-24,61.4466,USD
10017,2025-07-25,62.4066,USD
10017,2025-07-28,62.2154,USD
10017,2025-07-29,62.0924,USD
10017,2025-07-30,62.2704,USD
10017,2025-07-31,62.1891,USD
10017,2025-08-01,63.4848,USD
10017,2025-08-04,63.3233,USD
10017,2025-08-05,63.1943,USD
10017,2025-08-06,63.2939,USD
10017,2025-08-07,63.0444,USD
10017,2025-08-08,63.0823,USD
10017,2025-08-11,63.6998,USD
10017,2025-08-12,64.027,USD
10017,2025-08-13,63.6755,USD
10017,2025-08-14,62.5185,USD
10017,2025-08-15,63.5142,USD
10017,2025-08-18,64.1519,USD
10017,2025-08-19,65.731,USD
10017,2025-08-20,67.5448,USD
10017,2025-08-21,67.1764,USD
10017,2025-08-22,67.8738,USD
10017,2025-08-25,69.2192,USD
10017,2025-08-26,69.5337,USD
10017,2025-08-27,69.1491,USD
10017,2025-08-28,70.0342,USD
10017,2025-08-29,69.9006,USD
10017,2025-09-01,69.7202,USD
10017,2025-09-02,68.9159,USD
10017,2025-09-03,68.8735,USD
10017,2025-09-04,71.0856,USD
10017,2025-09-05,71.3425,USD
10017,2025-09-08,72.0708,USD
10017,2025-09-09,71.5633,USD
10017,2025-09-10,71.4504,USD
10017,2025-09-11,72.4792,USD
10017,2025-09-12,72.9159,USD
10017,2025-09-15,72.431,USD
10017,2025-09-16,70.6134,USD
10017,2025-09-17,71.5483,USD
10017,2025-09-18,71.3969,USD
10017,2025-09-19,71.259,USD
10017,2025-09-22,71.1936,USD
10017,2025-09-23,71.4998,USD
10017,2025-09-24,71.6595,USD
10017,2025-09-25,71.0547,USD
10017,2025-09-26,71.7245,USD
10017,2025-09-29,72.8249,USD
10017,2025-09-30,72.8699,USD
10017,2025-10-01,71.5751,USD
10017,2025-10-02,71.6575,USD
10017,2025-10-03,71.8612,USD
10017,2025-10-06,70.552,USD
10017,2025-10-07,68.534,USD
10017,2025-10-08,67.7626,USD
10017,2025-10-09,68.3202,USD
10017,2025-10-10,67.4175,USD
10017,2025-10-13,66.6169,USD
10017,2025-10-14,65.8896,USD
10017,2025-10-15,64.4582,USD
10017,2025-10-16,63.5273,USD
10017,2025-10-17,62.4084,USD
10017,2025-10-20,62.4054,USD
10017,2025-10-21,63.1182,USD
10017,2025-10-22,62.5899,USD
10017,2025-10-23,61.9581,USD
10017,2025-10-24,61.7438,USD
10017,2025-10-27,62.3749,USD
10017,2025-10-28,62.379,USD
10017,2025-10-29,62.4281,USD
10017,2025-10-30,62.3443,USD
10017,2025-10-31,63.094,USD
10017,2025-11-03,63.0372,USD
10017,2025-11-04,63.5279,USD
10017,2025-11-05,63.3281,USD
10017,2025-11-06,62.9999,USD
10017,2025-11-07,63.8778,USD
10017,2025-11-10,63.2971,USD
10017,2025-11-11,62.2827,USD
10017,2025-11-12,61.4185,USD
10017,2025-11-13,60.5952,USD
10017,2025-11-14,59.9751,USD
10017,2025-11-17,59.6994,USD
10017,2025-11-18,60.9122,USD
10017,2025-11-19,60.764,USD
10017,2025-11-20,61.0305,USD
10017,2025-11-21,60.8573,USD
10017,2025-11-24,61.8226,USD
10017,2025-11-25,62.1383,USD
10017,2025-11-26,60.8065,USD
10017,2025-11-27,60.5691,USD
10017,2025-11-28,60.3329,USD
10017,2025-12-01,60.8334,USD
10017,2025-12-02,60.9416,USD
10017,2025-12-03,61.3831,USD
10017,2025-12-04,60.046,USD
10017,2025-12-05,61.5682,USD
10017,2025-12-08,62.447,USD
10017,2025-12-09,61.7652,USD
10017,2025-12-10,62.8089,USD
10017,2025-12-11,62.2553,USD
10017,2025-12-12,61.9742,USD
10017,2025-12-15,62.8167,USD
10017,2025-12-16,62.6308,USD
10017,2025-12-17,63.1079,USD
10017,2025-12-18,61.4186,USD
10017,2025-12-19,60.7062,USD
10017,2025-12-22,61.6154,USD
10017,2025-12-23,62.1127,USD
10017,2025-12-24,62.7999,USD
10017,2025-12-25,63.5107,USD
10017,2025-12-26,66.6597,USD
10017,2025-12-29,67.0787,USD
10017,2025-12-30,66.876,USD
10017,2025-12-31,67.1274,USD
10018,2024-12-24,89.4861,EUR
10018,2024-12-25,90.1562,EUR
10018,2024-12-26,90.0349,EUR
10018,2024-12-27,92.0172,EUR
10018,2024-12-30,92.0257,EUR
10018,2024-12-31,90.5929,EUR
10018,2025-01-01,92.4938,EUR
10018,2025-01-02,94.2118,EUR
10018,2025-01-03,94.7723,EUR
10018,2025-01-06,94.8307,EUR
10018,2025-01-07,93.7493,EUR
10018,2025-01-08,94.0512,EUR
10018,2025-01-09,93.144,EUR
10018,2025-01-10,93.962,EUR
10018,2025-01-13,95.9451,EUR
10018,2025-01-14,95.9913,EUR
10018,2025-01-15,95.7245,EUR
10018,2025-01-16,94.3656,EUR
10018,2025-01-17,94.9337,EUR
10018,2025-01-20,95.3171,EUR
10018,2025-01-21,97.1551,EUR
10018,2025-01-22,100.0757,EUR
10018,2025-01-23,103.2976,EUR
10018,2025-01-24,102.5824,EUR
10018,2025-01-27,103.6947,EUR
10018,2025-01-28,106.3715,EUR
10018,2025-01-29,107.1574,EUR
10018,2025-01-30,106.9984,EUR
10018,2025-01-31,105.1004,EUR
10018,2025-02-03,104.2911,EUR
10018,2025-02-04,104.2501,EUR
10018,2025-02-05,105.7009,EUR
10018,2025-02-06,105.3101,EUR
10018,2025-02-07,105.4784,EUR
10018,2025-02-10,104.7066,EUR
10018,2025-02-11,104.398,EUR
10018,2025-02-12,105.3462,EUR
10018,2025-02-13,105.9515,EUR
10018,2025-02-14,108.4632,EUR
10018,2025-02-17,109.1373,EUR
10018,2025-02-18,107.9774,EUR
10018,2025-02-19,107.9015,EUR
10018,2025-02-20,110.6786,EUR
10018,2025-02-21,109.9363,EUR
10018,2025-02-24,111.416,EUR
10018,2025-02-25,110.5117,EUR
10018,2025-02-26,111.3265,EUR
10018,2025-02-27,112.2795,EUR
10018,2025-02-28,112.0363,EUR
10018,2025-03-03,111.2212,EUR
10018,2025-03-04,110.0558,EUR
10018,2025-03-05,109.4876,EUR
10018,2025-03-06,111.0697,EUR
10018,2025-03-07,112.6025,EUR
10018,2025-03-10,110.0091,EUR
10018,2025-03-11,110.6163,EUR
10018,2025-03-12,111.1093,EUR
10018,2025-03-13,111.8515,EUR
10018,2025-03-14,112.396,EUR
10018,2025-03-17,111.5502,EUR
10018,2025-03-18,112.4552,EUR
10018,2025-03-19,112.8863,EUR
10018,2025-03-20,113.2209,EUR
10018,2025-03-21,113.2475,EUR
10018,2025-03-24,115.7908,EUR
10018,2025-03-25,115.8316,EUR
10018,2025-03-26,118.1597,EUR
10018,2025-03-27,119.2585,EUR
10018,2025-03-28,118.3045,EUR
10018,2025-03-31,119.1978,EUR
10018,2025-04-01,121.7144,EUR
10018,2025-04-02,121.3134,EUR
10018,2025-04-03,124.9316,EUR
10018,2025-04-04,122.8146,EUR
10018,2025-04-07,126.0305,EUR
10018,2025-04-08,123.7376,EUR
10018,2025-04-09,124.3652,EUR
10018,2025-04-10,122.8012,EUR
10018,2025-04-11,124.1521,EUR
10018,2025-04-14,126.5959,EUR
10018,2025-04-15,126.49,EUR
10018,2025-04-16,127.9041,EUR
10018,2025-04-17,129.3919,EUR
10018,2025-04-18,130.7862,EUR
10018,2025-04-21,132.2363,EUR
10018,2025-04-22,133.0456,EUR
10018,2025-04-23,131.2638,EUR
10018,2025-04-24,129.6243,EUR
10018,2025-04-25,131.1711,EUR
10018,2025-04-28,131.3592,EUR
10018,2025-04-29,132.229,EUR
10018,2025-04-30,133.5885,EUR
10018,2025-05-01,135.0031,EUR
10018,2025-05-02,133.4838,EUR
10018,2025-05-05,134.3339,EUR
10018,2025-05-06,132.3145,EUR
10018,2025-05-07,130.0555,EUR
10018,2025-05-08,129.8027,EUR
10018,2025-05-09,127.7822,EUR
10018,2025-05-12,129.8545,EUR
10018,2025-05-13,130.3899,EUR
10018,2025-05-14,128.4559,EUR
10018,2025-05-15,126.7076,EUR
10018,2025-05-16,128.1675,EUR
10018,2025-05-19,126.6808,EUR
10018,2025-05-20,123.212,EUR
10018,2025-05-21,122.8515,EUR
10018,2025-05-22,120.6372,EUR
10018,2025-05-23,122.7592,EUR
10018,2025-05-26,124.8092,EUR
10018,2025-05-27,128.8198,EUR
10018,2025-05-28,127.6879,EUR
10018,2025-05-29,128.3997,EUR
10018,2025-05-30,127.3406,EUR
10018,2025-06-02,128.4973,EUR
10018,2025-06-03,131.6254,EUR
10018,2025-06-04,132.5039,EUR
10018,2025-06-05,133.2958,EUR
10018,2025-06-06,135.5979,EUR
10018,2025-06-09,136.7898,EUR
10018,2025-06-10,134.7558,EUR
10018,2025-06-11,135.056,EUR
10018,2025-06-12,135.5556,EUR
10018,2025-06-13,137.0719,EUR
10018,2025-06-16,138.7594,EUR
10018,2025-06-17,136.4369,EUR
10018,2025-06-18,136.8315,EUR
10018,2025-06-19,136.198,EUR
10018,2025-06-20,134.5885,EUR
10018,2025-06-23,137.5694,EUR
10018,2025-06-24,134.0988,EUR
10018,2025-06-25,133.266,EUR
10018,2025-06-26,134.896,EUR
10018,2025-06-27,133.2862,EUR
10018,2025-06-30,132.2441,EUR
10018,2025-07-01,130.461,EUR
10018,2025-07-02,128.7958,EUR
10018,2025-07-03,131.0621,EUR
10018,2025-07-04,129.8176,EUR
10018,2025-07-07,130.2244,EUR
10018,2025-07-08,131.1724,EUR
10018,2025-07-09,131.5863,EUR
10018,2025-07-10,131.4434,EUR
10018,2025-07-11,132.3465,EUR
10018,2025-07-14,134.4505,EUR
10018,2025-07-15,133.5557,EUR
10018,2025-07-16,132.48,EUR
10018,2025-07-17,134.0484,EUR
10018,2025-07-18,134.395,EUR
10018,2025-07-21,136.245,EUR
10018,2025-07-22,134.2744,EUR
10018,2025-07-23,136.9278,EUR
10018,2025-07-24,139.7054,EUR
10018,2025-07-25,137.7519,EUR
10018,2025-07-28,136.4076,EUR
10018,2025-07-29,135.6312,EUR
10018,2025-07-30,133.0139,EUR
10018,2025-07-31,134.7865,EUR
10018,2025-08-01,132.2216,EUR
10018,2025-08-04,134.3071,EUR
10018,2025-08-05,134.2918,EUR
10018,2025-08-06,132.8778,EUR
10018,2025-08-07,133.036,EUR
10018,2025-08-08,135.7421,EUR
10018,2025-08-11,135.9129,EUR
10018,2025-08-12,135.2184,EUR
10018,2025-08-13,133.8089,EUR
10018,2025-08-14,134.5496,EUR
10018,2025-08-15,133.9369,EUR
10018,2025-08-18,138.8728,EUR
10018,2025-08-19,137.1406,EUR
10018,2025-08-20,139.0895,EUR
10018,2025-08-21,139.2609,EUR
10018,2025-08-22,136.0636,EUR
10018,2025-08-25,134.7316,EUR
10018,2025-08-26,133.7007,EUR
10018,2025-08-27,133.3366,EUR
10018,2025-08-28,134.2919,EUR
10018,2025-08-29,135.0792,EUR
10018,2025-09-01,138.012,EUR
10018,2025-09-02,142.0023,EUR
10018,2025-09-03,139.2712,EUR
10018,2025-09-04,140.2069,EUR
10018,2025-09-05,142.8292,EUR
10018,2025-09-08,144.4689,EUR
10018,2025-09-09,146.478,EUR
10018,2025-09-10,143.0944,EUR
10018,2025-09-11,143.5334,EUR
10018,2025-09-12,143.6659,EUR
10018,2025-09-15,139.9787,EUR
10018,2025-09-16,140.1061,EUR
10018,2025-09-17,142.9394,EUR
10018,2025-09-18,144.993,EUR
10018,2025-09-19,144.3367,EUR
10018,2025-09-22,143.8795,EUR
10018,2025-09-23,143.992,EUR
10018,2025-09-24,143.7846,EUR
10018,2025-09-25,144.2514,EUR
10018,2025-09-26,143.5842,EUR
10018,2025-09-29,145.3413,EUR
10018,2025-09-30,143.6858,EUR
10018,2025-10-01,146.6231,EUR
10018,2025-10-02,145.6117,EUR
10018,2025-10-03,145.2977,EUR
10018,2025-10-06,145.4827,EUR
10018,2025-10-07,145.4191,EUR
10018,2025-10-08,148.4144,EUR
10018,2025-10-09,149.9849,EUR
10018,2025-10-10,155.3773,EUR
10018,2025-10-13,152.7536,EUR
10018,2025-10-14,152.8794,EUR
10018,2025-10-15,155.3476,EUR
10018,2025-10-16,154.0371,EUR
10018,2025-10-17,152.5413,EUR
10018,2025-10-20,152.8817,EUR
10018,2025-10-21,154.2034,EUR
10018,2025-10-22,152.7399,EUR
10018,2025-10-23,157.2189,EUR
10018,2025-10-24,156.2064,EUR
10018,2025-10-27,160.2081,EUR
10018,2025-10-28,160.5933,EUR
10018,2025-10-29,162.6889,EUR
10018,2025-10-30,159.5064,EUR
10018,2025-10-31,161.0437,EUR
10018,2025-11-03,161.281,EUR
10018,2025-11-04,158.1464,EUR
10018,2025-11-05,159.4811,EUR
10018,2025-11-06,156.5654,EUR
10018,2025-11-07,158.2993,EUR
10018,2025-11-10,158.7611,EUR
10018,2025-11-11,157.6769,EUR
10018,2025-11-12,160.0646,EUR
10018,2025-11-13,156.4552,EUR
10018,2025-11-14,160.7498,EUR
10018,2025-11-17,164.3671,EUR
10018,2025-11-18,163.909,EUR
10018,2025-11-19,160.5247,EUR
10018,2025-11-20,160.2379,EUR
10018,2025-11-21,160.1022,EUR
10018,2025-11-24,160.646,EUR
10018,2025-11-25,162.3585,EUR
10018,2025-11-26,160.7477,EUR
10018,2025-11-27,163.1304,EUR
10018,2025-11-28,165.8259,EUR
10018,2025-12-01,166.5547,EUR
10018,2025-12-02,169.3626,EUR
10018,2025-12-03,170.2907,EUR
10018,2025-12-04,172.3535,EUR
10018,2025-12-05,173.1728,EUR
10018,2025-12-08,173.1417,EUR
10018,2025-12-09,172.8214,EUR
10018,2025-12-10,174.4652,EUR
10018,2025-12-11,177.0422,EUR
10018,2025-12-12,176.4073,EUR
10018,2025-12-15,177.2352,EUR
10018,2025-12-16,176.3407,EUR
10018,2025-12-17,176.6062,EUR
10018,2025-12-18,176.9768,EUR
10018,2025-12-19,176.4428,EUR
10018,2025-12-22,174.3304,EUR
10018,2025-12-23,172.4929,EUR
10018,2025-12-24,171.474,EUR
10018,2025-12-25,172.8161,EUR
10018,2025-12-26,177.1824,EUR
10018,2025-12-29,175.5123,EUR
10018,2025-12-30,170.6864,EUR
10018,2025-12-31,171.9332,EUR
10019,2024-12-24,84.849,CAD
10019,2024-12-25,84.1441,CAD
10019,2024-12-26,82.9539,CAD
10019,2024-12-27,82.5935,CAD
10019,2024-12-30,83.6786,CAD
10019,2024-12-31,83.7702,CAD
10019,2025-01-01,83.7214,CAD
10019,2025-01-02,83.9602,CAD
10019,2025-01-03,83.8786,CAD
10019,2025-01-06,83.4749,CAD
10019,2025-01-07,84.6422,CAD
10019,2025-01-08,85.6297,CAD
10019,2025-01-09,85.255,CAD
10019,2025-01-10,85.4009,CAD
10019,2025-01-13,86.3427,CAD
10019,2025-01-14,86.8147,CAD
10019,2025-01-15,87.2967,CAD
10019,2025-01-16,87.9722,CAD
10019,2025-01-17,87.5205,CAD
10019,2025-01-20,86.6582,CAD
10019,2025-01-21,86.6637,CAD
10019,2025-01-22,85.8067,CAD
10019,2025-01-23,85.248,CAD
10019,2025-01-24,87.1807,CAD
10019,2025-01-27,88.3484,CAD
10019,2025-01-28,86.9357,CAD
10019,2025-01-29,85.9718,CAD
10019,2025-01-30,84.8302,CAD
10019,2025-01-31,85.3823,CAD
10019,2025-02-03,83.5145,CAD
10019,2025-02-04,83.2578,CAD
10019,2025-02-05,82.6048,CAD
10019,2025-02-06,82.5888,CAD
10019,2025-02-07,81.7984,CAD
10019,2025-02-10,82.0908,CAD
10019,2025-02-11,82.5998,CAD
10019,2025-02-12,82.8259,CAD
10019,2025-02-13,83.5586,CAD
10019,2025-02-14,82.6489,CAD
10019,2025-02-17,81.9633,CAD
10019,2025-02-18,80.1288,CAD
10019,2025-02-19,80.5512,CAD
10019,2025-02-20,80.3718,CAD
10019,2025-02-21,81.4345,CAD
10019,2025-02-24,80.8844,CAD
10019,2025-02-25,80.672,CAD
10019,2025-02-26,81.5028,CAD
10019,2025-02-27,81.5929,CAD
10019,2025-02-28,80.7278,CAD
10019,2025-03-03,80.9491,CAD
10019,2025-03-04,79.7282,CAD
10019,2025-03-05,79.248,CAD
10019,2025-03-06,79.3588,CAD
10019,2025-03-07,79.0428,CAD
10019,2025-03-10,79.8385,CAD
10019,2025-03-11,79.7168,CAD
10019,2025-03-12,79.1328,CAD
10019,2025-03-13,78.7828,CAD
10019,2025-03-14,79.1397,CAD
10019,2025-03-17,78.8417,CAD
10019,2025-03-18,78.0666,CAD
10019,2025-03-19,77.01,CAD
10019,2025-03-20,77.587,CAD
10019,2025-03-21,77.5922,CAD
10019,2025-03-24,78.2592,CAD
10019,2025-03-25,78.0015,CAD
10019,2025-03-26,77.675,CAD
10019,2025-03-27,77.9675,CAD
10019,2025-03-28,77.521,CAD
10019,2025-03-31,79.1253,CAD
10019,2025-04-01,79.8525,CAD
10019,2025-04-02,79.1273,CAD
10019,2025-04-03,79.5677,CAD
10019,2025-04-04,80.4582,CAD
10019,2025-04-07,81.1917,CAD
10019,2025-04-08,80.7378,CAD
10019,2025-04-09,80.8179,CAD
10019,2025-04-10,80.5901,CAD
10019,2025-04-11,79.9387,CAD
10019,2025-04-14,81.3648,CAD
10019,2025-04-15,81.2026,CAD
10019,2025-04-16,82.2442,CAD
10019,2025-04-17,82.1374,CAD
10019,2025-04-18,83.667,CAD
10019,2025-04-21,83.9005,CAD
10019,2025-04-22,83.3532,CAD
10019,2025-04-23,82.8351,CAD
10019,2025-04-24,82.2064,CAD
10019,2025-04-25,82.7807,CAD
10019,2025-04-28,83.1647,CAD
10019,2025-04-29,83.4474,CAD
10019,2025-04-30,82.9471,CAD
10019,2025-05-01,84.8265,CAD
10019,2025-05-02,82.977,CAD
10019,2025-05-05,83.5641,CAD
10019,2025-05-06,82.2805,CAD
10019,2025-05-07,79.6187,CAD
10019,2025-05-08,77.5535,CAD
10019,2025-05-09,77.7352,CAD
10019,2025-05-12,78.4683,CAD
10019,2025-05-13,77.8862,CAD
10019,2025-05-14,77.7985,CAD
10019,2025-05-15,78.9838,CAD
10019,2025-05-16,78.1192,CAD
10019,2025-05-19,79.4259,CAD
10019,2025-05-20,77.5685,CAD
10019,2025-05-21,77.2187,CAD
10019,2025-05-22,76.3784,CAD
10019,2025-05-23,76.427,CAD
10019,2025-05-26,77.0184,CAD
10019,2025-05-27,77.1738,CAD
10019,2025-05-28,77.4763,CAD
10019,2025-05-29,77.8288,CAD
10019,2025-05-30,78.7134,CAD
10019,2025-06-02,78.0103,CAD
10019,2025-06-03,78.5153,CAD
10019,2025-06-04,80.6826,CAD
10019,2025-06-05,80.97,CAD
10019,2025-06-06,80.5201,CAD
10019,2025-06-09,79.7031,CAD
10019,2025-06-10,79.2883,CAD
10019,2025-06-11,78.879,CAD
10019,2025-06-12,80.2303,CAD
10019,2025-06-13,80.0755,CAD
10019,2025-06-16,79.8916,CAD
10019,2025-06-17,80.0761,CAD
10019,2025-06-18,78.7557,CAD
10019,2025-06-19,79.228,CAD
10019,2025-06-20,79.7204,CAD
10019,2025-06-23,77.5026,CAD
10019,2025-06-24,77.1034,CAD
10019,2025-06-25,77.8042,CAD
10019,2025-06-26,78.3338,CAD
10019,2025-06-27,78.3132,CAD
10019,2025-06-30,78.3104,CAD
10019,2025-07-01,79.2162,CAD
10019,2025-07-02,78.1591,CAD
10019,2025-07-03,77.3467,CAD
10019,2025-07-04,77.3303,CAD
10019,2025-07-07,78.1177,CAD
10019,2025-07-08,77.6978,CAD
10019,2025-07-09,77.5684,CAD
10019,2025-07-10,76.2591,CAD
10019,2025-07-11,77.5519,CAD
10019,2025-07-14,77.0686,CAD
10019,2025-07-15,78.9269,CAD
10019,2025-07-16,78.8746,CAD
10019,2025-07-17,79.666,CAD
10019,2025-07-18,80.043,CAD
10019,2025-07-21,78.6349,CAD
10019,2025-07-22,78.3896,CAD
10019,2025-07-23,77.902,CAD
10019,2025-07-24,79.3114,CAD
10019,2025-07-25,79.1485,CAD
10019,2025-07-28,79.989,CAD
10019,2025-07-29,78.9779,CAD
10019,2025-07-30,79.3028,CAD
10019,2025-07-31,79.2596,CAD
10019,2025-08-01,78.9689,CAD
10019,2025-08-04,78.9294,CAD
10019,2025-08-05,78.0062,CAD
10019,2025-08-06,76.7403,CAD
10019,2025-08-07,77.4353,CAD
10019,2025-08-08,77.3586,CAD
10019,2025-08-11,78.5034,CAD
10019,2025-08-12,77.6209,CAD
10019,2025-08-13,77.7677,CAD
10019,2025-08-14,78.0157,CAD
10019,2025-08-15,79.1093,CAD
10019,2025-08-18,79.144,CAD
10019,2025-08-19,79.2696,CAD
10019,2025-08-20,78.0798,CAD
10019,2025-08-21,78.2399,CAD
10019,2025-08-22,78.3465,CAD
10019,2025-08-25,78.0575,CAD
10019,2025-08-26,77.593,CAD
10019,2025-08-27,77.0437,CAD
10019,2025-08-28,77.7037,CAD
10019,2025-08-29,77.3117,CAD
10019,2025-09-01,78.7401,CAD
10019,2025-09-02,78.4747,CAD
10019,2025-09-03,78.1412,CAD
10019,2025-09-04,77.7995,CAD
10019,2025-09-05,76.9926,CAD
10019,2025-09-08,79.3688,CAD
10019,2025-09-09,79.1465,CAD
10019,2025-09-10,79.1836,CAD
10019,2025-09-11,79.7418,CAD
10019,2025-09-12,79.8291,CAD
10019,2025-09-15,80.3569,CAD
10019,2025-09-16,78.8736,CAD
10019,2025-09-17,79.0829,CAD
10019,2025-09-18,79.219,CAD
10019,2025-09-19,79.2985,CAD
10019,2025-09-22,78.7105,CAD
10019,2025-09-23,78.3961,CAD
10019,2025-09-24,78.5441,CAD
10019,2025-09-25,80.0047,CAD
10019,2025-09-26,78.2752,CAD
10019,2025-09-29,78.6007,CAD
10019,2025-09-30,79.5683,CAD
10019,2025-10-01,80.2857,CAD
10019,2025-10-02,79.6721,CAD
10019,2025-10-03,79.1579,CAD
10019,2025-10-06,78.5682,CAD
10019,2025-10-07,78.295,CAD
10019,2025-10-08,80.2731,CAD
10019,2025-10-09,80.658,CAD
10019,2025-10-10,81.3344,CAD
10019,2025-10-13,82.7102,CAD
10019,2025-10-14,83.2996,CAD
10019,2025-10-15,82.518,CAD
10019,2025-10-16,83.2662,CAD
10019,2025-10-17,83.5534,CAD
10019,2025-10-20,83.2788,CAD
10019,2025-10-21,82.7472,CAD
10019,2025-10-22,83.3528,CAD
10019,2025-10-23,82.2907,CAD
10019,2025-10-24,84.6182,CAD
10019,2025-10-27,84.2216,CAD
10019,2025-10-28,83.6695,CAD
10019,2025-10-29,81.5673,CAD
10019,2025-10-30,82.8874,CAD
10019,2025-10-31,84.9243,CAD
10019,2025-11-03,85.0886,CAD
10019,2025-11-04,85.0374,CAD
10019,2025-11-05,84.7957,CAD
10019,2025-11-06,84.6877,CAD
10019,2025-11-07,84.6959,CAD
10019,2025-11-10,83.8999,CAD
10019,2025-11-11,82.5598,CAD
10019,2025-11-12,81.9445,CAD
10019,2025-11-13,81.8931,CAD
10019,2025-11-14,81.9231,CAD
10019,2025-11-17,80.7025,CAD
10019,2025-11-18,83.1278,CAD
10019,2025-11-19,83.2556,CAD
10019,2025-11-20,83.1841,CAD
10019,2025-11-21,82.9405,CAD
10019,2025-11-24,82.9395,CAD
10019,2025-11-25,84.1419,CAD
10019,2025-11-26,84.042,CAD
10019,2025-11-27,85.2778,CAD
10019,2025-11-28,85.7261,CAD
10019,2025-12-01,84.4325,CAD
10019,2025-12-02,85.1965,CAD
10019,2025-12-03,86.0886,CAD
10019,2025-12-04,84.0639,CAD
10019,2025-12-05,84.3042,CAD
10019,2025-12-08,83.0269,CAD
10019,2025-12-09,83.6093,CAD
10019,2025-12-10,83.4402,CAD
10019,2025-12-11,84.4232,CAD
10019,2025-12-12,82.4253,CAD
10019,2025-12-15,82.7828,CAD
10019,2025-12-16,81.3357,CAD
10019,2025-12-17,81.705,CAD
10019,2025-12-18,81.8676,CAD
10019,2025-12-19,80.7124,CAD
10019,2025-12-22,80.193,CAD
10019,2025-12-23,82.3895,CAD
10019,2025-12-24,81.3419,CAD
10019,2025-12-25,81.7487,CAD
10019,2025-12-26,83.4362,CAD
10019,2025-12-29,83.2227,CAD
10019,2025-12-30,82.9713,CAD
10019,2025-12-31,83.5181,CAD
10020,2024-12-24,81.435,USD
10020,2024-12-25,82.7565,USD
10020,2024-12-26,81.7035,USD
10020,2024-12-27,84.1779,USD
10020,2024-12-30,84.5487,USD
10020,2024-12-31,85.9051,USD
10020,2025-01-01,85.1643,USD
10020,2025-01-02,85.2425,USD
10020,2025-01-03,83.6284,USD
10020,2025-01-06,83.0648,USD
10020,2025-01-07,86.0814,USD
10020,2025-01-08,89.0309,USD
10020,2025-01-09,85.2202,USD
10020,2025-01-10,85.0332,USD
10020,2025-01-13,85.3318,USD
10020,2025-01-14,86.2696,USD
10020,2025-01-15,86.6391,USD
10020,2025-01-16,86.6798,USD
10020,2025-01-17,84.5532,USD
10020,2025-01-20,82.7695,USD
10020,2025-01-21,81.9967,USD
10020,2025-01-22,82.8812,USD
10020,2025-01-23,83.2767,USD
10020,2025-01-24,83.0687,USD
10020,2025-01-27,83.8845,USD
10020,2025-01-28,83.6402,USD
10020,2025-01-29,83.7018,USD
10020,2025-01-30,82.4171,USD
10020,2025-01-31,79.9198,USD
10020,2025-02-03,81.097,USD
10020,2025-02-04,79.6012,USD
10020,2025-02-05,80.0632,USD
10020,2025-02-06,79.0184,USD
10020,2025-02-07,79.619,USD
10020,2025-02-10,81.4696,USD
10020,2025-02-11,80.4289,USD
10020,2025-02-12,77.9171,USD
10020,2025-02-13,77.1513,USD
10020,2025-02-14,78.4176,USD
10020,2025-02-17,80.9201,USD
10020,2025-02-18,80.5154,USD
10020,2025-02-19,80.6712,USD
10020,2025-02-20,78.5303,USD
10020,2025-02-21,79.5588,USD
10020,2025-02-24,82.5223,USD
10020,2025-02-25,80.1983,USD
10020,2025-02-26,80.3556,USD
10020,2025-02-27,81.3509,USD
10020,2025-02-28,84.8239,USD
10020,2025-03-03,82.9864,USD
10020,2025-03-04,83.8481,USD
10020,2025-03-05,83.1081,USD
10020,2025-03-06,81.9241,USD
10020,2025-03-07,80.8663,USD
10020,2025-03-10,80.5398,USD
10020,2025-03-11,80.3868,USD
10020,2025-03-12,80.3207,USD
10020,2025-03-13,79.5072,USD
10020,2025-03-14,77.6892,USD
10020,2025-03-17,77.6231,USD
10020,2025-03-18,79.2225,USD
10020,2025-03-19,77.4438,USD
10020,2025-03-20,76.8747,USD
10020,2025-03-21,78.1159,USD
10020,2025-03-24,78.0742,USD
10020,2025-03-25,78.0519,USD
10020,2025-03-26,75.9722,USD
10020,2025-03-27,76.8002,USD
10020,2025-03-28,75.1221,USD
10020,2025-03-31,76.7618,USD
10020,2025-04-01,75.9403,USD
10020,2025-04-02,77.7939,USD
10020,2025-04-03,77.2414,USD
10020,2025-04-04,77.504,USD
10020,2025-04-07,76.9846,USD
10020,2025-04-08,76.9854,USD
10020,2025-04-09,77.3875,USD
10020,2025-04-10,77.5526,USD
10020,2025-04-11,78.5479,USD
10020,2025-04-14,78.971,USD
10020,2025-04-15,78.204,USD
10020,2025-04-16,77.179,USD
10020,2025-04-17,75.7008,USD
10020,2025-04-18,75.0514,USD
10020,2025-04-21,73.4364,USD
10020,2025-04-22,73.7446,USD
10020,2025-04-23,72.9935,USD
10020,2025-04-24,71.8445,USD
10020,2025-04-25,72.9639,USD
10020,2025-04-28,74.0036,USD
10020,2025-04-29,73.7332,USD
10020,2025-04-30,74.7765,USD
10020,2025-05-01,73.1761,USD
10020,2025-05-02,71.5379,USD
10020,2025-05-05,72.0563,USD
10020,2025-05-06,72.2963,USD
10020,2025-05-07,70.3667,USD
10020,2025-05-08,69.1925,USD
10020,2025-05-09,69.5756,USD
10020,2025-05-12,70.4985,USD
10020,2025-05-13,71.7058,USD
10020,2025-05-14,70.7359,USD
10020,2025-05-15,71.86,USD
10020,2025-05-16,71.4522,USD
10020,2025-05-19,73.1531,USD
10020,2025-05-20,71.5577,USD
10020,2025-05-21,71.1548,USD
10020,2025-05-22,71.9413,USD
10020,2025-05-23,73.9225,USD
10020,2025-05-26,73.3279,USD
10020,2025-05-27,72.1234,USD
10020,2025-05-28,70.5518,USD
10020,2025-05-29,69.9845,USD
10020,2025-05-30,71.3288,USD
10020,2025-06-02,71.1065,USD
10020,2025-06-03,69.7838,USD
10020,2025-06-04,69.3824,USD
10020,2025-06-05,68.6846,USD
10020,2025-06-06,69.1854,USD
10020,2025-06-09,68.1605,USD
10020,2025-06-10,69.2362,USD
10020,2025-06-11,68.1914,USD
10020,2025-06-12,67.78,USD
10020,2025-06-13,69.1777,USD
10020,2025-06-16,70.309,USD
10020,2025-06-17,67.3836,USD
10020,2025-06-18,66.8543,USD
10020,2025-06-19,69.7342,USD
10020,2025-06-20,70.5454,USD
10020,2025-06-23,68.8749,USD
10020,2025-06-24,66.6651,USD
10020,2025-06-25,66.6977,USD
10020,2025-06-26,65.612,USD
10020,2025-06-27,65.0328,USD
10020,2025-06-30,64.1424,USD
10020,2025-07-01,61.6211,USD
10020,2025-07-02,63.9645,USD
10020,2025-07-03,64.2692,USD
10020,2025-07-04,65.5624,USD
10020,2025-07-07,66.5108,USD
10020,2025-07-08,68.7618,USD
10020,2025-07-09,68.0763,USD
10020,2025-07-10,67.4003,USD
10020,2025-07-11,68.1119,USD
10020,2025-07-14,67.5822,USD
10020,2025-07-15,69.7114,USD
10020,2025-07-16,69.906,USD
10020,2025-07-17,71.0833,USD
10020,2025-07-18,71.0643,USD
10020,2025-07-21,69.286,USD
10020,2025-07-22,69.8768,USD
10020,2025-07-23,71.2473,USD
10020,2025-07-24,68.6902,USD
10020,2025-07-25,67.8014,USD
10020,2025-07-28,66.872,USD
10020,2025-07-29,64.287,USD
10020,2025-07-30,63.8578,USD
10020,2025-07-31,64.3303,USD
10020,2025-08-01,65.1417,USD
10020,2025-08-04,65.7269,USD
10020,2025-08-05,65.5605,USD
10020,2025-08-06,66.6667,USD
10020,2025-08-07,68.1316,USD
10020,2025-08-08,66.7961,USD
10020,2025-08-11,66.1066,USD
10020,2025-08-12,66.8944,USD
10020,2025-08-13,67.2223,USD
10020,2025-08-14,67.9803,USD
10020,2025-08-15,66.9255,USD
10020,2025-08-18,64.9281,USD
10020,2025-08-19,66.1142,USD
10020,2025-08-20,67.2747,USD
10020,2025-08-21,64.351,USD
10020,2025-08-22,64.7317,USD
10020,2025-08-25,65.4728,USD
10020,2025-08-26,65.6884,USD
10020,2025-08-27,66.9592,USD
10020,2025-08-28,68.5513,USD
10020,2025-08-29,68.2025,USD
10020,2025-09-01,68.3544,USD
10020,2025-09-02,67.9889,USD
10020,2025-09-03,68.3347,USD
10020,2025-09-04,68.4047,USD
10020,2025-09-05,68.0805,USD
10020,2025-09-08,66.8307,USD
10020,2025-09-09,64.1933,USD
10020,2025-09-10,63.9336,USD
10020,2025-09-11,63.7834,USD
10020,2025-09-12,63.5009,USD
10020,2025-09-15,64.3198,USD
10020,2025-09-16,63.7631,USD
10020,2025-09-17,63.6746,USD
10020,2025-09-18,63.8277,USD
10020,2025-09-19,64.4839,USD
10020,2025-09-22,65.8333,USD
10020,2025-09-23,67.2338,USD
10020,2025-09-24,68.2876,USD
10020,2025-09-25,69.0535,USD
10020,2025-09-26,68.4844,USD
10020,2025-09-29,68.721,USD
10020,2025-09-30,67.6216,USD
10020,2025-10-01,66.6168,USD
10020,2025-10-02,66.0917,USD
10020,2025-10-03,68.9567,USD
10020,2025-10-06,69.9162,USD
10020,2025-10-07,69.7629,USD
10020,2025-10-08,68.5469,USD
10020,2025-10-09,68.7454,USD
10020,2025-10-10,70.2245,USD
10020,2025-10-13,67.3483,USD
10020,2025-10-14,67.5442,USD
10020,2025-10-15,67.1765,USD
10020,2025-10-16,69.1851,USD
10020,2025-10-17,70.7454,USD
10020,2025-10-20,67.3283,USD
10020,2025-10-21,67.81,USD
10020,2025-10-22,69.3837,USD
10020,2025-10-23,69.6656,USD
10020,2025-10-24,68.0782,USD
10020,2025-10-27,67.9996,USD
10020,2025-10-28,68.0999,USD
10020,2025-10-29,66.7505,USD
10020,2025-10-30,66.9681,USD
10020,2025-10-31,66.6322,USD
10020,2025-11-03,64.9383,USD
10020,2025-11-04,63.591,USD
10020,2025-11-05,63.6905,USD
10020,2025-11-06,64.4124,USD
10020,2025-11-07,63.8383,USD
10020,2025-11-10,63.1427,USD
10020,2025-11-11,64.0744,USD
10020,2025-11-12,64.2992,USD
10020,2025-11-13,63.4882,USD
10020,2025-11-14,63.1693,USD
10020,2025-11-17,65.4244,USD
10020,2025-11-18,65.9555,USD
10020,2025-11-19,63.9647,USD
10020,2025-11-20,64.6767,USD
10020,2025-11-21,66.1616,USD
10020,2025-11-24,64.8932,USD
10020,2025-11-25,63.9854,USD
10020,2025-11-26,64.4045,USD
10020,2025-11-27,63.2012,USD
10020,2025-11-28,61.8619,USD
10020,2025-12-01,62.2713,USD
10020,2025-12-02,62.8264,USD
10020,2025-12-03,64.4806,USD
10020,2025-12-04,63.7519,USD
10020,2025-12-05,63.8879,USD
10020,2025-12-08,64.3317,USD
10020,2025-12-09,64.2893,USD
10020,2025-12-10,64.5815,USD
10020,2025-12-11,64.8274,USD
10020,2025-12-12,66.2521,USD
10020,2025-12-15,67.027,USD
10020,2025-12-16,65.5017,USD
10020,2025-12-17,66.4087,USD
10020,2025-12-18,64.8327,USD
10020,2025-12-19,66.1983,USD
10020,2025-12-22,66.6104,USD
10020,2025-12-23,65.7226,USD
10020,2025-12-24,66.8793,USD
10020,2025-12-25,65.7753,USD
10020,2025-12-26,64.5857,USD
10020,2025-12-29,65.2088,USD
10020,2025-12-30,63.8466,USD
10020,2025-12-31,62.9798,USD
10021,2024-12-24,177.81,EUR
10021,2024-12-25,181.5748,EUR
10021,2024-12-26,181.0157,EUR
10021,2024-12-27,176.1909,EUR
10021,2024-12-30,176.1511,EUR
10021,2024-12-31,176.1303,EUR
10021,2025-01-01,177.177,EUR
10021,2025-01-02,180.1114,EUR
10021,2025-01-03,179.9037,EUR
10021,2025-01-06,178.7316,EUR
10021,2025-01-07,175.7093,EUR
10021,2025-01-08,178.7949,EUR
10021,2025-01-09,178.7682,EUR
10021,2025-01-10,176.2821,EUR
10021,2025-01-13,176.4896,EUR
10021,2025-01-14,177.1447,EUR
10021,2025-01-15,176.2115,EUR
10021,2025-01-16,175.5134,EUR
10021,2025-01-17,177.2066,EUR
10021,2025-01-20,178.8118,EUR
10021,2025-01-21,179.9198,EUR
10021,2025-01-22,180.1554,EUR
10021,2025-01-23,179.2888,EUR
10021,2025-01-24,178.4395,EUR
10021,2025-01-27,179.057,EUR
10021,2025-01-28,178.1082,EUR
10021,2025-01-29,180.6497,EUR
10021,2025-01-30,178.6915,EUR
10021,2025-01-31,180.8717,EUR
10021,2025-02-03,180.7522,EUR
10021,2025-02-04,178.7935,EUR
10021,2025-02-05,178.9555,EUR
10021,2025-02-06,176.3549,EUR
10021,2025-02-07,178.4628,EUR
10021,2025-02-10,176.07,EUR
10021,2025-02-11,175.7379,EUR
10021,2025-02-12,173.4325,EUR
10021,2025-02-13,174.1472,EUR
10021,2025-02-14,171.5452,EUR
10021,2025-02-17,173.252,EUR
10021,2025-02-18,172.4697,EUR
10021,2025-02-19,170.5228,EUR
10021,2025-02-20,170.9997,EUR
10021,2025-02-21,169.6475,EUR
10021,2025-02-24,171.3546,EUR
10021,2025-02-25,172.3393,EUR
10021,2025-02-26,171.6256,EUR
10021,2025-02-27,174.0818,EUR
10021,2025-02-28,172.8601,EUR
10021,2025-03-03,169.4744,EUR
10021,2025-03-04,166.7291,EUR
10021,2025-03-05,164.7134,EUR
10021,2025-03-06,161.9514,EUR
10021,2025-03-07,160.8598,EUR
10021,2025-03-10,160.9347,EUR
10021,2025-03-11,161.5022,EUR
10021,2025-03-12,159.8363,EUR
10021,2025-03-13,158.0412,EUR
10021,2025-03-14,159.489,EUR
10021,2025-03-17,158.6928,EUR
10021,2025-03-18,156.6532,EUR
10021,2025-03-19,156.4398,EUR
10021,2025-03-20,155.9246,EUR
10021,2025-03-21,156.9102,EUR
10021,2025-03-24,158.1014,EUR
10021,2025-03-25,157.9016,EUR
10021,2025-03-26,155.7976,EUR
10021,2025-03-27,153.9983,EUR
10021,2025-03-28,153.7701,EUR
10021,2025-03-31,152.9632,EUR
10021,2025-04-01,152.6125,EUR
10021,2025-04-02,152.0019,EUR
10021,2025-04-03,150.9774,EUR
10021,2025-04-04,149.2432,EUR
10021,2025-04-07,147.4168,EUR
10021,2025-04-08,146.0171,EUR
10021,2025-04-09,148.2811,EUR
10021,2025-04-10,148.8233,EUR
10021,2025-04-11,146.9379,EUR
10021,2025-04-14,149.2057,EUR
10021,2025-04-15,149.772,EUR
10021,2025-04-16,148.6332,EUR
10021,2025-04-17,151.6749,EUR
10021,2025-04-18,150.7644,EUR
10021,2025-04-21,149.2736,EUR
10021,2025-04-22,149.9446,EUR
10021,2025-04-23,152.5878,EUR
10021,2025-04-24,154.3053,EUR
10021,2025-04-25,156.4334,EUR
10021,2025-04-28,155.534,EUR
10021,2025-04-29,153.8597,EUR
10021,2025-04-30,156.4277,EUR
10021,2025-05-01,155.9601,EUR
10021,2025-05-02,158.0414,EUR
10021,2025-05-05,157.2474,EUR
10021,2025-05-06,157.3485,EUR
10021,2025-05-07,157.1453,EUR
10021,2025-05-08,153.7408,EUR
10021,2025-05-09,153.6142,EUR
10021,2025-05-12,151.2678,EUR
10021,2025-05-13,148.8702,EUR
10021,2025-05-14,148.7038,EUR
10021,2025-05-15,145.9283,EUR
10021,2025-05-16,146.2986,EUR
10021,2025-05-19,144.5398,EUR
10021,2025-05-20,144.9935,EUR
10021,2025-05-21,143.5181,EUR
10021,2025-05-22,145.3096,EUR
10021,2025-05-23,144.7266,EUR
10021,2025-05-26,144.5406,EUR
10021,2025-05-27,143.4938,EUR
10021,2025-05-28,142.9558,EUR
10021,2025-05-29,140.536,EUR
10021,2025-05-30,140.8151,EUR
10021,2025-06-02,142.8102,EUR
10021,2025-06-03,142.1811,EUR
10021,2025-06-04,144.2053,EUR
10021,2025-06-05,140.9761,EUR
10021,2025-06-06,139.5328,EUR
10021,2025-06-09,139.0385,EUR
10021,2025-06-10,139.3043,EUR
10021,2025-06-11,140.5075,EUR
10021,2025-06-12,140.2292,EUR
10021,2025-06-13,141.7987,EUR
10021,2025-06-16,143.8952,EUR
10021,2025-06-17,143.5359,EUR
10021,2025-06-18,145.4148,EUR
10021,2025-06-19,143.844,EUR
10021,2025-06-20,143.4538,EUR
10021,2025-06-23,142.839,EUR
10021,2025-06-24,141.8148,EUR
10021,2025-06-25,140.5629,EUR
10021,2025-06-26,141.7085,EUR
10021,2025-06-27,142.1597,EUR
10021,2025-06-30,141.7078,EUR
10021,2025-07-01,141.3533,EUR
10021,2025-07-02,139.6177,EUR
10021,2025-07-03,138.2102,EUR
10021,2025-07-04,138.5079,EUR
10021,2025-07-07,137.8614,EUR
10021,2025-07-08,137.4716,EUR
10021,2025-07-09,137.8535,EUR
10021,2025-07-10,139.4759,EUR
10021,2025-07-11,138.78,EUR
10021,2025-07-14,137.2971,EUR
10021,2025-07-15,137.9425,EUR
10021,2025-07-16,139.8836,EUR
10021,2025-07-17,138.3632,EUR
10021,2025-07-18,134.9397,EUR
10021,2025-07-21,135.7437,EUR
10021,2025-07-22,136.3228,EUR
10021,2025-07-23,136.2923,EUR
10021,2025-07-24,133.7527,EUR
10021,2025-07-25,132.229,EUR
10021,2025-07-28,129.659,EUR
10021,2025-07-29,129.8824,EUR
10021,2025-07-30,128.3345,EUR
10021,2025-07-31,127.5194,EUR
10021,2025-08-01,128.821,EUR
10021,2025-08-04,128.3009,EUR
10021,2025-08-05,128.9329,EUR
10021,2025-08-06,131.416,EUR
10021,2025-08-07,128.9977,EUR
10021,2025-08-08,129.8216,EUR
10021,2025-08-11,130.2846,EUR
10021,2025-08-12,129.7947,EUR
10021,2025-08-13,127.9857,EUR
10021,2025-08-14,127.8006,EUR
10021,2025-08-15,127.4828,EUR
10021,2025-08-18,128.8857,EUR
10021,2025-08-19,128.9738,EUR
10021,2025-08-20,128.6399,EUR
10021,2025-08-21,130.7895,EUR
10021,2025-08-22,130.9966,EUR
10021,2025-08-25,131.6538,EUR
10021,2025-08-26,133.2193,EUR
10021,2025-08-27,131.9762,EUR
10021,2025-08-28,132.5093,EUR
10021,2025-08-29,133.1835,EUR
10021,2025-09-01,134.5781,EUR
10021,2025-09-02,134.6393,EUR
10021,2025-09-03,134.2365,EUR
10021,2025-09-04,134.4438,EUR
10021,2025-09-05,136.0331,EUR
10021,2025-09-08,137.979,EUR
10021,2025-09-09,138.703,EUR
10021,2025-09-10,138.2272,EUR
10021,2025-09-11,136.9012,EUR
10021,2025-09-12,137.148,EUR
10021,2025-09-15,137.1323,EUR
10021,2025-09-16,135.3232,EUR
10021,2025-09-17,134.0544,EUR
10021,2025-09-18,133.2875,EUR
10021,2025-09-19,131.6704,EUR
10021,2025-09-22,131.0721,EUR
10021,2025-09-23,129.5994,EUR
10021,2025-09-24,128.3609,EUR
10021,2025-09-25,128.9292,EUR
10021,2025-09-26,128.2044,EUR
10021,2025-09-29,127.2616,EUR
10021,2025-09-30,126.1742,EUR
10021,2025-10-01,124.6144,EUR
10021,2025-10-02,127.6296,EUR
10021,2025-10-03,130.5793,EUR
10021,2025-10-06,132.1745,EUR
10021,2025-10-07,132.6503,EUR
10021,2025-10-08,134.0493,EUR
10021,2025-10-09,133.434,EUR
10021,2025-10-10,131.7518,EUR
10021,2025-10-13,132.6807,EUR
10021,2025-10-14,134.9734,EUR
10021,2025-10-15,133.475,EUR
10021,2025-10-16,132.2828,EUR
10021,2025-10-17,129.0,EUR
10021,2025-10-20,129.519,EUR
10021,2025-10-21,129.5295,EUR
10021,2025-10-22,127.6157,EUR
10021,2025-10-23,125.9776,EUR
10021,2025-10-24,124.855,EUR
10021,2025-10-27,125.4936,EUR
10021,2025-10-28,125.5386,EUR
10021,2025-10-29,126.2823,EUR
10021,2025-10-30,127.4611,EUR
10021,2025-10-31,125.548,EUR
10021,2025-11-03,126.2015,EUR
10021,2025-11-04,125.5176,EUR
10021,2025-11-05,125.2543,EUR
10021,2025-11-06,124.5985,EUR
10021,2025-11-07,122.9794,EUR
10021,2025-11-10,121.4762,EUR
10021,2025-11-11,122.4982,EUR
10021,2025-11-12,122.4804,EUR
10021,2025-11-13,122.9978,EUR
10021,2025-11-14,123.7045,EUR
10021,2025-11-17,121.4651,EUR
10021,2025-11-18,122.312,EUR
10021,2025-11-19,120.8187,EUR
10021,2025-11-20,120.2859,EUR
10021,2025-11-21,119.2858,EUR
10021,2025-11-24,119.6179,EUR
10021,2025-11-25,121.6786,EUR
10021,2025-11-26,120.9829,EUR
10021,2025-11-27,120.3424,EUR
10021,2025-11-28,122.4938,EUR
10021,2025-12-01,120.8169,EUR
10021,2025-12-02,120.5383,EUR
10021,2025-12-03,122.0901,EUR
10021,2025-12-04,122.3775,EUR
10021,2025-12-05,121.3653,EUR
10021,2025-12-08,121.6335,EUR
10021,2025-12-09,122.2284,EUR
10021,2025-12-10,121.2452,EUR
10021,2025-12-11,122.4261,EUR
10021,2025-12-12,121.8028,EUR
10021,2025-12-15,120.5186,EUR
10021,2025-12-16,119.2631,EUR
10021,2025-12-17,118.8323,EUR
10021,2025-12-18,118.8843,EUR
10021,2025-12-19,119.4636,EUR
10021,2025-12-22,121.8457,EUR
10021,2025-12-23,121.8227,EUR
10021,2025-12-24,119.854,EUR
10021,2025-12-25,119.5997,EUR
10021,2025-12-26,121.5025,EUR
10021,2025-12-29,120.123,EUR
10021,2025-12-30,120.6799,EUR
10021,2025-12-31,120.682,EUR
10022,2024-12-24,167.901,CAD
10022,2024-12-25,172.2561,CAD
10022,2024-12-26,170.3048,CAD
10022,2024-12-27,168.2084,CAD
10022,2024-12-30,165.1393,CAD
10022,2024-12-31,162.4988,CAD
10022,2025-01-01,163.7522,CAD
10022,2025-01-02,161.9326,CAD
10022,2025-01-03,164.1914,CAD
10022,2025-01-06,161.8982,CAD
10022,2025-01-07,161.0421,CAD
10022,2025-01-08,159.5171,CAD
10022,2025-01-09,161.0494,CAD
10022,2025-01-10,156.3237,CAD
10022,2025-01-13,149.7419,CAD
10022,2025-01-14,155.2817,CAD
10022,2025-01-15,152.85,CAD
10022,2025-01-16,154.5279,CAD
10022,2025-01-17,156.6743,CAD
10022,2025-01-20,156.3505,CAD
10022,2025-01-21,153.4023,CAD
10022,2025-01-22,151.1093,CAD
10022,2025-01-23,151.574,CAD
10022,2025-01-24,147.8235,CAD
10022,2025-01-27,146.973,CAD
10022,2025-01-28,146.9985,CAD
10022,2025-01-29,146.4374,CAD
10022,2025-01-30,144.7436,CAD
10022,2025-01-31,145.2461,CAD
10022,2025-02-03,147.8349,CAD
10022,2025-02-04,151.5173,CAD
10022,2025-02-05,152.1493,CAD
10022,2025-02-06,151.1307,CAD
10022,2025-02-07,148.8257,CAD
10022,2025-02-10,151.0282,CAD
10022,2025-02-11,152.3517,CAD
10022,2025-02-12,150.5186,CAD
10022,2025-02-13,154.531,CAD
10022,2025-02-14,153.3092,CAD
10022,2025-02-17,154.4483,CAD
10022,2025-02-18,155.4434,CAD
10022,2025-02-19,155.1666,CAD
10022,2025-02-20,158.5598,CAD
10022,2025-02-21,155.8502,CAD
10022,2025-02-24,158.162,CAD
10022,2025-02-25,161.304,CAD
10022,2025-02-26,160.5919,CAD
10022,2025-02-27,155.5465,CAD
10022,2025-02-28,156.9478,CAD
10022,2025-03-03,156.1034,CAD
10022,2025-03-04,154.499,CAD
10022,2025-03-05,157.6752,CAD
10022,2025-03-06,159.5923,CAD
10022,2025-03-07,163.6499,CAD
10022,2025-03-10,166.5259,CAD
10022,2025-03-11,164.3545,CAD
10022,2025-03-12,162.6006,CAD
10022,2025-03-13,157.9742,CAD
10022,2025-03-14,155.2985,CAD
10022,2025-03-17,152.9602,CAD
10022,2025-03-18,155.24,CAD
10022,2025-03-19,157.0463,CAD
10022,2025-03-20,155.7421,CAD
10022,2025-03-21,157.6651,CAD
10022,2025-03-24,156.2481,CAD
10022,2025-03-25,156.9523,CAD
10022,2025-03-26,157.1336,CAD
10022,2025-03-27,162.1557,CAD
10022,2025-03-28,160.6047,CAD
10022,2025-03-31,161.9995,CAD
10022,2025-04-01,161.263,CAD
10022,2025-04-02,162.2296,CAD
10022,2025-04-03,163.0308,CAD
10022,2025-04-04,165.2735,CAD
10022,2025-04-07,168.0469,CAD
10022,2025-04-08,169.7747,CAD
10022,2025-04-09,173.4676,CAD
10022,2025-04-10,169.9516,CAD
10022,2025-04-11,169.4454,CAD
10022,2025-04-14,172.7613,CAD
10022,2025-04-15,170.3353,CAD
10022,2025-04-16,168.7011,CAD
10022,2025-04-17,168.3991,CAD
10022,2025-04-18,170.6403,CAD
10022,2025-04-21,167.2015,CAD
10022,2025-04-22,168.2447,CAD
10022,2025-04-23,172.8988,CAD
10022,2025-04-24,171.8662,CAD
10022,2025-04-25,170.798,CAD
10022,2025-04-28,171.4849,CAD
10022,2025-04-29,172.0755,CAD
10022,2025-04-30,176.0317,CAD
10022,2025-05-01,176.4802,CAD
10022,2025-05-02,174.6047,CAD
10022,2025-05-05,174.8641,CAD
10022,2025-05-06,178.8372,CAD
10022,2025-05-07,180.3487,CAD
10022,2025-05-08,183.6524,CAD
10022,2025-05-09,186.4229,CAD
10022,2025-05-12,185.0947,CAD
10022,2025-05-13,185.2521,CAD
10022,2025-05-14,187.3259,CAD
10022,2025-05-15,190.6475,CAD
10022,2025-05-16,185.3224,CAD
10022,2025-05-19,184.7322,CAD
10022,2025-05-20,185.7125,CAD
10022,2025-05-21,186.1591,CAD
10022,2025-05-22,193.5248,CAD
10022,2025-05-23,193.4926,CAD
10022,2025-05-26,195.6785,CAD
10022,2025-05-27,196.3739,CAD
10022,2025-05-28,194.0923,CAD
10022,2025-05-29,192.7976,CAD
10022,2025-05-30,193.6401,CAD
10022,2025-06-02,192.1672,CAD
10022,2025-06-03,189.4692,CAD
10022,2025-06-04,187.7458,CAD
10022,2025-06-05,184.0997,CAD
10022,2025-06-06,185.4173,CAD
10022,2025-06-09,182.3616,CAD
10022,2025-06-10,179.7755,CAD
10022,2025-06-11,178.9157,CAD
10022,2025-06-12,178.0365,CAD
10022,2025-06-13,177.8947,CAD
10022,2025-06-16,178.2735,CAD
10022,2025-06-17,174.9163,CAD
10022,2025-06-18,173.6601,CAD
10022,2025-06-19,174.6516,CAD
10022,2025-06-20,170.6892,CAD
10022,2025-06-23,170.8737,CAD
10022,2025-06-24,167.6959,CAD
10022,2025-06-25,171.5943,CAD
10022,2025-06-26,173.0725,CAD
10022,2025-06-27,173.1409,CAD
10022,2025-06-30,175.9824,CAD
10022,2025-07-01,176.9124,CAD
10022,2025-07-02,171.609,CAD
10022,2025-07-03,168.4258,CAD
10022,2025-07-04,171.4317,CAD
10022,2025-07-07,168.3543,CAD
10022,2025-07-08,168.2738,CAD
10022,2025-07-09,169.3715,CAD
10022,2025-07-10,169.5353,CAD
10022,2025-07-11,173.7814,CAD
10022,2025-07-14,174.733,CAD
10022,2025-07-15,175.1866,CAD
10022,2025-07-16,173.8423,CAD
10022,2025-07-17,171.1484,CAD
10022,2025-07-18,174.628,CAD
10022,2025-07-21,172.7361,CAD
10022,2025-07-22,171.2541,CAD
10022,2025-07-23,172.0963,CAD
10022,2025-07-24,168.2671,CAD
10022,2025-07-25,167.4378,CAD
10022,2025-07-28,171.1658,CAD
10022,2025-07-29,171.534,CAD
10022,2025-07-30,170.8266,CAD
10022,2025-07-31,170.5251,CAD
10022,2025-08-01,170.5621,CAD
10022,2025-08-04,167.5888,CAD
10022,2025-08-05,166.5175,CAD
10022,2025-08-06,165.2642,CAD
10022,2025-08-07,163.5996,CAD
10022,2025-08-08,165.164,CAD
10022,2025-08-11,162.4371,CAD
10022,2025-08-12,165.3324,CAD
10022,2025-08-13,165.9007,CAD
10022,2025-08-14,169.5723,CAD
10022,2025-08-15,167.9974,CAD
10022,2025-08-18,170.7599,CAD
10022,2025-08-19,165.1767,CAD
10022,2025-08-20,166.0406,CAD
10022,2025-08-21,163.3688,CAD
10022,2025-08-22,165.168,CAD
10022,2025-08-25,166.1464,CAD
10022,2025-08-26,164.5011,CAD
10022,2025-08-27,167.6924,CAD
10022,2025-08-28,168.3104,CAD
10022,2025-08-29,172.3927,CAD
10022,2025-09-01,173.0316,CAD
10022,2025-09-02,172.4935,CAD
10022,2025-09-03,169.6339,CAD
10022,2025-09-04,171.5616,CAD
10022,2025-09-05,171.8459,CAD
10022,2025-09-08,172.8873,CAD
10022,2025-09-09,172.801,CAD
10022,2025-09-10,173.8411,CAD
10022,2025-09-11,172.1046,CAD
10022,2025-09-12,173.6404,CAD
10022,2025-09-15,170.9463,CAD
10022,2025-09-16,171.3923,CAD
10022,2025-09-17,173.8509,CAD
10022,2025-09-18,175.5884,CAD
10022,2025-09-19,178.0932,CAD
10022,2025-09-22,172.9373,CAD
10022,2025-09-23,176.0789,CAD
10022,2025-09-24,173.4096,CAD
10022,2025-09-25,175.6707,CAD
10022,2025-09-26,173.3287,CAD
10022,2025-09-29,177.8954,CAD
10022,2025-09-30,176.5122,CAD
10022,2025-10-01,175.9197,CAD
10022,2025-10-02,182.2861,CAD
10022,2025-10-03,186.838,CAD
10022,2025-10-06,185.1879,CAD
10022,2025-10-07,191.1375,CAD
10022,2025-10-08,185.447,CAD
10022,2025-10-09,183.6934,CAD
10022,2025-10-10,183.464,CAD
10022,2025-10-13,184.4694,CAD
10022,2025-10-14,179.9316,CAD
10022,2025-10-15,186.3458,CAD
10022,2025-10-16,182.3576,CAD
10022,2025-10-17,184.1195,CAD
10022,2025-10-20,179.5301,CAD
10022,2025-10-21,174.1825,CAD
10022,2025-10-22,177.3669,CAD
10022,2025-10-23,176.7332,CAD
10022,2025-10-24,174.2864,CAD
10022,2025-10-27,177.1228,CAD
10022,2025-10-28,172.8352,CAD
10022,2025-10-29,175.1642,CAD
10022,2025-10-30,175.9477,CAD
10022,2025-10-31,180.6504,CAD
10022,2025-11-03,178.2304,CAD
10022,2025-11-04,181.61,CAD
10022,2025-11-05,183.0911,CAD
10022,2025-11-06,183.9434,CAD
10022,2025-11-07,181.0165,CAD
10022,2025-11-10,179.006,CAD
10022,2025-11-11,181.4313,CAD
10022,2025-11-12,183.1742,CAD
10022,2025-11-13,181.0147,CAD
10022,2025-11-14,186.8515,CAD
10022,2025-11-17,184.07,CAD
10022,2025-11-18,184.7217,CAD
10022,2025-11-19,188.1588,CAD
10022,2025-11-20,187.2206,CAD
10022,2025-11-21,185.677,CAD
10022,2025-11-24,185.6094,CAD
10022,2025-11-25,188.9323,CAD
10022,2025-11-26,191.7317,CAD
10022,2025-11-27,191.3826,CAD
10022,2025-11-28,186.3693,CAD
10022,2025-12-01,182.4771,CAD
10022,2025-12-02,180.1883,CAD
10022,2025-12-03,183.3287,CAD
10022,2025-12-04,184.9762,CAD
10022,2025-12-05,188.4922,CAD
10022,2025-12-08,189.7651,CAD
10022,2025-12-09,189.1726,CAD
10022,2025-12-10,190.9498,CAD
10022,2025-12-11,194.9555,CAD
10022,2025-12-12,189.1428,CAD
10022,2025-12-15,187.7753,CAD
10022,2025-12-16,189.5735,CAD
10022,2025-12-17,190.5977,CAD
10022,2025-12-18,192.2715,CAD
10022,2025-12-19,186.7672,CAD
10022,2025-12-22,182.3502,CAD
10022,2025-12-23,182.6365,CAD
10022,2025-12-24,180.685,CAD
10022,2025-12-25,187.0456,CAD
10022,2025-12-26,188.4334,CAD
10022,2025-12-29,193.5985,CAD
10022,2025-12-30,196.3642,CAD
10022,2025-12-31,200.488,CAD
10023,2024-12-24,108.462,USD
10023,2024-12-25,106.2786,USD
10023,2024-12-26,108.6313,USD
10023,2024-12-27,107.6921,USD
10023,2024-12-30,105.7837,USD
10023,2024-12-31,103.7022,USD
10023,2025-01-01,102.6195,USD
10023,2025-01-02,103.0707,USD
10023,2025-01-03,103.5124,USD
10023,2025-01-06,103.701,USD
10023,2025-01-07,102.8342,USD
10023,2025-01-08,104.7681,USD
10023,2025-01-09,104.4501,USD
10023,2025-01-10,101.2115,USD
10023,2025-01-13,101.1312,USD
10023,2025-01-14,101.5628,USD
10023,2025-01-15,101.9102,USD
10023,2025-01-16,103.0901,USD
10023,2025-01-17,105.8022,USD
10023,2025-01-20,106.9071,USD
10023,2025-01-21,105.5591,USD
10023,2025-01-22,106.902,USD
10023,2025-01-23,108.1377,USD
10023,2025-01-24,109.3537,USD
10023,2025-01-27,109.264,USD
10023,2025-01-28,108.4036,USD
10023,2025-01-29,110.8257,USD
10023,2025-01-30,112.1418,USD
10023,2025-01-31,110.1606,USD
10023,2025-02-03,109.4251,USD
10023,2025-02-04,109.9247,USD
10023,2025-02-05,110.2239,USD
10023,2025-02-06,110.7676,USD
10023,2025-02-07,110.473,USD
10023,2025-02-10,108.2528,USD
10023,2025-02-11,108.7413,USD
10023,2025-02-12,107.2559,USD
10023,2025-02-13,107.5527,USD
10023,2025-02-14,109.4037,USD
10023,2025-02-17,107.6531,USD
10023,2025-02-18,109.8355,USD
10023,2025-02-19,113.5735,USD
10023,2025-02-20,114.2603,USD
10023,2025-02-21,115.1611,USD
10023,2025-02-24,115.4513,USD
10023,2025-02-25,112.525,USD
10023,2025-02-26,113.2182,USD
10023,2025-02-27,111.6326,USD
10023,2025-02-28,111.5685,USD
10023,2025-03-03,110.4283,USD
10023,2025-03-04,110.7584,USD
10023,2025-03-05,111.0543,USD
10023,2025-03-06,112.7868,USD
10023,2025-03-07,112.4745,USD
10023,2025-03-10,111.3935,USD
10023,2025-03-11,111.9713,USD
10023,2025-03-12,112.449,USD
10023,2025-03-13,111.505,USD
10023,2025-03-14,108.8595,USD
10023,2025-03-17,107.0243,USD
10023,2025-03-18,111.1123,USD
10023,2025-03-19,112.3729,USD
10023,2025-03-20,111.9015,USD
10023,2025-03-21,110.9805,USD
10023,2025-03-24,111.5921,USD
10023,2025-03-25,109.843,USD
10023,2025-03-26,110.1546,USD
10023,2025-03-27,111.5076,USD
10023,2025-03-28,113.217,USD
10023,2025-03-31,114.1663,USD
10023,2025-04-01,113.6695,USD
10023,2025-04-02,115.5324,USD
10023,2025-04-03,115.9993,USD
10023,2025-04-04,113.1081,USD
10023,2025-04-07,114.0022,USD
10023,2025-04-08,115.7582,USD
10023,2025-04-09,115.2237,USD
10023,2025-04-10,114.081,USD
10023,2025-04-11,116.1798,USD
10023,2025-04-14,114.5723,USD
10023,2025-04-15,112.1972,USD
10023,2025-04-16,112.8661,USD
10023,2025-04-17,111.9772,USD
10023,2025-04-18,111.0817,USD
10023,2025-04-21,111.1337,USD
10023,2025-04-22,109.6059,USD
10023,2025-04-23,112.7211,USD
10023,2025-04-24,112.7815,USD
10023,2025-04-25,112.2113,USD
10023,2025-04-28,112.5302,USD
10023,2025-04-29,110.1782,USD
10023,2025-04-30,110.6081,USD
10023,2025-05-01,108.7902,USD
10023,2025-05-02,107.6219,USD
10023,2025-05-05,108.4682,USD
10023,2025-05-06,108.8899,USD
10023,2025-05-07,110.2639,USD
10023,2025-05-08,109.8857,USD
10023,2025-05-09,109.8701,USD
10023,2025-05-12,110.914,USD
10023,2025-05-13,111.5633,USD
10023,2025-05-14,107.9597,USD
10023,2025-05-15,107.5086,USD
10023,2025-05-16,107.3628,USD
10023,2025-05-19,108.074,USD
10023,2025-05-20,107.3128,USD
10023,2025-05-21,108.0705,USD
10023,2025-05-22,108.6712,USD
10023,2025-05-23,108.012,USD
10023,2025-05-26,106.8651,USD
10023,2025-05-27,106.9312,USD
10023,2025-05-28,106.984,USD
10023,2025-05-29,104.9343,USD
10023,2025-05-30,104.9821,USD
10023,2025-06-02,104.6137,USD
10023,2025-06-03,105.3781,USD
10023,2025-06-04,108.333,USD
10023,2025-06-05,109.1391,USD
10023,2025-06-06,107.4089,USD
10023,2025-06-09,107.9737,USD
10023,2025-06-10,107.6479,USD
10023,2025-06-11,108.3226,USD
10023,2025-06-12,107.9939,USD
10023,2025-06-13,107.5281,USD
10023,2025-06-16,107.8983,USD
10023,2025-06-17,107.4936,USD
10023,2025-06-18,106.2065,USD
10023,2025-06-19,107.5467,USD
10023,2025-06-20,107.8966,USD
10023,2025-06-23,108.6511,USD
10023,2025-06-24,107.8614,USD
10023,2025-06-25,109.9573,USD
10023,2025-06-26,108.0323,USD
10023,2025-06-27,110.5171,USD
10023,2025-06-30,111.5624,USD
10023,2025-07-01,109.3694,USD
10023,2025-07-02,110.9729,USD
10023,2025-07-03,109.9557,USD
10023,2025-07-04,110.6715,USD
10023,2025-07-07,111.7711,USD
10023,2025-07-08,109.4904,USD
10023,2025-07-09,110.3815,USD
10023,2025-07-10,109.2204,USD
10023,2025-07-11,111.3655,USD
10023,2025-07-14,112.1904,USD
10023,2025-07-15,114.8571,USD
10023,2025-07-16,116.277,USD
10023,2025-07-17,116.1107,USD
10023,2025-07-18,116.6575,USD
10023,2025-07-21,118.1425,USD
10023,2025-07-22,122.3431,USD
10023,2025-07-23,120.8377,USD
10023,2025-07-24,120.3786,USD
10023,2025-07-25,117.6312,USD
10023,2025-07-28,117.3426,USD
10023,2025-07-29,117.0231,USD
10023,2025-07-30,116.7348,USD
10023,2025-07-31,119.9088,USD
10023,2025-08-01,119.074,USD
10023,2025-08-04,119.0517,USD
10023,2025-08-05,118.1985,USD
10023,2025-08-06,118.1943,USD
10023,2025-08-07,122.5466,USD
10023,2025-08-08,123.1509,USD
10023,2025-08-11,124.0209,USD
10023,2025-08-12,123.5038,USD
10023,2025-08-13,123.2001,USD
10023,2025-08-14,124.8102,USD
10023,2025-08-15,123.1222,USD
10023,2025-08-18,121.5201,USD
10023,2025-08-19,121.5642,USD
10023,2025-08-20,120.5548,USD
10023,2025-08-21,122.8967,USD
10023,2025-08-22,119.6324,USD
10023,2025-08-25,122.082,USD
10023,2025-08-26,121.4289,USD
10023,2025-08-27,123.309,USD
10023,2025-08-28,119.9771,USD
10023,2025-08-29,117.6725,USD
10023,2025-09-01,118.4195,USD
10023,2025-09-02,115.6307,USD
10023,2025-09-03,113.8566,USD
10023,2025-09-04,114.378,USD
10023,2025-09-05,114.9773,USD
10023,2025-09-08,113.2423,USD
10023,2025-09-09,113.8269,USD
10023,2025-09-10,115.3919,USD
10023,2025-09-11,114.5952,USD
10023,2025-09-12,112.2168,USD
10023,2025-09-15,113.2583,USD
10023,2025-09-16,115.9225,USD
10023,2025-09-17,114.5872,USD
10023,2025-09-18,116.9297,USD
10023,2025-09-19,116.8494,USD
10023,2025-09-22,119.6697,USD
10023,2025-09-23,118.8615,USD
10023,2025-09-24,120.2056,USD
10023,2025-09-25,119.6262,USD
10023,2025-09-26,120.5234,USD
10023,2025-09-29,120.5335,USD
10023,2025-09-30,121.133,USD
10023,2025-10-01,121.4569,USD
10023,2025-10-02,120.9508,USD
10023,2025-10-03,123.0307,USD
10023,2025-10-06,122.5825,USD
10023,2025-10-07,121.548,USD
10023,2025-10-08,121.32,USD
10023,2025-10-09,122.3678,USD
10023,2025-10-10,121.6782,USD
10023,2025-10-13,121.4862,USD
10023,2025-10-14,119.6607,USD
10023,2025-10-15,120.8243,USD
10023,2025-10-16,121.2368,USD
10023,2025-10-17,124.4366,USD
10023,2025-10-20,127.6861,USD
10023,2025-10-21,127.8044,USD
10023,2025-10-22,126.5185,USD
10023,2025-10-23,127.0658,USD
10023,2025-10-24,127.6731,USD
10023,2025-10-27,126.2218,USD
10023,2025-10-28,126.094,USD
10023,2025-10-29,126.6382,USD
10023,2025-10-30,125.6687,USD
10023,2025-10-31,125.1226,USD
10023,2025-11-03,126.7242,USD
10023,2025-11-04,128.4084,USD
10023,2025-11-05,127.8197,USD
10023,2025-11-06,127.355,USD
10023,2025-11-07,129.2764,USD
10023,2025-11-10,130.3431,USD
10023,2025-11-11,131.8783,USD
10023,2025-11-12,132.5326,USD
10023,2025-11-13,133.4481,USD
10023,2025-11-14,135.244,USD
10023,2025-11-17,134.4806,USD
10023,2025-11-18,134.7445,USD
10023,2025-11-19,132.0026,USD
10023,2025-11-20,132.8948,USD
10023,2025-11-21,132.4419,USD
10023,2025-11-24,130.7874,USD
10023,2025-11-25,130.0887,USD
10023,2025-11-26,130.0915,USD
10023,2025-11-27,127.8958,USD
10023,2025-11-28,126.2172,USD
10023,2025-12-01,125.3143,USD
10023,2025-12-02,125.2282,USD
10023,2025-12-03,123.4315,USD
10023,2025-12-04,120.0272,USD
10023,2025-12-05,120.6162,USD
10023,2025-12-08,120.7625,USD
10023,2025-12-09,118.8759,USD
10023,2025-12-10,118.608,USD
10023,2025-12-11,117.4279,USD
10023,2025-12-12,117.328,USD
10023,2025-12-15,118.641,USD
10023,2025-12-16,118.564,USD
10023,2025-12-17,118.6835,USD
10023,2025-12-18,121.2812,USD
10023,2025-12-19,120.2966,USD
10023,2025-12-22,119.8198,USD
10023,2025-12-23,117.6453,USD
10023,2025-12-24,119.1661,USD
10023,2025-12-25,118.4701,USD
10023,2025-12-26,116.9134,USD
10023,2025-12-29,117.5845,USD
10023,2025-12-30,117.0505,USD
10023,2025-12-31,117.7952,USD
10024,2024-12-24,98.6771,EUR
10024,2024-12-25,99.1016,EUR
10024,2024-12-26,98.6387,EUR
10024,2024-12-27,99.3217,EUR
10024,2024-12-30,100.4535,EUR
10024,2024-12-31,99.8064,EUR
10024,2025-01-01,99.8221,EUR
10024,2025-01-02,101.0779,EUR
10024,2025-01-03,101.7984,EUR
10024,2025-01-06,100.9055,EUR
10024,2025-01-07,99.9902,EUR
10024,2025-01-08,100.0467,EUR
10024,2025-01-09,99.4785,EUR
10024,2025-01-10,98.5756,EUR
10024,2025-01-13,98.9075,EUR
10024,2025-01-14,98.2455,EUR
10024,2025-01-15,99.4422,EUR
10024,2025-01-16,99.1868,EUR
10024,2025-01-17,99.6107,EUR
10024,2025-01-20,98.5061,EUR
10024,2025-01-21,99.42,EUR
10024,2025-01-22,97.8651,EUR
10024,2025-01-23,99.7457,EUR
10024,2025-01-24,99.6893,EUR
10024,2025-01-27,99.1872,EUR
10024,2025-01-28,98.0105,EUR
10024,2025-01-29,97.9909,EUR
10024,2025-01-30,98.7324,EUR
10024,2025-01-31,100.0509,EUR
10024,2025-02-03,98.3001,EUR
10024,2025-02-04,96.9737,EUR
10024,2025-02-05,99.232,EUR
10024,2025-02-06,101.2367,EUR
10024,2025-02-07,100.5683,EUR
10024,2025-02-10,100.415,EUR
10024,2025-02-11,101.6688,EUR
10024,2025-02-12,100.8662,EUR
10024,2025-02-13,103.1429,EUR
10024,2025-02-14,102.3394,EUR
10024,2025-02-17,102.5321,EUR
10024,2025-02-18,103.6374,EUR
10024,2025-02-19,103.4482,EUR
10024,2025-02-20,103.7181,EUR
10024,2025-02-21,103.2558,EUR
10024,2025-02-24,103.5338,EUR
10024,2025-02-25,102.0973,EUR
10024,2025-02-26,101.5581,EUR
10024,2025-02-27,100.2385,EUR
10024,2025-02-28,100.5327,EUR
10024,2025-03-03,98.9756,EUR
10024,2025-03-04,99.0889,EUR
10024,2025-03-05,99.9371,EUR
10024,2025-03-06,99.7565,EUR
10024,2025-03-07,101.4537,EUR
10024,2025-03-10,98.9603,EUR
10024,2025-03-11,100.5313,EUR
10024,2025-03-12,100.2242,EUR
10024,2025-03-13,101.6469,EUR
10024,2025-03-14,100.7551,EUR
10024,2025-03-17,102.591,EUR
10024,2025-03-18,102.379,EUR
10024,2025-03-19,102.7106,EUR
10024,2025-03-20,104.3823,EUR
10024,2025-03-21,104.9633,EUR
10024,2025-03-24,106.775,EUR
10024,2025-03-25,107.2937,EUR
10024,2025-03-26,104.0292,EUR
10024,2025-03-27,104.4834,EUR
10024,2025-03-28,101.9625,EUR
10024,2025-03-31,102.5436,EUR
10024,2025-04-01,103.2333,EUR
10024,2025-04-02,103.4212,EUR
10024,2025-04-03,105.0233,EUR
10024,2025-04-04,103.8525,EUR
10024,2025-04-07,103.6065,EUR
10024,2025-04-08,102.5424,EUR
10024,2025-04-09,102.0683,EUR
10024,2025-04-10,101.7022,EUR
10024,2025-04-11,102.6324,EUR
10024,2025-04-14,99.8047,EUR
10024,2025-04-15,100.6424,EUR
10024,2025-04-16,102.2871,EUR
10024,2025-04-17,102.3578,EUR
10024,2025-04-18,102.7104,EUR
10024,2025-04-21,102.2686,EUR
10024,2025-04-22,102.4844,EUR
10024,2025-04-23,105.6697,EUR
10024,2025-04-24,107.7472,EUR
10024,2025-04-25,105.8661,EUR
10024,2025-04-28,106.3726,EUR
10024,2025-04-29,105.9904,EUR
10024,2025-04-30,104.8527,EUR
10024,2025-05-01,105.9435,EUR
10024,2025-05-02,105.1129,EUR
10024,2025-05-05,103.1602,EUR
10024,2025-05-06,100.9788,EUR
10024,2025-05-07,101.6754,EUR
10024,2025-05-08,102.8986,EUR
10024,2025-05-09,100.5099,EUR
10024,2025-05-12,100.2486,EUR
10024,2025-05-13,100.8163,EUR
10024,2025-05-14,100.8817,EUR
10024,2025-05-15,101.0808,EUR
10024,2025-05-16,102.0415,EUR
10024,2025-05-19,101.3088,EUR
10024,2025-05-20,101.067,EUR
10024,2025-05-21,101.5217,EUR
10024,2025-05-22,99.6265,EUR
10024,2025-05-23,101.6112,EUR
10024,2025-05-26,101.5476,EUR
10024,2025-05-27,102.3769,EUR
10024,2025-05-28,101.2175,EUR
10024,2025-05-29,100.7154,EUR
10024,2025-05-30,98.9242,EUR
10024,2025-06-02,101.2496,EUR
10024,2025-06-03,100.1321,EUR
10024,2025-06-04,100.3579,EUR
10024,2025-06-05,99.6117,EUR
10024,2025-06-06,99.4896,EUR
10024,2025-06-09,99.3795,EUR
10024,2025-06-10,99.0844,EUR
10024,2025-06-11,99.7452,EUR
10024,2025-06-12,97.6318,EUR
10024,2025-06-13,98.0529,EUR
10024,2025-06-16,96.8526,EUR
10024,2025-06-17,96.2064,EUR
10024,2025-06-18,96.68,EUR
10024,2025-06-19,97.4759,EUR
10024,2025-06-20,96.2221,EUR
10024,2025-06-23,95.8537,EUR
10024,2025-06-24,95.7279,EUR
10024,2025-06-25,96.2389,EUR
10024,2025-06-26,97.2613,EUR
10024,2025-06-27,99.9225,EUR
10024,2025-06-30,99.0297,EUR
10024,2025-07-01,102.5538,EUR
10024,2025-07-02,101.3997,EUR
10024,2025-07-03,101.3438,EUR
10024,2025-07-04,102.9795,EUR
10024,2025-07-07,103.7426,EUR
10024,2025-07-08,104.9417,EUR
10024,2025-07-09,104.9102,EUR
10024,2025-07-10,103.9119,EUR
10024,2025-07-11,104.3408,EUR
10024,2025-07-14,103.9499,EUR
10024,2025-07-15,103.6294,EUR
10024,2025-07-16,105.8399,EUR
10024,2025-07-17,104.1722,EUR
10024,2025-07-18,105.9694,EUR
10024,2025-07-21,106.5896,EUR
10024,2025-07-22,107.035,EUR
10024,2025-07-23,106.6996,EUR
10024,2025-07-24,105.9507,EUR
10024,2025-07-25,101.6524,EUR
10024,2025-07-28,103.6015,EUR
10024,2025-07-29,104.7094,EUR
10024,2025-07-30,102.9658,EUR
10024,2025-07-31,103.5031,EUR
10024,2025-08-01,105.1002,EUR
10024,2025-08-04,105.1824,EUR
10024,2025-08-05,103.9618,EUR
10024,2025-08-06,103.8904,EUR
10024,2025-08-07,104.9564,EUR
10024,2025-08-08,106.6784,EUR
10024,2025-08-11,107.3537,EUR
10024,2025-08-12,106.526,EUR
10024,2025-08-13,105.818,EUR
10024,2025-08-14,104.7096,EUR
10024,2025-08-15,105.1139,EUR
10024,2025-08-18,106.0391,EUR
10024,2025-08-19,106.4522,EUR
10024,2025-08-20,106.6224,EUR
10024,2025-08-21,105.3894,EUR
10024,2025-08-22,106.4965,EUR
10024,2025-08-25,107.0864,EUR
10024,2025-08-26,108.8341,EUR
10024,2025-08-27,109.7987,EUR
10024,2025-08-28,111.4651,EUR
10024,2025-08-29,111.6625,EUR
10024,2025-09-01,112.4816,EUR
10024,2025-09-02,111.1371,EUR
10024,2025-09-03,111.7465,EUR
10024,2025-09-04,113.9698,EUR
10024,2025-09-05,113.602,EUR
10024,2025-09-08,114.1515,EUR
10024,2025-09-09,112.9836,EUR
10024,2025-09-10,116.0926,EUR
10024,2025-09-11,117.9632,EUR
10024,2025-09-12,117.6773,EUR
10024,2025-09-15,119.0598,EUR
10024,2025-09-16,118.8042,EUR
10024,2025-09-17,117.384,EUR
10024,2025-09-18,115.754,EUR
10024,2025-09-19,115.1429,EUR
10024,2025-09-22,113.8546,EUR
10024,2025-09-23,115.2208,EUR
10024,2025-09-24,113.7867,EUR
10024,2025-09-25,113.5282,EUR
10024,2025-09-26,111.8439,EUR
10024,2025-09-29,111.8486,EUR
10024,2025-09-30,112.108,EUR
10024,2025-10-01,111.9562,EUR
10024,2025-10-02,112.7971,EUR
10024,2025-10-03,111.7167,EUR
10024,2025-10-06,110.9546,EUR
10024,2025-10-07,110.1172,EUR
10024,2025-10-08,109.4179,EUR
10024,2025-10-09,108.3855,EUR
10024,2025-10-10,111.2102,EUR
10024,2025-10-13,107.5992,EUR
10024,2025-10-14,104.761,EUR
10024,2025-10-15,104.7541,EUR
10024,2025-10-16,105.2783,EUR
10024,2025-10-17,104.6117,EUR
10024,2025-10-20,103.6129,EUR
10024,2025-10-21,102.2871,EUR
10024,2025-10-22,101.1935,EUR
10024,2025-10-23,100.9602,EUR
10024,2025-10-24,101.4099,EUR
10024,2025-10-27,100.8934,EUR
10024,2025-10-28,99.8921,EUR
10024,2025-10-29,100.2877,EUR
10024,2025-10-30,99.9099,EUR
10024,2025-10-31,99.9615,EUR
10024,2025-11-03,100.6394,EUR
10024,2025-11-04,100.8114,EUR
10024,2025-11-05,99.7567,EUR
10024,2025-11-06,98.2561,EUR
10024,2025-11-07,95.8554,EUR
10024,2025-11-10,96.5627,EUR
10024,2025-11-11,97.0199,EUR
10024,2025-11-12,96.4803,EUR
10024,2025-11-13,95.5544,EUR
10024,2025-11-14,95.8251,EUR
10024,2025-11-17,95.6653,EUR
10024,2025-11-18,96.9866,EUR
10024,2025-11-19,98.137,EUR
10024,2025-11-20,98.6807,EUR
10024,2025-11-21,99.5439,EUR
10024,2025-11-24,97.5093,EUR
10024,2025-11-25,96.3303,EUR
10024,2025-11-26,94.1329,EUR
10024,2025-11-27,92.4879,EUR
10024,2025-11-28,91.3827,EUR
10024,2025-12-01,92.211,EUR
10024,2025-12-02,93.1077,EUR
10024,2025-12-03,94.0949,EUR
10024,2025-12-04,94.3004,EUR
10024,2025-12-05,93.2359,EUR
10024,2025-12-08,94.6153,EUR
10024,2025-12-09,96.7107,EUR
10024,2025-12-10,96.6035,EUR
10024,2025-12-11,96.4383,EUR
10024,2025-12-12,96.7109,EUR
10024,2025-12-15,96.4857,EUR
10024,2025-12-16,99.1855,EUR
10024,2025-12-17,100.8442,EUR
10024,2025-12-18,100.0761,EUR
10024,2025-12-19,97.9332,EUR
10024,2025-12-22,99.4785,EUR
10024,2025-12-23,97.9172,EUR
10024,2025-12-24,96.8354,EUR
10024,2025-12-25,95.674,EUR
10024,2025-12-26,97.3702,EUR
10024,2025-12-29,97.2699,EUR
10024,2025-12-30,95.8709,EUR
10024,2025-12-31,96.0398,EUR
10025,2024-12-24,30.2886,CAD
10025,2024-12-25,30.3715,CAD
10025,2024-12-26,29.8216,CAD
10025,2024-12-27,29.6947,CAD
10025,2024-12-30,29.3557,CAD
10025,2024-12-31,29.4007,CAD
10025,2025-01-01,28.6461,CAD
10025,2025-01-02,28.4846,CAD
10025,2025-01-03,28.8946,CAD
10025,2025-01-06,28.5404,CAD
10025,2025-01-07,28.5832,CAD
10025,2025-01-08,29.1133,CAD
10025,2025-01-09,29.5404,CAD
10025,2025-01-10,29.1265,CAD
10025,2025-01-13,29.0172,CAD
10025,2025-01-14,28.6095,CAD
10025,2025-01-15,29.0613,CAD
10025,2025-01-16,28.6833,CAD
10025,2025-01-17,28.7313,CAD
10025,2025-01-20,28.9478,CAD
10025,2025-01-21,28.6235,CAD
10025,2025-01-22,28.5069,CAD
10025,2025-01-23,28.5578,CAD
10025,2025-01-24,28.6511,CAD
10025,2025-01-27,28.7764,CAD
10025,2025-01-28,29.1419,CAD
10025,2025-01-29,29.0507,CAD
10025,2025-01-30,28.8459,CAD
10025,2025-01-31,28.3733,CAD
10025,2025-02-03,28.6214,CAD
10025,2025-02-04,28.8216,CAD
10025,2025-02-05,28.2914,CAD
10025,2025-02-06,28.3188,CAD
10025,2025-02-07,28.391,CAD
10025,2025-02-10,29.0422,CAD
10025,2025-02-11,29.1275,CAD
10025,2025-02-12,28.4989,CAD
10025,2025-02-13,28.6233,CAD
10025,2025-02-14,28.7231,CAD
10025,2025-02-17,28.8274,CAD
10025,2025-02-18,28.7118,CAD
10025,2025-02-19,28.1561,CAD
10025,2025-02-20,27.8807,CAD
10025,2025-02-21,28.1023,CAD
10025,2025-02-24,28.229,CAD
10025,2025-02-25,27.701,CAD
10025,2025-02-26,27.0025,CAD
10025,2025-02-27,26.8943,CAD
10025,2025-02-28,26.5606,CAD
10025,2025-03-03,26.215,CAD
10025,2025-03-04,26.1635,CAD
10025,2025-03-05,26.1745,CAD
10025,2025-03-06,26.1988,CAD
10025,2025-03-07,26.8796,CAD
10025,2025-03-10,26.4326,CAD
10025,2025-03-11,26.6784,CAD
10025,2025-03-12,26.9275,CAD
10025,2025-03-13,26.4781,CAD
10025,2025-03-14,26.5196,CAD
10025,2025-03-17,26.5578,CAD
10025,2025-03-18,26.8183,CAD
10025,2025-03-19,26.502,CAD
10025,2025-03-20,26.3451,CAD
10025,2025-03-21,26.7927,CAD
10025,2025-03-24,27.3381,CAD
10025,2025-03-25,27.6174,CAD
10025,2025-03-26,27.6683,CAD
10025,2025-03-27,27.9402,CAD
10025,2025-03-28,28.0863,CAD
10025,2025-03-31,28.6675,CAD
10025,2025-04-01,29.2273,CAD
10025,2025-04-02,28.8257,CAD
10025,2025-04-03,28.3699,CAD
10025,2025-04-04,28.3163,CAD
10025,2025-04-07,28.5987,CAD
10025,2025-04-08,28.5878,CAD
10025,2025-04-09,27.9137,CAD
10025,2025-04-10,27.3717,CAD
10025,2025-04-11,27.6149,CAD
10025,2025-04-14,28.3429,CAD
10025,2025-04-15,28.5136,CAD
10025,2025-04-16,29.0088,CAD
10025,2025-04-17,29.4821,CAD
10025,2025-04-18,30.0875,CAD
10025,2025-04-21,30.2637,CAD
10025,2025-04-22,29.9062,CAD
10025,2025-04-23,29.8622,CAD
10025,2025-04-24,29.6489,CAD
10025,2025-04-25,29.16,CAD
10025,2025-04-28,28.4707,CAD
10025,2025-04-29,28.1232,CAD
10025,2025-04-30,28.6231,CAD
10025,2025-05-01,28.4503,CAD
10025,2025-05-02,27.9823,CAD
10025,2025-05-05,27.4919,CAD
10025,2025-05-06,27.8122,CAD
10025,2025-05-07,27.7586,CAD
10025,2025-05-08,27.794,CAD
10025,2025-05-09,27.4852,CAD
10025,2025-05-12,27.3456,CAD
10025,2025-05-13,26.6683,CAD
10025,2025-05-14,26.2735,CAD
10025,2025-05-15,26.2559,CAD
10025,2025-05-16,25.9745,CAD
10025,2025-05-19,25.7788,CAD
10025,2025-05-20,26.0873,CAD
10025,2025-05-21,25.9462,CAD
10025,2025-05-22,25.8687,CAD
10025,2025-05-23,25.7329,CAD
10025,2025-05-26,25.9474,CAD
10025,2025-05-27,26.4728,CAD
10025,2025-05-28,27.0185,CAD
10025,2025-05-29,26.6607,CAD
10025,2025-05-30,26.4568,CAD
10025,2025-06-02,25.9665,CAD
10025,2025-06-03,25.8209,CAD
10025,2025-06-04,25.1055,CAD
10025,2025-06-05,25.1208,CAD
10025,2025-06-06,24.8851,CAD
10025,2025-06-09,24.6155,CAD
10025,2025-06-10,24.7462,CAD
10025,2025-06-11,25.3889,CAD
10025,2025-06-12,24.7547,CAD
10025,2025-06-13,24.469,CAD
10025,2025-06-16,24.4816,CAD
10025,2025-06-17,24.4457,CAD
10025,2025-06-18,24.3996,CAD
10025,2025-06-19,24.2111,CAD
10025,2025-06-20,24.1367,CAD
10025,2025-06-23,24.0998,CAD
10025,2025-06-24,23.6929,CAD
10025,2025-06-25,23.3863,CAD
10025,2025-06-26,23.4038,CAD
10025,2025-06-27,23.9,CAD
10025,2025-06-30,24.183,CAD
10025,2025-07-01,24.2746,CAD
10025,2025-07-02,24.0158,CAD
10025,2025-07-03,24.483,CAD
10025,2025-07-04,24.8447,CAD
10025,2025-07-07,24.8292,CAD
10025,2025-07-08,24.9835,CAD
10025,2025-07-09,24.7231,CAD
10025,2025-07-10,24.2815,CAD
10025,2025-07-11,23.9316,CAD
10025,2025-07-14,24.045,CAD
10025,2025-07-15,23.4828,CAD
10025,2025-07-16,23.5932,CAD
10025,2025-07-17,23.2298,CAD
10025,2025-07-18,23.575,CAD
10025,2025-07-21,23.3443,CAD
10025,2025-07-22,23.8228,CAD
10025,2025-07-23,23.8839,CAD
10025,2025-07-24,23.7832,CAD
10025,2025-07-25,23.8391,CAD
10025,2025-07-28,23.8428,CAD
10025,2025-07-29,24.0763,CAD
10025,2025-07-30,24.0623,CAD
10025,2025-07-31,24.4235,CAD
10025,2025-08-01,23.7607,CAD
10025,2025-08-04,23.816,CAD
10025,2025-08-05,24.1651,CAD
10025,2025-08-06,24.3482,CAD
10025,2025-08-07,24.5809,CAD
10025,2025-08-08,24.967,CAD
10025,2025-08-11,25.2668,CAD
10025,2025-08-12,25.3561,CAD
10025,2025-08-13,24.9746,CAD
10025,2025-08-14,24.8852,CAD
10025,2025-08-15,24.7383,CAD
10025,2025-08-18,24.6832,CAD
10025,2025-08-19,24.7373,CAD
10025,2025-08-20,24.6093,CAD
10025,2025-08-21,23.9016,CAD
10025,2025-08-22,23.7303,CAD
10025,2025-08-25,23.7235,CAD
10025,2025-08-26,23.7052,CAD
10025,2025-08-27,23.3288,CAD
10025,2025-08-28,23.7341,CAD
10025,2025-08-29,23.5759,CAD
10025,2025-09-01,23.7894,CAD
10025,2025-09-02,24.0691,CAD
10025,2025-09-03,24.4684,CAD
10025,2025-09-04,24.9999,CAD
10025,2025-09-05,25.0476,CAD
10025,2025-09-08,25.7614,CAD
10025,2025-09-09,25.2352,CAD
10025,2025-09-10,24.998,CAD
10025,2025-09-11,24.8832,CAD
10025,2025-09-12,24.8484,CAD
10025,2025-09-15,25.0769,CAD
10025,2025-09-16,25.2149,CAD
10025,2025-09-17,25.2951,CAD
10025,2025-09-18,24.6966,CAD
10025,2025-09-19,24.7538,CAD
10025,2025-09-22,24.0888,CAD
10025,2025-09-23,24.5155,CAD
10025,2025-09-24,24.5525,CAD
10025,2025-09-25,24.5763,CAD
10025,2025-09-26,24.1345,CAD
10025,2025-09-29,23.7733,CAD
10025,2025-09-30,24.6566,CAD
10025,2025-10-01,25.2338,CAD
10025,2025-10-02,25.3905,CAD
10025,2025-10-03,25.5099,CAD
10025,2025-10-06,25.1196,CAD
10025,2025-10-07,25.5377,CAD
10025,2025-10-08,25.675,CAD
10025,2025-10-09,25.3912,CAD
10025,2025-10-10,25.3989,CAD
10025,2025-10-13,25.3265,CAD
10025,2025-10-14,25.5759,CAD
10025,2025-10-15,25.819,CAD
10025,2025-10-16,25.6932,CAD
10025,2025-10-17,25.3948,CAD
10025,2025-10-20,25.2687,CAD
10025,2025-10-21,25.3166,CAD
10025,2025-10-22,25.1429,CAD
10025,2025-10-23,25.4631,CAD
10025,2025-10-24,25.0499,CAD
10025,2025-10-27,25.123,CAD
10025,2025-10-28,25.4273,CAD
10025,2025-10-29,25.734,CAD
10025,2025-10-30,25.8111,CAD
10025,2025-10-31,25.5305,CAD
10025,2025-11-03,25.3548,CAD
10025,2025-11-04,24.8656,CAD
10025,2025-11-05,25.0488,CAD
10025,2025-11-06,24.6172,CAD
10025,2025-11-07,24.4786,CAD
10025,2025-11-10,24.2379,CAD
10025,2025-11-11,23.9511,CAD
10025,2025-11-12,24.1042,CAD
10025,2025-11-13,24.2914,CAD
10025,2025-11-14,23.239,CAD
10025,2025-11-17,23.0548,CAD
10025,2025-11-18,23.3389,CAD
10025,2025-11-19,23.9512,CAD
10025,2025-11-20,24.4474,CAD
10025,2025-11-21,24.1803,CAD
10025,2025-11-24,24.1471,CAD
10025,2025-11-25,23.5873,CAD
10025,2025-11-26,24.4609,CAD
10025,2025-11-27,24.8236,CAD
10025,2025-11-28,24.8486,CAD
10025,2025-12-01,24.8539,CAD
10025,2025-12-02,25.2141,CAD
10025,2025-12-03,24.5939,CAD
10025,2025-12-04,24.6371,CAD
10025,2025-12-05,24.3399,CAD
10025,2025-12-08,24.4335,CAD
10025,2025-12-09,24.7223,CAD
10025,2025-12-10,24.7033,CAD
10025,2025-12-11,24.9227,CAD
10025,2025-12-12,24.9688,CAD
10025,2025-12-15,24.7645,CAD
10025,2025-12-16,25.1128,CAD
10025,2025-12-17,25.1457,CAD
10025,2025-12-18,25.0358,CAD
10025,2025-12-19,25.3675,CAD
10025,2025-12-22,25.6978,CAD
10025,2025-12-23,25.9616,CAD
10025,2025-12-24,25.6859,CAD
10025,2025-12-25,25.5577,CAD
10025,2025-12-26,25.7984,CAD
10025,2025-12-29,26.2319,CAD
10025,2025-12-30,26.2008,CAD
10025,2025-12-31,26.1993,CAD
10026,2024-12-24,101.5779,USD
10026,2024-12-25,102.4194,USD
10026,2024-12-26,104.1375,USD
10026,2024-12-27,103.3993,USD
10026,2024-12-30,102.4153,USD
10026,2024-12-31,100.8997,USD
10026,2025-01-01,100.4415,USD
10026,2025-01-02,99.6463,USD
10026,2025-01-03,97.9692,USD
10026,2025-01-06,95.9767,USD
10026,2025-01-07,95.1944,USD
10026,2025-01-08,96.3878,USD
10026,2025-01-09,95.4087,USD
10026,2025-01-10,96.2472,USD
10026,2025-01-13,96.9993,USD
10026,2025-01-14,96.6504,USD
10026,2025-01-15,97.0679,USD
10026,2025-01-16,99.0299,USD
10026,2025-01-17,99.9171,USD
10026,2025-01-20,100.15,USD
10026,2025-01-21,100.3197,USD
10026,2025-01-22,98.8979,USD
10026,2025-01-23,98.4377,USD
10026,2025-01-24,98.1407,USD
10026,2025-01-27,98.0194,USD
10026,2025-01-28,99.3545,USD
10026,2025-01-29,98.9325,USD
10026,2025-01-30,99.555,USD
10026,2025-01-31,99.2679,USD
10026,2025-02-03,100.5561,USD
10026,2025-02-04,101.5812,USD
10026,2025-02-05,100.3868,USD
10026,2025-02-06,100.5166,USD
10026,2025-02-07,100.7474,USD
10026,2025-02-10,101.0639,USD
10026,2025-02-11,100.2306,USD
10026,2025-02-12,100.6974,USD
10026,2025-02-13,100.6133,USD
10026,2025-02-14,100.3775,USD
10026,2025-02-17,100.7655,USD
10026,2025-02-18,101.0226,USD
10026,2025-02-19,100.702,USD
10026,2025-02-20,100.9888,USD
10026,2025-02-21,102.0116,USD
10026,2025-02-24,102.8446,USD
10026,2025-02-25,103.9157,USD
10026,2025-02-26,107.4115,USD
10026,2025-02-27,106.9446,USD
10026,2025-02-28,107.1633,USD
10026,2025-03-03,107.5692,USD
10026,2025-03-04,106.5293,USD
10026,2025-03-05,106.1472,USD
10026,2025-03-06,106.4462,USD
10026,2025-03-07,107.4508,USD
10026,2025-03-10,106.5715,USD
10026,2025-03-11,106.9177,USD
10026,2025-03-12,105.6797,USD
10026,2025-03-13,105.7212,USD
10026,2025-03-14,105.9027,USD
10026,2025-03-17,107.1288,USD
10026,2025-03-18,107.6362,USD
10026,2025-03-19,105.2565,USD
10026,2025-03-20,104.1885,USD
10026,2025-03-21,102.4015,USD
10026,2025-03-24,104.1009,USD
10026,2025-03-25,103.7498,USD
10026,2025-03-26,104.606,USD
10026,2025-03-27,104.902,USD
10026,2025-03-28,103.3195,USD
10026,2025-03-31,104.3758,USD
10026,2025-04-01,103.5555,USD
10026,2025-04-02,101.2796,USD
10026,2025-04-03,102.5625,USD
10026,2025-04-04,101.9015,USD
10026,2025-04-07,101.087,USD
10026,2025-04-08,100.4207,USD
10026,2025-04-09,102.3738,USD
10026,2025-04-10,101.9991,USD
10026,2025-04-11,100.1379,USD
10026,2025-04-14,100.931,USD
10026,2025-04-15,103.1356,USD
10026,2025-04-16,103.0862,USD
10026,2025-04-17,102.0461,USD
10026,2025-04-18,101.9206,USD
10026,2025-04-21,100.8143,USD
10026,2025-04-22,99.9734,USD
10026,2025-04-23,101.5021,USD
10026,2025-04-24,99.4764,USD
10026,2025-04-25,98.2055,USD
10026,2025-04-28,98.8207,USD
10026,2025-04-29,99.539,USD
10026,2025-04-30,100.2628,USD
10026,2025-05-01,99.3608,USD
10026,2025-05-02,99.4777,USD
10026,2025-05-05,97.963,USD
10026,2025-05-06,98.0406,USD
10026,2025-05-07,97.3094,USD
10026,2025-05-08,97.271,USD
10026,2025-05-09,96.7057,USD
10026,2025-05-12,96.8544,USD
10026,2025-05-13,97.7917,USD
10026,2025-05-14,97.6429,USD
10026,2025-05-15,97.0444,USD
10026,2025-05-16,97.4399,USD
10026,2025-05-19,98.5228,USD
10026,2025-05-20,98.9526,USD
10026,2025-05-21,98.8352,USD
10026,2025-05-22,96.9646,USD
10026,2025-05-23,97.2127,USD
10026,2025-05-26,97.5298,USD
10026,2025-05-27,96.8353,USD
10026,2025-05-28,96.6376,USD
10026,2025-05-29,97.7804,USD
10026,2025-05-30,99.252,USD
10026,2025-06-02,100.7499,USD
10026,2025-06-03,100.364,USD
10026,2025-06-04,99.7072,USD
10026,2025-06-05,101.4765,USD
10026,2025-06-06,103.8204,USD
10026,2025-06-09,102.1838,USD
10026,2025-06-10,101.4296,USD
10026,2025-06-11,101.8376,USD
10026,2025-06-12,101.3471,USD
10026,2025-06-13,100.6166,USD
10026,2025-06-16,100.5575,USD
10026,2025-06-17,98.7772,USD
10026,2025-06-18,98.8452,USD
10026,2025-06-19,98.4418,USD
10026,2025-06-20,97.6473,USD
10026,2025-06-23,97.7755,USD
10026,2025-06-24,96.5168,USD
10026,2025-06-25,95.6629,USD
10026,2025-06-26,98.2207,USD
10026,2025-06-27,98.8365,USD
10026,2025-06-30,98.8481,USD
10026,2025-07-01,98.2892,USD
10026,2025-07-02,98.177,USD
10026,2025-07-03,99.1511,USD
10026,2025-07-04,99.6234,USD
10026,2025-07-07,101.3534,USD
10026,2025-07-08,102.2004,USD
10026,2025-07-09,101.6137,USD
10026,2025-07-10,102.4759,USD
10026,2025-07-11,101.7597,USD
10026,2025-07-14,102.4115,USD
10026,2025-07-15,101.8691,USD
10026,2025-07-16,103.028,USD
10026,2025-07-17,102.2833,USD
10026,2025-07-18,101.9294,USD
10026,2025-07-21,102.2062,USD
10026,2025-07-22,100.9691,USD
10026,2025-07-23,100.0657,USD
10026,2025-07-24,98.2799,USD
10026,2025-07-25,99.0633,USD
10026,2025-07-28,97.5677,USD
10026,2025-07-29,97.3736,USD
10026,2025-07-30,97.8768,USD
10026,2025-07-31,94.8045,USD
10026,2025-08-01,95.7918,USD
10026,2025-08-04,95.4961,USD
10026,2025-08-05,95.7292,USD
10026,2025-08-06,96.3407,USD
10026,2025-08-07,97.0937,USD
10026,2025-08-08,96.7713,USD
10026,2025-08-11,96.5186,USD
10026,2025-08-12,97.5747,USD
10026,2025-08-13,97.5148,USD
10026,2025-08-14,99.3029,USD
10026,2025-08-15,100.3226,USD
10026,2025-08-18,100.2473,USD
10026,2025-08-19,100.7778,USD
10026,2025-08-20,98.7173,USD
10026,2025-08-21,98.1767,USD
10026,2025-08-22,99.1082,USD
10026,2025-08-25,98.9386,USD
10026,2025-08-26,99.4534,USD
10026,2025-08-27,98.7379,USD
10026,2025-08-28,97.1467,USD
10026,2025-08-29,97.6228,USD
10026,2025-09-01,96.9237,USD
10026,2025-09-02,98.0899,USD
10026,2025-09-03,96.8133,USD
10026,2025-09-04,97.6119,USD
10026,2025-09-05,98.6207,USD
10026,2025-09-08,99.9782,USD
10026,2025-09-09,99.156,USD
10026,2025-09-10,97.1751,USD
10026,2025-09-11,97.4803,USD
10026,2025-09-12,97.6607,USD
10026,2025-09-15,98.1554,USD
10026,2025-09-16,98.6232,USD
10026,2025-09-17,97.5126,USD
10026,2025-09-18,96.5329,USD
10026,2025-09-19,97.4122,USD
10026,2025-09-22,96.5739,USD
10026,2025-09-23,97.9312,USD
10026,2025-09-24,98.978,USD
10026,2025-09-25,98.6291,USD
10026,2025-09-26,97.4766,USD
10026,2025-09-29,97.855,USD
10026,2025-09-30,98.6809,USD
10026,2025-10-01,97.8465,USD
10026,2025-10-02,96.8937,USD
10026,2025-10-03,96.7871,USD
10026,2025-10-06,95.7712,USD
10026,2025-10-07,93.4902,USD
10026,2025-10-08,91.6458,USD
10026,2025-10-09,90.5863,USD
10026,2025-10-10,92.4039,USD
10026,2025-10-13,91.8525,USD
10026,2025-10-14,91.4718,USD
10026,2025-10-15,91.282,USD
10026,2025-10-16,90.5274,USD
10026,2025-10-17,89.4245,USD
10026,2025-10-20,89.2531,USD
10026,2025-10-21,88.3327,USD
10026,2025-10-22,88.3561,USD
10026,2025-10-23,88.2769,USD
10026,2025-10-24,89.6354,USD
10026,2025-10-27,90.5479,USD
10026,2025-10-28,89.6624,USD
10026,2025-10-29,90.2223,USD
10026,2025-10-30,88.57,USD
10026,2025-10-31,87.9677,USD
10026,2025-11-03,87.8829,USD
10026,2025-11-04,87.7338,USD
10026,2025-11-05,87.4711,USD
10026,2025-11-06,89.5931,USD
10026,2025-11-07,89.6845,USD
10026,2025-11-10,88.3256,USD
10026,2025-11-11,88.2779,USD
10026,2025-11-12,89.4712,USD
10026,2025-11-13,88.8658,USD
10026,2025-11-14,87.9999,USD
10026,2025-11-17,88.0314,USD
10026,2025-11-18,89.6656,USD
10026,2025-11-19,89.2082,USD
10026,2025-11-20,89.5284,USD
10026,2025-11-21,91.582,USD
10026,2025-11-24,90.2966,USD
10026,2025-11-25,88.8453,USD
10026,2025-11-26,90.589,USD
10026,2025-11-27,90.2752,USD
10026,2025-11-28,92.5679,USD
10026,2025-12-01,93.018,USD
10026,2025-12-02,91.6636,USD
10026,2025-12-03,91.8595,USD
10026,2025-12-04,91.8418,USD
10026,2025-12-05,90.4392,USD
10026,2025-12-08,91.1335,USD
10026,2025-12-09,90.3889,USD
10026,2025-12-10,91.4669,USD
10026,2025-12-11,91.0195,USD
10026,2025-12-12,89.6135,USD
10026,2025-12-15,89.2178,USD
10026,2025-12-16,91.165,USD
10026,2025-12-17,91.8405,USD
10026,2025-12-18,92.5219,USD
10026,2025-12-19,93.5683,USD
10026,2025-12-22,93.3985,USD
10026,2025-12-23,93.5403,USD
10026,2025-12-24,93.3181,USD
10026,2025-12-25,92.8368,USD
10026,2025-12-26,91.8454,USD
10026,2025-12-29,91.4221,USD
10026,2025-12-30,91.4302,USD
10026,2025-12-31,91.1809,USD
10027,2024-12-24,182.7201,EUR
10027,2024-12-25,183.358,EUR
10027,2024-12-26,184.2292,EUR
10027,2024-12-27,184.8815,EUR
10027,2024-12-30,178.5431,EUR
10027,2024-12-31,179.6213,EUR
10027,2025-01-01,177.274,EUR
10027,2025-01-02,174.4956,EUR
10027,2025-01-03,175.6394,EUR
10027,2025-01-06,174.7653,EUR
10027,2025-01-07,176.9652,EUR
10027,2025-01-08,180.7234,EUR
10027,2025-01-09,179.3984,EUR
10027,2025-01-10,184.3441,EUR
10027,2025-01-13,183.4713,EUR
10027,2025-01-14,186.0366,EUR
10027,2025-01-15,188.4744,EUR
10027,2025-01-16,184.7705,EUR
10027,2025-01-17,183.7912,EUR
10027,2025-01-20,179.3527,EUR
10027,2025-01-21,177.7773,EUR
10027,2025-01-22,177.1724,EUR
10027,2025-01-23,177.9875,EUR
10027,2025-01-24,173.0966,EUR
10027,2025-01-27,172.7386,EUR
10027,2025-01-28,173.3805,EUR
10027,2025-01-29,169.2973,EUR
10027,2025-01-30,173.948,EUR
10027,2025-01-31,170.9497,EUR
10027,2025-02-03,168.7485,EUR
10027,2025-02-04,167.444,EUR
10027,2025-02-05,165.312,EUR
10027,2025-02-06,167.3107,EUR
10027,2025-02-07,163.8092,EUR
10027,2025-02-10,163.4557,EUR
10027,2025-02-11,168.549,EUR
10027,2025-02-12,172.0013,EUR
10027,2025-02-13,170.9025,EUR
10027,2025-02-14,168.3428,EUR
10027,2025-02-17,169.239,EUR
10027,2025-02-18,170.7283,EUR
10027,2025-02-19,168.9505,EUR
10027,2025-02-20,172.2354,EUR
10027,2025-02-21,170.8517,EUR
10027,2025-02-24,175.4085,EUR
10027,2025-02-25,176.7148,EUR
10027,2025-02-26,179.9645,EUR
10027,2025-02-27,183.6428,EUR
10027,2025-02-28,186.096,EUR
10027,2025-03-03,187.5192,EUR
10027,2025-03-04,189.4061,EUR
10027,2025-03-05,188.7172,EUR
10027,2025-03-06,185.4314,EUR
10027,2025-03-07,194.1684,EUR
10027,2025-03-10,193.4518,EUR
10027,2025-03-11,194.6481,EUR
10027,2025-03-12,198.0393,EUR
10027,2025-03-13,198.421,EUR
10027,2025-03-14,195.4227,EUR
10027,2025-03-17,197.0023,EUR
10027,2025-03-18,198.6881,EUR
10027,2025-03-19,199.469,EUR
10027,2025-03-20,202.53,EUR
10027,2025-03-21,209.2682,EUR
10027,2025-03-24,205.7903,EUR
10027,2025-03-25,204.062,EUR
10027,2025-03-26,206.5221,EUR
10027,2025-03-27,206.1819,EUR
10027,2025-03-28,209.2529,EUR
10027,2025-03-31,210.1939,EUR
10027,2025-04-01,212.4022,EUR
10027,2025-04-02,217.2922,EUR
10027,2025-04-03,220.7542,EUR
10027,2025-04-04,227.2263,EUR
10027,2025-04-07,224.6797,EUR
10027,2025-04-08,224.6486,EUR
10027,2025-04-09,221.184,EUR
10027,2025-04-10,224.3704,EUR
10027,2025-04-11,222.0929,EUR
10027,2025-04-14,225.1161,EUR
10027,2025-04-15,225.0498,EUR
10027,2025-04-16,226.223,EUR
10027,2025-04-17,228.628,EUR
10027,2025-04-18,227.0087,EUR
10027,2025-04-21,225.4349,EUR
10027,2025-04-22,224.1174,EUR
10027,2025-04-23,224.3875,EUR
10027,2025-04-24,223.1888,EUR
10027,2025-04-25,222.2754,EUR
10027,2025-04-28,221.8073,EUR
10027,2025-04-29,221.8116,EUR
10027,2025-04-30,223.3038,EUR
10027,2025-05-01,227.8316,EUR
10027,2025-05-02,226.5171,EUR
10027,2025-05-05,222.7888,EUR
10027,2025-05-06,223.661,EUR
10027,2025-05-07,230.1095,EUR
10027,2025-05-08,229.0375,EUR
10027,2025-05-09,227.4781,EUR
10027,2025-05-12,224.7809,EUR
10027,2025-05-13,222.7166,EUR
10027,2025-05-14,229.8548,EUR
10027,2025-05-15,228.2518,EUR
10027,2025-05-16,231.9736,EUR
10027,2025-05-19,230.7263,EUR
10027,2025-05-20,222.0044,EUR
10027,2025-05-21,224.3301,EUR
10027,2025-05-22,227.6415,EUR
10027,2025-05-23,223.6042,EUR
10027,2025-05-26,224.1822,EUR
10027,2025-05-27,224.5677,EUR
10027,2025-05-28,224.8266,EUR
10027,2025-05-29,222.455,EUR
10027,2025-05-30,225.0682,EUR
10027,2025-06-02,228.9043,EUR
10027,2025-06-03,225.5874,EUR
10027,2025-06-04,220.4287,EUR
10027,2025-06-05,216.721,EUR
10027,2025-06-06,216.1634,EUR
10027,2025-06-09,211.5938,EUR
10027,2025-06-10,211.6874,EUR
10027,2025-06-11,214.3114,EUR
10027,2025-06-12,207.7947,EUR
10027,2025-06-13,198.0226,EUR
10027,2025-06-16,195.4989,EUR
10027,2025-06-17,201.4673,EUR
10027,2025-06-18,200.6683,EUR
10027,2025-06-19,202.0866,EUR
10027,2025-06-20,196.6089,EUR
10027,2025-06-23,189.8727,EUR
10027,2025-06-24,190.4063,EUR
10027,2025-06-25,190.5549,EUR
10027,2025-06-26,189.7436,EUR
10027,2025-06-27,192.99,EUR
10027,2025-06-30,192.3943,EUR
10027,2025-07-01,185.5213,EUR
10027,2025-07-02,183.0643,EUR
10027,2025-07-03,187.295,EUR
10027,2025-07-04,189.2958,EUR
10027,2025-07-07,191.0665,EUR
10027,2025-07-08,191.6037,EUR
10027,2025-07-09,196.5663,EUR
10027,2025-07-10,198.1015,EUR
10027,2025-07-11,199.6158,EUR
10027,2025-07-14,200.2332,EUR
10027,2025-07-15,204.7931,EUR
10027,2025-07-16,195.664,EUR
10027,2025-07-17,195.9544,EUR
10027,2025-07-18,194.4203,EUR
10027,2025-07-21,194.0612,EUR
10027,2025-07-22,194.1036,EUR
10027,2025-07-23,187.4774,EUR
10027,2025-07-24,187.7521,EUR
10027,2025-07-25,189.6913,EUR
10027,2025-07-28,189.3767,EUR
10027,2025-07-29,192.4686,EUR
10027,2025-07-30,193.9336,EUR
10027,2025-07-31,199.0416,EUR
10027,2025-08-01,195.7187,EUR
10027,2025-08-04,198.0889,EUR
10027,2025-08-05,200.5569,EUR
10027,2025-08-06,202.2245,EUR
10027,2025-08-07,207.5229,EUR
10027,2025-08-08,205.4037,EUR
10027,2025-08-11,198.3657,EUR
10027,2025-08-12,194.483,EUR
10027,2025-08-13,193.2161,EUR
10027,2025-08-14,189.0821,EUR
10027,2025-08-15,181.9208,EUR
10027,2025-08-18,181.6946,EUR
10027,2025-08-19,179.9038,EUR
10027,2025-08-20,179.507,EUR
10027,2025-08-21,175.16,EUR
10027,2025-08-22,173.4208,EUR
10027,2025-08-25,168.6402,EUR
10027,2025-08-26,167.2591,EUR
10027,2025-08-27,168.4019,EUR
10027,2025-08-28,168.0534,EUR
10027,2025-08-29,165.9788,EUR
10027,2025-09-01,167.9969,EUR
10027,2025-09-02,167.4611,EUR
10027,2025-09-03,166.5614,EUR
10027,2025-09-04,164.2357,EUR
10027,2025-09-05,162.3599,EUR
10027,2025-09-08,159.8568,EUR
10027,2025-09-09,159.4942,EUR
10027,2025-09-10,163.5838,EUR
10027,2025-09-11,161.4191,EUR
10027,2025-09-12,159.0464,EUR
10027,2025-09-15,165.0247,EUR
10027,2025-09-16,167.6465,EUR
10027,2025-09-17,170.0302,EUR
10027,2025-09-18,169.8235,EUR
10027,2025-09-19,169.7435,EUR
10027,2025-09-22,171.7178,EUR
10027,2025-09-23,175.9554,EUR
10027,2025-09-24,178.427,EUR
10027,2025-09-25,182.9062,EUR
10027,2025-09-26,181.86,EUR
10027,2025-09-29,189.8851,EUR
10027,2025-09-30,186.2914,EUR
10027,2025-10-01,186.5712,EUR
10027,2025-10-02,190.9492,EUR
10027,2025-10-03,189.0011,EUR
10027,2025-10-06,186.989,EUR
10027,2025-10-07,185.1174,EUR
10027,2025-10-08,184.8307,EUR
10027,2025-10-09,182.7784,EUR
10027,2025-10-10,184.5066,EUR
10027,2025-10-13,180.4712,EUR
10027,2025-10-14,178.3688,EUR
10027,2025-10-15,177.309,EUR
10027,2025-10-16,175.1651,EUR
10027,2025-10-17,172.2035,EUR
10027,2025-10-20,171.0926,EUR
10027,2025-10-21,171.2612,EUR
10027,2025-10-22,169.9662,EUR
10027,2025-10-23,170.1167,EUR
10027,2025-10-24,168.503,EUR
10027,2025-10-27,166.5675,EUR
10027,2025-10-28,169.9239,EUR
10027,2025-10-29,168.7809,EUR
10027,2025-10-30,162.1957,EUR
10027,2025-10-31,163.6329,EUR
10027,2025-11-03,166.7389,EUR
10027,2025-11-04,171.2888,EUR
10027,2025-11-05,167.9583,EUR
10027,2025-11-06,168.0572,EUR
10027,2025-11-07,166.3648,EUR
10027,2025-11-10,168.2986,EUR
10027,2025-11-11,169.674,EUR
10027,2025-11-12,170.4884,EUR
10027,2025-11-13,164.2696,EUR
10027,2025-11-14,164.1658,EUR
10027,2025-11-17,162.589,EUR
10027,2025-11-18,158.5542,EUR
10027,2025-11-19,156.2971,EUR
10027,2025-11-20,155.2861,EUR
10027,2025-11-21,155.2585,EUR
10027,2025-11-24,163.3086,EUR
10027,2025-11-25,165.2946,EUR
10027,2025-11-26,163.43,EUR
10027,2025-11-27,161.0871,EUR
10027,2025-11-28,158.8736,EUR
10027,2025-12-01,156.6276,EUR
10027,2025-12-02,158.8357,EUR
10027,2025-12-03,160.6985,EUR
10027,2025-12-04,162.5224,EUR
10027,2025-12-05,161.5183,EUR
10027,2025-12-08,159.4287,EUR
10027,2025-12-09,158.8405,EUR
10027,2025-12-10,159.5577,EUR
10027,2025-12-11,157.2196,EUR
10027,2025-12-12,158.926,EUR
10027,2025-12-15,159.6948,EUR
10027,2025-12-16,167.238,EUR
10027,2025-12-17,163.1038,EUR
10027,2025-12-18,164.0083,EUR
10027,2025-12-19,167.906,EUR
10027,2025-12-22,166.298,EUR
10027,2025-12-23,167.4688,EUR
10027,2025-12-24,171.9933,EUR
10027,2025-12-25,175.3407,EUR
10027,2025-12-26,177.7161,EUR
10027,2025-12-29,175.7383,EUR
10027,2025-12-30,170.3543,EUR
10027,2025-12-31,171.109,EUR
10028,2024-12-24,54.5465,CAD
10028,2024-12-25,55.2712,CAD
10028,2024-12-26,56.2092,CAD
10028,2024-12-27,55.4831,CAD
10028,2024-12-30,56.212,CAD
10028,2024-12-31,55.374,CAD
10028,2025-01-01,56.4834,CAD
10028,2025-01-02,57.9089,CAD
10028,2025-01-03,57.7299,CAD
10028,2025-01-06,58.4705,CAD
10028,2025-01-07,59.7457,CAD
10028,2025-01-08,59.8989,CAD
10028,2025-01-09,60.457,CAD
10028,2025-01-10,59.5982,CAD
10028,2025-01-13,60.3388,CAD
10028,2025-01-14,58.2737,CAD
10028,2025-01-15,58.3351,CAD
10028,2025-01-16,59.7488,CAD
10028,2025-01-17,58.3226,CAD
10028,2025-01-20,56.8451,CAD
10028,2025-01-21,57.05,CAD
10028,2025-01-22,57.4314,CAD
10028,2025-01-23,58.7679,CAD
10028,2025-01-24,57.7385,CAD
10028,2025-01-27,58.2089,CAD
10028,2025-01-28,57.5686,CAD
10028,2025-01-29,57.5208,CAD
10028,2025-01-30,56.237,CAD
10028,2025-01-31,55.9274,CAD
10028,2025-02-03,55.0478,CAD
10028,2025-02-04,55.4,CAD
10028,2025-02-05,54.7181,CAD
10028,2025-02-06,56.0899,CAD
10028,2025-02-07,57.4029,CAD
10028,2025-02-10,57.4939,CAD
10028,2025-02-11,56.7124,CAD
10028,2025-02-12,58.2377,CAD
10028,2025-02-13,58.1973,CAD
10028,2025-02-14,59.0529,CAD
10028,2025-02-17,59.2078,CAD
10028,2025-02-18,57.7412,CAD
10028,2025-02-19,58.0685,CAD
10028,2025-02-20,59.5468,CAD
10028,2025-02-21,61.9123,CAD
10028,2025-02-24,60.9742,CAD
10028,2025-02-25,60.6744,CAD
10028,2025-02-26,60.8033,CAD
10028,2025-02-27,60.8741,CAD
10028,2025-02-28,61.0124,CAD
10028,2025-03-03,61.9287,CAD
10028,2025-03-04,61.759,CAD
10028,2025-03-05,61.4143,CAD
10028,2025-03-06,62.7087,CAD
10028,2025-03-07,62.8696,CAD
10028,2025-03-10,62.9369,CAD
10028,2025-03-11,62.0364,CAD
10028,2025-03-12,60.8487,CAD
10028,2025-03-13,60.6321,CAD
10028,2025-03-14,60.5934,CAD
10028,2025-03-17,59.6757,CAD
10028,2025-03-18,60.7051,CAD
10028,2025-03-19,62.8395,CAD
10028,2025-03-20,65.1224,CAD
10028,2025-03-21,65.4386,CAD
10028,2025-03-24,65.9206,CAD
10028,2025-03-25,67.0901,CAD
10028,2025-03-26,66.7717,CAD
10028,2025-03-27,69.2375,CAD
10028,2025-03-28,67.9257,CAD
10028,2025-03-31,67.7043,CAD
10028,2025-04-01,67.4275,CAD
10028,2025-04-02,67.5546,CAD
10028,2025-04-03,65.7485,CAD
10028,2025-04-04,65.6732,CAD
10028,2025-04-07,66.6916,CAD
10028,2025-04-08,67.6006,CAD
10028,2025-04-09,69.9624,CAD
10028,2025-04-10,70.1761,CAD
10028,2025-04-11,72.3024,CAD
10028,2025-04-14,72.3528,CAD
10028,2025-04-15,75.4031,CAD
10028,2025-04-16,75.4228,CAD
10028,2025-04-17,77.7977,CAD
10028,2025-04-18,78.1124,CAD
10028,2025-04-21,81.7309,CAD
10028,2025-04-22,81.6985,CAD
10028,2025-04-23,80.563,CAD
10028,2025-04-24,79.955,CAD
10028,2025-04-25,78.5813,CAD
10028,2025-04-28,76.9873,CAD
10028,2025-04-29,77.7449,CAD
10028,2025-04-30,80.3536,CAD
10028,2025-05-01,79.3638,CAD
10028,2025-05-02,78.67,CAD
10028,2025-05-05,79.8034,CAD
10028,2025-05-06,79.9161,CAD
10028,2025-05-07,81.5314,CAD
10028,2025-05-08,82.019,CAD
10028,2025-05-09,82.0841,CAD
10028,2025-05-12,80.133,CAD
10028,2025-05-13,79.4594,CAD
10028,2025-05-14,78.4945,CAD
10028,2025-05-15,78.3867,CAD
10028,2025-05-16,78.5797,CAD
10028,2025-05-19,77.3723,CAD
10028,2025-05-20,78.0629,CAD
10028,2025-05-21,79.2276,CAD
10028,2025-05-22,79.1935,CAD
10028,2025-05-23,79.9708,CAD
10028,2025-05-26,80.3943,CAD
10028,2025-05-27,81.7426,CAD
10028,2025-05-28,82.8179,CAD
10028,2025-05-29,83.5778,CAD
10028,2025-05-30,84.1257,CAD
10028,2025-06-02,84.5402,CAD
10028,2025-06-03,84.8265,CAD
10028,2025-06-04,85.7631,CAD
10028,2025-06-05,87.0709,CAD
10028,2025-06-06,88.363,CAD
10028,2025-06-09,85.7101,CAD
10028,2025-06-10,85.7802,CAD
10028,2025-06-11,83.9427,CAD
10028,2025-06-12,82.3987,CAD
10028,2025-06-13,80.7764,CAD
10028,2025-06-16,78.8571,CAD
10028,2025-06-17,79.0529,CAD
10028,2025-06-18,78.6615,CAD
10028,2025-06-19,78.0991,CAD
10028,2025-06-20,78.7811,CAD
10028,2025-06-23,76.6744,CAD
10028,2025-06-24,76.3044,CAD
10028,2025-06-25,76.1616,CAD
10028,2025-06-26,79.1987,CAD
10028,2025-06-27,78.4905,CAD
10028,2025-06-30,81.3252,CAD
10028,2025-07-01,83.648,CAD
10028,2025-07-02,82.5305,CAD
10028,2025-07-03,81.9685,CAD
10028,2025-07-04,82.2497,CAD
10028,2025-07-07,81.3693,CAD
10028,2025-07-08,80.5889,CAD
10028,2025-07-09,81.4637,CAD
10028,2025-07-10,81.7123,CAD
10028,2025-07-11,82.0481,CAD
10028,2025-07-14,81.5675,CAD
10028,2025-07-15,80.6975,CAD
10028,2025-07-16,82.676,CAD
10028,2025-07-17,80.5868,CAD
10028,2025-07-18,81.4104,CAD
10028,2025-07-21,78.5207,CAD
10028,2025-07-22,77.4742,CAD
10028,2025-07-23,79.9833,CAD
10028,2025-07-24,81.6437,CAD
10028,2025-07-25,81.8083,CAD
10028,2025-07-28,81.1564,CAD
10028,2025-07-29,80.5139,CAD
10028,2025-07-30,81.7625,CAD
10028,2025-07-31,80.3942,CAD
10028,2025-08-01,80.9205,CAD
10028,2025-08-04,81.3949,CAD
10028,2025-08-05,82.0269,CAD
10028,2025-08-06,83.0379,CAD
10028,2025-08-07,84.2466,CAD
10028,2025-08-08,84.4136,CAD
10028,2025-08-11,86.1185,CAD
10028,2025-08-12,88.9887,CAD
10028,2025-08-13,90.2797,CAD
10028,2025-08-14,91.5802,CAD
10028,2025-08-15,91.9377,CAD
10028,2025-08-18,91.829,CAD
10028,2025-08-19,91.108,CAD
10028,2025-08-20,94.0972,CAD
10028,2025-08-21,95.1929,CAD
10028,2025-08-22,94.4552,CAD
10028,2025-08-25,91.7036,CAD
10028,2025-08-26,92.4587,CAD
10028,2025-08-27,90.6962,CAD
10028,2025-08-28,94.6338,CAD
10028,2025-08-29,96.1087,CAD
10028,2025-09-01,95.283,CAD
10028,2025-09-02,94.6919,CAD
10028,2025-09-03,96.5951,CAD
10028,2025-09-04,96.2891,CAD
10028,2025-09-05,94.4794,CAD
10028,2025-09-08,93.3158,CAD
10028,2025-09-09,93.0045,CAD
10028,2025-09-10,94.1113,CAD
10028,2025-09-11,94.6387,CAD
10028,2025-09-12,91.7237,CAD
10028,2025-09-15,89.4314,CAD
10028,2025-09-16,89.7981,CAD
10028,2025-09-17,89.0586,CAD
10028,2025-09-18,89.7457,CAD
10028,2025-09-19,87.7735,CAD
10028,2025-09-22,85.6841,CAD
10028,2025-09-23,83.9256,CAD
10028,2025-09-24,81.8246,CAD
10028,2025-09-25,80.4002,CAD
10028,2025-09-26,78.8637,CAD
10028,2025-09-29,77.5769,CAD
10028,2025-09-30,78.5122,CAD
10028,2025-10-01,78.271,CAD
10028,2025-10-02,78.8423,CAD
10028,2025-10-03,77.6961,CAD
10028,2025-10-06,79.1815,CAD
10028,2025-10-07,78.2796,CAD
10028,2025-10-08,76.7392,CAD
10028,2025-10-09,74.8535,CAD
10028,2025-10-10,74.9514,CAD
10028,2025-10-13,75.3078,CAD
10028,2025-10-14,73.7414,CAD
10028,2025-10-15,74.2363,CAD
10028,2025-10-16,74.5442,CAD
10028,2025-10-17,71.1586,CAD
10028,2025-10-20,71.4494,CAD
10028,2025-10-21,69.6801,CAD
10028,2025-10-22,69.0152,CAD
10028,2025-10-23,69.9031,CAD
10028,2025-10-24,69.9444,CAD
10028,2025-10-27,68.9889,CAD
10028,2025-10-28,68.3846,CAD
10028,2025-10-29,66.8849,CAD
10028,2025-10-30,68.1652,CAD
10028,2025-10-31,66.0493,CAD
10028,2025-11-03,67.3156,CAD
10028,2025-11-04,67.1356,CAD
10028,2025-11-05,67.4638,CAD
10028,2025-11-06,68.7193,CAD
10028,2025-11-07,66.4076,CAD
10028,2025-11-10,67.9813,CAD
10028,2025-11-11,66.4294,CAD
10028,2025-11-12,67.5223,CAD
10028,2025-11-13,68.5627,CAD
10028,2025-11-14,70.0994,CAD
10028,2025-11-17,70.6246,CAD
10028,2025-11-18,71.527,CAD
10028,2025-11-19,73.032,CAD
10028,2025-11-20,73.7804,CAD
10028,2025-11-21,73.7365,CAD
10028,2025-11-24,72.8555,CAD
10028,2025-11-25,72.4948,CAD
10028,2025-11-26,71.6343,CAD
10028,2025-11-27,70.2263,CAD
10028,2025-11-28,71.0205,CAD
10028,2025-12-01,70.0604,CAD
10028,2025-12-02,70.6418,CAD
10028,2025-12-03,71.3001,CAD
10028,2025-12-04,69.7806,CAD
10028,2025-12-05,70.3261,CAD
10028,2025-12-08,70.1461,CAD
10028,2025-12-09,70.7681,CAD
10028,2025-12-10,68.6034,CAD
10028,2025-12-11,66.1606,CAD
10028,2025-12-12,64.3983,CAD
10028,2025-12-15,65.3818,CAD
10028,2025-12-16,64.7709,CAD
10028,2025-12-17,65.0607,CAD
10028,2025-12-18,66.2014,CAD
10028,2025-12-19,65.0778,CAD
10028,2025-12-22,64.5653,CAD
10028,2025-12-23,64.4949,CAD
10028,2025-12-24,65.0706,CAD
10028,2025-12-25,66.5064,CAD
10028,2025-12-26,66.2783,CAD
10028,2025-12-29,65.9484,CAD
10028,2025-12-30,67.6582,CAD
10028,2025-12-31,69.0401,CAD
10029,2024-12-24,208.5046,USD
10029,2024-12-25,207.2894,USD
10029,2024-12-26,206.4181,USD
10029,2024-12-27,206.5339,USD
10029,2024-12-30,206.784,USD
10029,2024-12-31,208.4307,USD
10029,2025-01-01,207.8467,USD
10029,2025-01-02,205.8171,USD
10029,2025-01-03,206.2324,USD
10029,2025-01-06,205.963,USD
10029,2025-01-07,206.8296,USD
10029,2025-01-08,211.6832,USD
10029,2025-01-09,215.8141,USD
10029,2025-01-10,213.5428,USD
10029,2025-01-13,214.5547,USD
10029,2025-01-14,215.3467,USD
10029,2025-01-15,212.3245,USD
10029,2025-01-16,210.2581,USD
10029,2025-01-17,210.3527,USD
10029,2025-01-20,208.9059,USD
10029,2025-01-21,207.7596,USD
10029,2025-01-22,204.1561,USD
10029,2025-01-23,204.3784,USD
10029,2025-01-24,207.4728,USD
10029,2025-01-27,207.1008,USD
10029,2025-01-28,206.1516,USD
10029,2025-01-29,208.1666,USD
10029,2025-01-30,208.0138,USD
10029,2025-01-31,209.8185,USD
10029,2025-02-03,210.2519,USD
10029,2025-02-04,206.4974,USD
10029,2025-02-05,205.9285,USD
10029,2025-02-06,204.7089,USD
10029,2025-02-07,201.3646,USD
10029,2025-02-10,196.2717,USD
10029,2025-02-11,197.3191,USD
10029,2025-02-12,197.7862,USD
10029,2025-02-13,199.9839,USD
10029,2025-02-14,200.9913,USD
10029,2025-02-17,199.7199,USD
10029,2025-02-18,198.7971,USD
10029,2025-02-19,203.9703,USD
10029,2025-02-20,200.7095,USD
10029,2025-02-21,201.9781,USD
10029,2025-02-24,199.8156,USD
10029,2025-02-25,200.2323,USD
10029,2025-02-26,201.6459,USD
10029,2025-02-27,203.2124,USD
10029,2025-02-28,206.5303,USD
10029,2025-03-03,206.9135,USD
10029,2025-03-04,207.6738,USD
10029,2025-03-05,206.3549,USD
10029,2025-03-06,205.0885,USD
10029,2025-03-07,204.9476,USD
10029,2025-03-10,205.6998,USD
10029,2025-03-11,205.7353,USD
10029,2025-03-12,205.8063,USD
10029,2025-03-13,205.8127,USD
10029,2025-03-14,207.3871,USD
10029,2025-03-17,207.6216,USD
10029,2025-03-18,203.6448,USD
10029,2025-03-19,200.7325,USD
10029,2025-03-20,197.961,USD
10029,2025-03-21,192.6907,USD
10029,2025-03-24,194.8353,USD
10029,2025-03-25,195.6506,USD
10029,2025-03-26,197.6785,USD
10029,2025-03-27,196.8868,USD
10029,2025-03-28,194.1187,USD
10029,2025-03-31,196.8619,USD
10029,2025-04-01,194.8162,USD
10029,2025-04-02,195.064,USD
10029,2025-04-03,195.8575,USD
10029,2025-04-04,195.9488,USD
10029,2025-04-07,196.9673,USD
10029,2025-04-08,201.9308,USD
10029,2025-04-09,204.608,USD
10029,2025-04-10,202.3637,USD
10029,2025-04-11,202.4961,USD
10029,2025-04-14,203.5107,USD
10029,2025-04-15,203.2255,USD
10029,2025-04-16,202.3016,USD
10029,2025-04-17,206.4549,USD
10029,2025-04-18,203.7431,USD
10029,2025-04-21,202.2517,USD
10029,2025-04-22,204.0747,USD
10029,2025-04-23,207.2125,USD
10029,2025-04-24,203.2662,USD
10029,2025-04-25,203.9131,USD
10029,2025-04-28,205.8185,USD
10029,2025-04-29,208.5383,USD
10029,2025-04-30,206.9814,USD
10029,2025-05-01,206.8298,USD
10029,2025-05-02,207.7524,USD
10029,2025-05-05,209.4675,USD
10029,2025-05-06,206.3097,USD
10029,2025-05-07,203.2921,USD
10029,2025-05-08,206.1165,USD
10029,2025-05-09,207.0056,USD
10029,2025-05-12,207.1832,USD
10029,2025-05-13,203.8978,USD
10029,2025-05-14,202.8676,USD
10029,2025-05-15,201.1555,USD
10029,2025-05-16,202.9745,USD
10029,2025-05-19,203.1293,USD
10029,2025-05-20,200.0521,USD
10029,2025-05-21,202.1586,USD
10029,2025-05-22,203.2736,USD
10029,2025-05-23,201.6991,USD
10029,2025-05-26,200.8285,USD
10029,2025-05-27,203.5159,USD
10029,2025-05-28,205.5584,USD
10029,2025-05-29,205.401,USD
10029,2025-05-30,205.333,USD
10029,2025-06-02,198.089,USD
10029,2025-06-03,199.7627,USD
10029,2025-06-04,201.6384,USD
10029,2025-06-05,199.4718,USD
10029,2025-06-06,203.3365,USD
10029,2025-06-09,202.17,USD
10029,2025-06-10,205.7039,USD
10029,2025-06-11,204.1437,USD
10029,2025-06-12,202.2326,USD
10029,2025-06-13,205.412,USD
10029,2025-06-16,202.2028,USD
10029,2025-06-17,201.7582,USD
10029,2025-06-18,204.0729,USD
10029,2025-06-19,205.6559,USD
10029,2025-06-20,203.6915,USD
10029,2025-06-23,207.9731,USD
10029,2025-06-24,201.1103,USD
10029,2025-06-25,200.2035,USD
10029,2025-06-26,202.6441,USD
10029,2025-06-27,198.5153,USD
10029,2025-06-30,202.0383,USD
10029,2025-07-01,198.2917,USD
10029,2025-07-02,199.7192,USD
10029,2025-07-03,198.0635,USD
10029,2025-07-04,198.9463,USD
10029,2025-07-07,200.2221,USD
10029,2025-07-08,202.8235,USD
10029,2025-07-09,200.7303,USD
10029,2025-07-10,202.2177,USD
10029,2025-07-11,200.692,USD
10029,2025-07-14,204.7908,USD
10029,2025-07-15,202.5106,USD
10029,2025-07-16,202.8896,USD
10029,2025-07-17,203.5471,USD
10029,2025-07-18,200.9928,USD
10029,2025-07-21,200.8381,USD
10029,2025-07-22,200.997,USD
10029,2025-07-23,204.3901,USD
10029,2025-07-24,205.9411,USD
10029,2025-07-25,208.6381,USD
10029,2025-07-28,209.2727,USD
10029,2025-07-29,209.2608,USD
10029,2025-07-30,205.4126,USD
10029,2025-07-31,205.626,USD
10029,2025-08-01,203.9776,USD
10029,2025-08-04,204.7177,USD
10029,2025-08-05,205.9087,USD
10029,2025-08-06,203.0593,USD
10029,2025-08-07,201.2374,USD
10029,2025-08-08,204.1501,USD
10029,2025-08-11,204.891,USD
10029,2025-08-12,207.3262,USD
10029,2025-08-13,205.8391,USD
10029,2025-08-14,207.6186,USD
10029,2025-08-15,206.4361,USD
10029,2025-08-18,210.1086,USD
10029,2025-08-19,205.2567,USD
10029,2025-08-20,210.2114,USD
10029,2025-08-21,209.0446,USD
10029,2025-08-22,205.06,USD
10029,2025-08-25,207.9372,USD
10029,2025-08-26,208.2925,USD
10029,2025-08-27,209.2814,USD
10029,2025-08-28,214.4909,USD
10029,2025-08-29,215.8673,USD
10029,2025-09-01,217.9363,USD
10029,2025-09-02,219.5742,USD
10029,2025-09-03,224.2767,USD
10029,2025-09-04,224.314,USD
10029,2025-09-05,224.3336,USD
10029,2025-09-08,221.717,USD
10029,2025-09-09,216.9882,USD
10029,2025-09-10,217.7396,USD
10029,2025-09-11,214.8769,USD
10029,2025-09-12,213.2098,USD
10029,2025-09-15,209.8263,USD
10029,2025-09-16,208.6071,USD
10029,2025-09-17,205.559,USD
10029,2025-09-18,205.7341,USD
10029,2025-09-19,200.3499,USD
10029,2025-09-22,198.3922,USD
10029,2025-09-23,202.1438,USD
10029,2025-09-24,204.6722,USD
10029,2025-09-25,202.2782,USD
10029,2025-09-26,205.7605,USD
10029,2025-09-29,207.4687,USD
10029,2025-09-30,211.7083,USD
10029,2025-10-01,209.3473,USD
10029,2025-10-02,207.9508,USD
10029,2025-10-03,207.8873,USD
10029,2025-10-06,212.9059,USD
10029,2025-10-07,209.4235,USD
10029,2025-10-08,207.1533,USD
10029,2025-10-09,208.2335,USD
10029,2025-10-10,205.8688,USD
10029,2025-10-13,204.2491,USD
10029,2025-10-14,203.5228,USD
10029,2025-10-15,206.5419,USD
10029,2025-10-16,208.2042,USD
10029,2025-10-17,207.7237,USD
10029,2025-10-20,204.9364,USD
10029,2025-10-21,203.6564,USD
10029,2025-10-22,201.9416,USD
10029,2025-10-23,204.1761,USD
10029,2025-10-24,204.4654,USD
10029,2025-10-27,203.6785,USD
10029,2025-10-28,207.0993,USD
10029,2025-10-29,206.2741,USD
10029,2025-10-30,201.36,USD
10029,2025-10-31,202.7469,USD
10029,2025-11-03,201.9176,USD
10029,2025-11-04,206.6021,USD
10029,2025-11-05,210.1877,USD
10029,2025-11-06,210.8991,USD
10029,2025-11-07,211.5874,USD
10029,2025-11-10,207.3411,USD
10029,2025-11-11,204.2245,USD
10029,2025-11-12,205.0808,USD
10029,2025-11-13,205.7503,USD
10029,2025-11-14,203.7835,USD
10029,2025-11-17,202.1087,USD
10029,2025-11-18,204.8102,USD
10029,2025-11-19,203.1282,USD
10029,2025-11-20,201.4418,USD
10029,2025-11-21,206.3494,USD
10029,2025-11-24,209.7434,USD
10029,2025-11-25,211.8703,USD
10029,2025-11-26,211.9514,USD
10029,2025-11-27,211.2231,USD
10029,2025-11-28,207.5973,USD
10029,2025-12-01,211.5047,USD
10029,2025-12-02,213.0564,USD
10029,2025-12-03,212.7364,USD
10029,2025-12-04,208.0056,USD
10029,2025-12-05,207.893,USD
10029,2025-12-08,211.3385,USD
10029,2025-12-09,214.7538,USD
10029,2025-12-10,216.8718,USD
10029,2025-12-11,217.385,USD
10029,2025-12-12,217.3257,USD
10029,2025-12-15,215.6283,USD
10029,2025-12-16,215.9225,USD
10029,2025-12-17,214.0675,USD
10029,2025-12-18,210.1874,USD
10029,2025-12-19,213.0552,USD
10029,2025-12-22,214.5131,USD
10029,2025-12-23,218.3724,USD
10029,2025-12-24,214.9448,USD
10029,2025-12-25,218.3905,USD
10029,2025-12-26,222.6876,USD
10029,2025-12-29,228.4769,USD
10029,2025-12-30,224.5213,USD
10029,2025-12-31,222.5171,USD
10030,2024-12-24,160.3651,EUR
10030,2024-12-25,157.4021,EUR
10030,2024-12-26,159.0742,EUR
10030,2024-12-27,159.3485,EUR
10030,2024-12-30,161.1071,EUR
10030,2024-12-31,160.5861,EUR
10030,2025-01-01,161.1137,EUR
10030,2025-01-02,163.988,EUR
10030,2025-01-03,167.3299,EUR
10030,2025-01-06,171.7119,EUR
10030,2025-01-07,175.8567,EUR
10030,2025-01-08,177.0925,EUR
10030,2025-01-09,179.0552,EUR
10030,2025-01-10,177.4408,EUR
10030,2025-01-13,175.8564,EUR
10030,2025-01-14,173.6897,EUR
10030,2025-01-15,173.7108,EUR
10030,2025-01-16,174.6822,EUR
10030,2025-01-17,174.0478,EUR
10030,2025-01-20,171.9007,EUR
10030,2025-01-21,167.778,EUR
10030,2025-01-22,166.2454,EUR
10030,2025-01-23,164.8544,EUR
10030,2025-01-24,164.868,EUR
10030,2025-01-27,167.6509,EUR
10030,2025-01-28,162.2181,EUR
10030,2025-01-29,158.9049,EUR
10030,2025-01-30,158.862,EUR
10030,2025-01-31,160.6719,EUR
10030,2025-02-03,160.3643,EUR
10030,2025-02-04,158.6862,EUR
10030,2025-02-05,157.1908,EUR
10030,2025-02-06,157.3885,EUR
10030,2025-02-07,157.2511,EUR
10030,2025-02-10,156.1128,EUR
10030,2025-02-11,151.4306,EUR
10030,2025-02-12,148.0168,EUR
10030,2025-02-13,145.422,EUR
10030,2025-02-14,145.9148,EUR
10030,2025-02-17,145.9616,EUR
10030,2025-02-18,144.103,EUR
10030,2025-02-19,140.4357,EUR
10030,2025-02-20,138.7876,EUR
10030,2025-02-21,138.6496,EUR
10030,2025-02-24,142.6844,EUR
10030,2025-02-25,141.1442,EUR
10030,2025-02-26,136.7019,EUR
10030,2025-02-27,135.8389,EUR
10030,2025-02-28,135.4808,EUR
10030,2025-03-03,133.5227,EUR
10030,2025-03-04,133.9839,EUR
10030,2025-03-05,131.7536,EUR
10030,2025-03-06,131.9056,EUR
10030,2025-03-07,130.5158,EUR
10030,2025-03-10,130.1654,EUR
10030,2025-03-11,129.4606,EUR
10030,2025-03-12,127.0018,EUR
10030,2025-03-13,127.5606,EUR
10030,2025-03-14,129.4304,EUR
10030,2025-03-17,130.1963,EUR
10030,2025-03-18,131.9156,EUR
10030,2025-03-19,132.5993,EUR
10030,2025-03-20,135.6986,EUR
10030,2025-03-21,132.8105,EUR
10030,2025-03-24,135.6198,EUR
10030,2025-03-25,136.0171,EUR
10030,2025-03-26,136.1281,EUR
10030,2025-03-27,142.3854,EUR
10030,2025-03-28,141.7792,EUR
10030,2025-03-31,138.6195,EUR
10030,2025-04-01,141.6056,EUR
10030,2025-04-02,148.6766,EUR
10030,2025-04-03,154.1642,EUR
10030,2025-04-04,159.555,EUR
10030,2025-04-07,156.8951,EUR
10030,2025-04-08,156.1262,EUR
10030,2025-04-09,157.5957,EUR
10030,2025-04-10,160.6958,EUR
10030,2025-04-11,167.1942,EUR
10030,2025-04-14,166.6503,EUR
10030,2025-04-15,166.1131,EUR
10030,2025-04-16,161.2399,EUR
10030,2025-04-17,162.9856,EUR
10030,2025-04-18,159.3755,EUR
10030,2025-04-21,159.9235,EUR
10030,2025-04-22,157.4507,EUR
10030,2025-04-23,155.9123,EUR
10030,2025-04-24,156.4205,EUR
10030,2025-04-25,156.3151,EUR
10030,2025-04-28,154.27,EUR
10030,2025-04-29,154.41,EUR
10030,2025-04-30,156.917,EUR
10030,2025-05-01,155.9652,EUR
10030,2025-05-02,158.8187,EUR
10030,2025-05-05,160.0262,EUR
10030,2025-05-06,164.5879,EUR
10030,2025-05-07,163.9042,EUR
10030,2025-05-08,162.5851,EUR
10030,2025-05-09,161.6069,EUR
10030,2025-05-12,161.0505,EUR
10030,2025-05-13,161.84,EUR
10030,2025-05-14,165.7102,EUR
10030,2025-05-15,163.5855,EUR
10030,2025-05-16,163.0768,EUR
10030,2025-05-19,164.2764,EUR
10030,2025-05-20,168.6329,EUR
10030,2025-05-21,170.9828,EUR
10030,2025-05-22,166.0841,EUR
10030,2025-05-23,167.3678,EUR
10030,2025-05-26,166.0752,EUR
10030,2025-05-27,160.0214,EUR
10030,2025-05-28,156.9646,EUR
10030,2025-05-29,157.8721,EUR
10030,2025-05-30,159.1641,EUR
10030,2025-06-02,161.494,EUR
10030,2025-06-03,163.5877,EUR
10030,2025-06-04,162.4482,EUR
10030,2025-06-05,164.7765,EUR
10030,2025-06-06,162.9898,EUR
10030,2025-06-09,160.3833,EUR
10030,2025-06-10,157.9084,EUR
10030,2025-06-11,160.5038,EUR
10030,2025-06-12,162.2087,EUR
10030,2025-06-13,155.372,EUR
10030,2025-06-16,157.7636,EUR
10030,2025-06-17,157.4098,EUR
10030,2025-06-18,157.3503,EUR
10030,2025-06-19,158.2814,EUR
10030,2025-06-20,155.4325,EUR
10030,2025-06-23,152.4386,EUR
10030,2025-06-24,156.0041,EUR
10030,2025-06-25,157.4474,EUR
10030,2025-06-26,158.0774,EUR
10030,2025-06-27,157.6292,EUR
10030,2025-06-30,156.0122,EUR
10030,2025-07-01,149.9678,EUR
10030,2025-07-02,154.1173,EUR
10030,2025-07-03,151.5328,EUR
10030,2025-07-04,154.6241,EUR
10030,2025-07-07,159.3396,EUR
10030,2025-07-08,161.0946,EUR
10030,2025-07-09,160.5826,EUR
10030,2025-07-10,156.1727,EUR
10030,2025-07-11,159.8883,EUR
10030,2025-07-14,161.3637,EUR
10030,2025-07-15,166.4624,EUR
10030,2025-07-16,166.8929,EUR
10030,2025-07-17,166.9154,EUR
10030,2025-07-18,165.7185,EUR
10030,2025-07-21,167.4687,EUR
10030,2025-07-22,163.5237,EUR
10030,2025-07-23,158.8586,EUR
10030,2025-07-24,161.5364,EUR
10030,2025-07-25,158.5061,EUR
10030,2025-07-28,157.323,EUR
10030,2025-07-29,153.2782,EUR
10030,2025-07-30,152.7141,EUR
10030,2025-07-31,153.0084,EUR
10030,2025-08-01,150.9303,EUR
10030,2025-08-04,145.3833,EUR
10030,2025-08-05,147.2419,EUR
10030,2025-08-06,150.9457,EUR
10030,2025-08-07,154.6977,EUR
10030,2025-08-08,157.0077,EUR
10030,2025-08-11,164.1652,EUR
10030,2025-08-12,164.8838,EUR
10030,2025-08-13,169.441,EUR
10030,2025-08-14,165.9946,EUR
10030,2025-08-15,167.2271,EUR
10030,2025-08-18,164.2843,EUR
10030,2025-08-19,162.7984,EUR
10030,2025-08-20,166.3255,EUR
10030,2025-08-21,169.8755,EUR
10030,2025-08-22,173.4159,EUR
10030,2025-08-25,175.0222,EUR
10030,2025-08-26,179.6345,EUR
10030,2025-08-27,179.401,EUR
10030,2025-08-28,182.6362,EUR
10030,2025-08-29,184.3615,EUR
10030,2025-09-01,183.2115,EUR
10030,2025-09-02,183.0246,EUR
10030,2025-09-03,181.4333,EUR
10030,2025-09-04,184.8145,EUR
10030,2025-09-05,185.3485,EUR
10030,2025-09-08,186.6836,EUR
10030,2025-09-09,189.4477,EUR
10030,2025-09-10,192.0421,EUR
10030,2025-09-11,195.7466,EUR
10030,2025-09-12,194.5433,EUR
10030,2025-09-15,190.7509,EUR
10030,2025-09-16,189.7121,EUR
10030,2025-09-17,190.4057,EUR
10030,2025-09-18,191.2725,EUR
10030,2025-09-19,195.803,EUR
10030,2025-09-22,199.3154,EUR
10030,2025-09-23,200.5758,EUR
10030,2025-09-24,198.3781,EUR
10030,2025-09-25,198.4272,EUR
10030,2025-09-26,193.4694,EUR
10030,2025-09-29,195.9846,EUR
10030,2025-09-30,198.6796,EUR
10030,2025-10-01,199.3341,EUR
10030,2025-10-02,196.8111,EUR
10030,2025-10-03,193.2408,EUR
10030,2025-10-06,198.3563,EUR
10030,2025-10-07,198.1419,EUR
10030,2025-10-08,197.1057,EUR
10030,2025-10-09,195.203,EUR
10030,2025-10-10,191.995,EUR
10030,2025-10-13,189.5937,EUR
10030,2025-10-14,192.8509,EUR
10030,2025-10-15,192.8285,EUR
10030,2025-10-16,191.8484,EUR
10030,2025-10-17,188.4246,EUR
10030,2025-10-20,193.0818,EUR
10030,2025-10-21,189.253,EUR
10030,2025-10-22,188.4176,EUR
10030,2025-10-23,187.1775,EUR
10030,2025-10-24,184.5656,EUR
10030,2025-10-27,180.5614,EUR
10030,2025-10-28,183.3316,EUR
10030,2025-10-29,180.266,EUR
10030,2025-10-30,180.5872,EUR
10030,2025-10-31,177.8043,EUR
10030,2025-11-03,177.7015,EUR
10030,2025-11-04,179.3864,EUR
10030,2025-11-05,177.327,EUR
10030,2025-11-06,177.9196,EUR
10030,2025-11-07,180.8969,EUR
10030,2025-11-10,189.2,EUR
10030,2025-11-11,187.6188,EUR
10030,2025-11-12,187.2538,EUR
10030,2025-11-13,187.9337,EUR
10030,2025-11-14,192.4655,EUR
10030,2025-11-17,191.6935,EUR
10030,2025-11-18,193.43,EUR
10030,2025-11-19,198.1601,EUR
10030,2025-11-20,202.9618,EUR
10030,2025-11-21,203.1741,EUR
10030,2025-11-24,205.1244,EUR
10030,2025-11-25,210.9892,EUR
10030,2025-11-26,213.7407,EUR
10030,2025-11-27,213.7638,EUR
10030,2025-11-28,211.4113,EUR
10030,2025-12-01,211.9263,EUR
10030,2025-12-02,202.5932,EUR
10030,2025-12-03,206.4778,EUR
10030,2025-12-04,209.3468,EUR
10030,2025-12-05,209.0046,EUR
10030,2025-12-08,216.7707,EUR
10030,2025-12-09,221.911,EUR
10030,2025-12-10,212.9152,EUR
10030,2025-12-11,211.1125,EUR
10030,2025-12-12,207.8603,EUR
10030,2025-12-15,205.8766,EUR
10030,2025-12-16,202.2571,EUR
10030,2025-12-17,204.8626,EUR
10030,2025-12-18,202.8374,EUR
10030,2025-12-19,205.2119,EUR
10030,2025-12-22,204.2256,EUR
10030,2025-12-23,200.0147,EUR
10030,2025-12-24,198.1837,EUR
10030,2025-12-25,194.9455,EUR
10030,2025-12-26,191.9623,EUR
10030,2025-12-29,193.0406,EUR
10030,2025-12-30,201.9702,EUR
10030,2025-12-31,196.3622,EUR
10031,2024-12-24,99.7561,CAD
10031,2024-12-25,98.4629,CAD
10031,2024-12-26,97.9682,CAD
10031,2024-12-27,97.2495,CAD
10031,2024-12-30,97.4666,CAD
10031,2024-12-31,96.1929,CAD
10031,2025-01-01,97.3938,CAD
10031,2025-01-02,96.7535,CAD
10031,2025-01-03,95.4566,CAD
10031,2025-01-06,96.4384,CAD
10031,2025-01-07,97.0438,CAD
10031,2025-01-08,95.8514,CAD
10031,2025-01-09,98.5548,CAD
10031,2025-01-10,100.0759,CAD
10031,2025-01-13,99.7097,CAD
10031,2025-01-14,100.0862,CAD
10031,2025-01-15,100.7513,CAD
10031,2025-01-16,99.6975,CAD
10031,2025-01-17,99.8699,CAD
10031,2025-01-20,97.8083,CAD
10031,2025-01-21,95.6567,CAD
10031,2025-01-22,95.7687,CAD
10031,2025-01-23,94.1557,CAD
10031,2025-01-24,92.7803,CAD
10031,2025-01-27,92.724,CAD
10031,2025-01-28,94.0049,CAD
10031,2025-01-29,94.6928,CAD
10031,2025-01-30,95.4975,CAD
10031,2025-01-31,97.007,CAD
10031,2025-02-03,95.1668,CAD
10031,2025-02-04,95.3786,CAD
10031,2025-02-05,95.2096,CAD
10031,2025-02-06,93.461,CAD
10031,2025-02-07,92.6164,CAD
10031,2025-02-10,93.6659,CAD
10031,2025-02-11,96.8861,CAD
10031,2025-02-12,97.6449,CAD
10031,2025-02-13,96.1616,CAD
10031,2025-02-14,96.0783,CAD
10031,2025-02-17,96.0771,CAD
10031,2025-02-18,95.3933,CAD
10031,2025-02-19,93.2636,CAD
10031,2025-02-20,93.8237,CAD
10031,2025-02-21,91.003,CAD
10031,2025-02-24,89.3285,CAD
10031,2025-02-25,89.7727,CAD
10031,2025-02-26,89.7654,CAD
10031,2025-02-27,90.7563,CAD
10031,2025-02-28,93.0933,CAD
10031,2025-03-03,92.1092,CAD
10031,2025-03-04,93.022,CAD
10031,2025-03-05,92.0715,CAD
10031,2025-03-06,91.9024,CAD
10031,2025-03-07,90.6586,CAD
10031,2025-03-10,91.5475,CAD
10031,2025-03-11,91.2258,CAD
10031,2025-03-12,92.7581,CAD
10031,2025-03-13,92.871,CAD
10031,2025-03-14,94.4726,CAD
10031,2025-03-17,94.2501,CAD
10031,2025-03-18,94.2365,CAD
10031,2025-03-19,92.3354,CAD
10031,2025-03-20,91.5749,CAD
10031,2025-03-21,89.5757,CAD
10031,2025-03-24,92.1742,CAD
10031,2025-03-25,92.0626,CAD
10031,2025-03-26,92.8696,CAD
10031,2025-03-27,94.1565,CAD
10031,2025-03-28,94.9665,CAD
10031,2025-03-31,95.5281,CAD
10031,2025-04-01,97.2437,CAD
10031,2025-04-02,95.3709,CAD
10031,2025-04-03,96.0902,CAD
10031,2025-04-04,96.7401,CAD
10031,2025-04-07,96.9305,CAD
10031,2025-04-08,98.3808,CAD
10031,2025-04-09,97.8554,CAD
10031,2025-04-10,98.8592,CAD
10031,2025-04-11,99.9529,CAD
10031,2025-04-14,98.4777,CAD
10031,2025-04-15,98.141,CAD
10031,2025-04-16,98.9614,CAD
10031,2025-04-17,99.6375,CAD
10031,2025-04-18,97.4905,CAD
10031,2025-04-21,98.2371,CAD
10031,2025-04-22,97.3468,CAD
10031,2025-04-23,96.935,CAD
10031,2025-04-24,98.956,CAD
10031,2025-04-25,97.645,CAD
10031,2025-04-28,95.7449,CAD
10031,2025-04-29,95.9372,CAD
10031,2025-04-30,93.5594,CAD
10031,2025-05-01,94.3721,CAD
10031,2025-05-02,94.2563,CAD
10031,2025-05-05,94.1925,CAD
10031,2025-05-06,94.7187,CAD
10031,2025-05-07,93.8833,CAD
10031,2025-05-08,94.5251,CAD
10031,2025-05-09,93.1879,CAD
10031,2025-05-12,91.9797,CAD
10031,2025-05-13,92.122,CAD
10031,2025-05-14,92.9431,CAD
10031,2025-05-15,94.2844,CAD
10031,2025-05-16,94.5928,CAD
10031,2025-05-19,93.8586,CAD
10031,2025-05-20,94.1561,CAD
10031,2025-05-21,96.2714,CAD
10031,2025-05-22,97.4294,CAD
10031,2025-05-23,95.8717,CAD
10031,2025-05-26,95.8473,CAD
10031,2025-05-27,94.7713,CAD
10031,2025-05-28,95.0227,CAD
10031,2025-05-29,96.2458,CAD
10031,2025-05-30,97.0155,CAD
10031,2025-06-02,98.8428,CAD
10031,2025-06-03,96.3405,CAD
10031,2025-06-04,99.1892,CAD
10031,2025-06-05,93.9731,CAD
10031,2025-06-06,94.7739,CAD
10031,2025-06-09,93.9358,CAD
10031,2025-06-10,95.7771,CAD
10031,2025-06-11,96.1461,CAD
10031,2025-06-12,96.5636,CAD
10031,2025-06-13,98.0833,CAD
10031,2025-06-16,99.3254,CAD
10031,2025-06-17,98.3835,CAD
10031,2025-06-18,98.0703,CAD
10031,2025-06-19,95.991,CAD
10031,2025-06-20,96.284,CAD
10031,2025-06-23,94.0896,CAD
10031,2025-06-24,94.9012,CAD
10031,2025-06-25,93.7697,CAD
10031,2025-06-26,92.4834,CAD
10031,2025-06-27,93.5037,CAD
10031,2025-06-30,94.1209,CAD
10031,2025-07-01,94.1579,CAD
10031,2025-07-02,95.9493,CAD
10031,2025-07-03,95.7372,CAD
10031,2025-07-04,97.2169,CAD
10031,2025-07-07,98.5295,CAD
10031,2025-07-08,98.9022,CAD
10031,2025-07-09,97.8081,CAD
10031,2025-07-10,97.6322,CAD
10031,2025-07-11,96.1934,CAD
10031,2025-07-14,96.5009,CAD
10031,2025-07-15,95.8889,CAD
10031,2025-07-16,96.1306,CAD
10031,2025-07-17,95.0204,CAD
10031,2025-07-18,95.0443,CAD
10031,2025-07-21,95.3283,CAD
10031,2025-07-22,93.8751,CAD
10031,2025-07-23,93.8393,CAD
10031,2025-07-24,93.5933,CAD
10031,2025-07-25,94.5097,CAD
10031,2025-07-28,96.4728,CAD
10031,2025-07-29,95.1506,CAD
10031,2025-07-30,93.9522,CAD
10031,2025-07-31,94.4938,CAD
10031,2025-08-01,93.7778,CAD
10031,2025-08-04,94.3534,CAD
10031,2025-08-05,93.8586,CAD
10031,2025-08-06,93.0712,CAD
10031,2025-08-07,92.2245,CAD
10031,2025-08-08,91.2671,CAD
10031,2025-08-11,92.487,CAD
10031,2025-08-12,93.4232,CAD
10031,2025-08-13,93.3655,CAD
10031,2025-08-14,94.2871,CAD
10031,2025-08-15,94.8585,CAD
10031,2025-08-18,95.3501,CAD
10031,2025-08-19,97.086,CAD
10031,2025-08-20,97.7879,CAD
10031,2025-08-21,97.6651,CAD
10031,2025-08-22,95.219,CAD
10031,2025-08-25,94.0852,CAD
10031,2025-08-26,94.5933,CAD
10031,2025-08-27,94.4399,CAD
10031,2025-08-28,95.2771,CAD
10031,2025-08-29,96.7816,CAD
10031,2025-09-01,96.6291,CAD
10031,2025-09-02,96.9737,CAD
10031,2025-09-03,98.1514,CAD
10031,2025-09-04,96.6399,CAD
10031,2025-09-05,95.447,CAD
10031,2025-09-08,96.0955,CAD
10031,2025-09-09,96.2443,CAD
10031,2025-09-10,94.958,CAD
10031,2025-09-11,94.3479,CAD
10031,2025-09-12,95.2028,CAD
10031,2025-09-15,93.5715,CAD
10031,2025-09-16,93.2232,CAD
10031,2025-09-17,91.6979,CAD
10031,2025-09-18,90.6313,CAD
10031,2025-09-19,89.5419,CAD
10031,2025-09-22,90.7776,CAD
10031,2025-09-23,91.4763,CAD
10031,2025-09-24,91.1606,CAD
10031,2025-09-25,88.988,CAD
10031,2025-09-26,88.8247,CAD
10031,2025-09-29,87.6197,CAD
10031,2025-09-30,87.4689,CAD
10031,2025-10-01,88.2902,CAD
10031,2025-10-02,87.233,CAD
10031,2025-10-03,86.7426,CAD
10031,2025-10-06,87.8097,CAD
10031,2025-10-07,85.709,CAD
10031,2025-10-08,87.1177,CAD
10031,2025-10-09,86.346,CAD
10031,2025-10-10,86.186,CAD
10031,2025-10-13,86.7937,CAD
10031,2025-10-14,86.8451,CAD
10031,2025-10-15,87.5012,CAD
10031,2025-10-16,87.1068,CAD
10031,2025-10-17,87.3663,CAD
10031,2025-10-20,86.329,CAD
10031,2025-10-21,87.7649,CAD
10031,2025-10-22,86.2807,CAD
10031,2025-10-23,89.3567,CAD
10031,2025-10-24,88.3089,CAD
10031,2025-10-27,89.2368,CAD
10031,2025-10-28,87.5085,CAD
10031,2025-10-29,87.2948,CAD
10031,2025-10-30,88.3982,CAD
10031,2025-10-31,87.6982,CAD
10031,2025-11-03,86.8124,CAD
10031,2025-11-04,85.8356,CAD
10031,2025-11-05,85.8544,CAD
10031,2025-11-06,87.021,CAD
10031,2025-11-07,87.9553,CAD
10031,2025-11-10,87.3606,CAD
10031,2025-11-11,88.7946,CAD
10031,2025-11-12,88.1192,CAD
10031,2025-11-13,86.6607,CAD
10031,2025-11-14,88.2275,CAD
10031,2025-11-17,89.6997,CAD
10031,2025-11-18,89.1262,CAD
10031,2025-11-19,88.8924,CAD
10031,2025-11-20,88.5889,CAD
10031,2025-11-21,87.8322,CAD
10031,2025-11-24,88.0775,CAD
10031,2025-11-25,89.686,CAD
10031,2025-11-26,90.7151,CAD
10031,2025-11-27,91.1997,CAD
10031,2025-11-28,94.3518,CAD
10031,2025-12-01,94.8283,CAD
10031,2025-12-02,94.6335,CAD
10031,2025-12-03,94.608,CAD
10031,2025-12-04,95.9672,CAD
10031,2025-12-05,97.4632,CAD
10031,2025-12-08,98.2102,CAD
10031,2025-12-09,98.2045,CAD
10031,2025-12-10,99.2228,CAD
10031,2025-12-11,100.0501,CAD
10031,2025-12-12,100.861,CAD
10031,2025-12-15,100.382,CAD
10031,2025-12-16,102.3162,CAD
10031,2025-12-17,102.4079,CAD
10031,2025-12-18,103.3132,CAD
10031,2025-12-19,103.7851,CAD
10031,2025-12-22,101.377,CAD
10031,2025-12-23,101.1059,CAD
10031,2025-12-24,104.839,CAD
10031,2025-12-25,103.7274,CAD
10031,2025-12-26,102.4699,CAD
10031,2025-12-29,104.061,CAD
10031,2025-12-30,102.8887,CAD
10031,2025-12-31,102.3727,CAD
10032,2024-12-24,48.6176,USD
10032,2024-12-25,48.8983,USD
10032,2024-12-26,48.0289,USD
10032,2024-12-27,47.9635,USD
10032,2024-12-30,48.4269,USD
10032,2024-12-31,47.6781,USD
10032,2025-01-01,47.4877,USD
10032,2025-01-02,48.0905,USD
10032,2025-01-03,47.4591,USD
10032,2025-01-06,47.2801,USD
10032,2025-01-07,47.5191,USD
10032,2025-01-08,46.8436,USD
10032,2025-01-09,46.3573,USD
10032,2025-01-10,46.7822,USD
10032,2025-01-13,47.705,USD
10032,2025-01-14,47.9804,USD
10032,2025-01-15,47.3581,USD
10032,2025-01-16,47.0101,USD
10032,2025-01-17,48.0139,USD
10032,2025-01-20,49.0058,USD
10032,2025-01-21,50.3287,USD
10032,2025-01-22,50.3675,USD
10032,2025-01-23,50.4922,USD
10032,2025-01-24,49.5806,USD
10032,2025-01-27,49.8408,USD
10032,2025-01-28,50.1998,USD
10032,2025-01-29,51.1741,USD
10032,2025-01-30,49.919,USD
10032,2025-01-31,49.9462,USD
10032,2025-02-03,48.8002,USD
10032,2025-02-04,50.0819,USD
10032,2025-02-05,50.8564,USD
10032,2025-02-06,52.642,USD
10032,2025-02-07,51.832,USD
10032,2025-02-10,52.5492,USD
10032,2025-02-11,51.5897,USD
10032,2025-02-12,51.52,USD
10032,2025-02-13,51.6826,USD
10032,2025-02-14,51.7546,USD
10032,2025-02-17,53.0537,USD
10032,2025-02-18,52.1373,USD
10032,2025-02-19,51.3526,USD
10032,2025-02-20,51.8286,USD
10032,2025-02-21,51.6394,USD
10032,2025-02-24,52.4459,USD
10032,2025-02-25,52.5562,USD
10032,2025-02-26,51.4445,USD
10032,2025-02-27,51.5153,USD
10032,2025-02-28,52.3952,USD
10032,2025-03-03,53.7077,USD
10032,2025-03-04,54.1783,USD
10032,2025-03-05,54.5972,USD
10032,2025-03-06,55.2007,USD
10032,2025-03-07,56.2905,USD
10032,2025-03-10,55.6885,USD
10032,2025-03-11,55.7951,USD
10032,2025-03-12,55.6446,USD
10032,2025-03-13,56.055,USD
10032,2025-03-14,55.8346,USD
10032,2025-03-17,55.8368,USD
10032,2025-03-18,57.0648,USD
10032,2025-03-19,56.4649,USD
10032,2025-03-20,55.4269,USD
10032,2025-03-21,54.9682,USD
10032,2025-03-24,52.757,USD
10032,2025-03-25,52.9267,USD
10032,2025-03-26,52.4364,USD
10032,2025-03-27,51.8253,USD
10032,2025-03-28,52.6307,USD
10032,2025-03-31,53.1684,USD
10032,2025-04-01,53.3508,USD
10032,2025-04-02,53.4175,USD
10032,2025-04-03,52.8383,USD
10032,2025-04-04,53.193,USD
10032,2025-04-07,52.654,USD
10032,2025-04-08,53.8648,USD
10032,2025-04-09,54.6441,USD
10032,2025-04-10,53.7947,USD
10032,2025-04-11,53.5656,USD
10032,2025-04-14,52.69,USD
10032,2025-04-15,54.4397,USD
10032,2025-04-16,53.7849,USD
10032,2025-04-17,53.5081,USD
10032,2025-04-18,53.5142,USD
10032,2025-04-21,53.1206,USD
10032,2025-04-22,53.1961,USD
10032,2025-04-23,52.5977,USD
10032,2025-04-24,53.1137,USD
10032,2025-04-25,53.0501,USD
10032,2025-04-28,52.9072,USD
10032,2025-04-29,53.3372,USD
10032,2025-04-30,54.7419,USD
10032,2025-05-01,55.5431,USD
10032,2025-05-02,56.0789,USD
10032,2025-05-05,57.2121,USD
10032,2025-05-06,56.1859,USD
10032,2025-05-07,56.1446,USD
10032,2025-05-08,56.7527,USD
10032,2025-05-09,58.4489,USD
10032,2025-05-12,58.853,USD
10032,2025-05-13,59.4381,USD
10032,2025-05-14,57.9048,USD
10032,2025-05-15,57.8558,USD
10032,2025-05-16,56.8321,USD
10032,2025-05-19,55.4421,USD
10032,2025-05-20,54.8878,USD
10032,2025-05-21,54.6244,USD
10032,2025-05-22,54.956,USD
10032,2025-05-23,55.3739,USD
10032,2025-05-26,54.8247,USD
10032,2025-05-27,55.0661,USD
10032,2025-05-28,55.0221,USD
10032,2025-05-29,56.331,USD
10032,2025-05-30,56.9414,USD
10032,2025-06-02,55.6485,USD
10032,2025-06-03,56.1227,USD
10032,2025-06-04,56.7322,USD
10032,2025-06-05,56.7545,USD
10032,2025-06-06,55.8824,USD
10032,2025-06-09,56.2614,USD
10032,2025-06-10,56.0089,USD
10032,2025-06-11,53.8177,USD
10032,2025-06-12,53.9841,USD
10032,2025-06-13,54.3262,USD
10032,2025-06-16,53.8746,USD
10032,2025-06-17,53.7734,USD
10032,2025-06-18,54.1995,USD
10032,2025-06-19,54.476,USD
10032,2025-06-20,54.0382,USD
10032,2025-06-23,53.9233,USD
10032,2025-06-24,54.2775,USD
10032,2025-06-25,54.1771,USD
10032,2025-06-26,54.5864,USD
10032,2025-06-27,55.0864,USD
10032,2025-06-30,56.154,USD
10032,2025-07-01,56.701,USD
10032,2025-07-02,56.2464,USD
10032,2025-07-03,56.1585,USD
10032,2025-07-04,57.0416,USD
10032,2025-07-07,57.2394,USD
10032,2025-07-08,57.4021,USD
10032,2025-07-09,56.829,USD
10032,2025-07-10,56.3169,USD
10032,2025-07-11,55.4278,USD
10032,2025-07-14,53.9422,USD
10032,2025-07-15,55.0061,USD
10032,2025-07-16,55.8502,USD
10032,2025-07-17,54.9141,USD
10032,2025-07-18,55.5668,USD
10032,2025-07-21,56.2444,USD
10032,2025-07-22,56.0388,USD
10032,2025-07-23,56.4421,USD
10032,2025-07-24,56.2418,USD
10032,2025-07-25,56.0976,USD
10032,2025-07-28,55.7857,USD
10032,2025-07-29,56.1203,USD
10032,2025-07-30,55.212,USD
10032,2025-07-31,57.1981,USD
10032,2025-08-01,57.3822,USD
10032,2025-08-04,56.91,USD
10032,2025-08-05,56.7858,USD
10032,2025-08-06,58.3822,USD
10032,2025-08-07,58.5442,USD
10032,2025-08-08,58.8839,USD
10032,2025-08-11,59.0834,USD
10032,2025-08-12,59.5741,USD
10032,2025-08-13,59.1844,USD
10032,2025-08-14,58.05,USD
10032,2025-08-15,58.4281,USD
10032,2025-08-18,58.998,USD
10032,2025-08-19,58.233,USD
10032,2025-08-20,58.1435,USD
10032,2025-08-21,58.5973,USD
10032,2025-08-22,57.9611,USD
10032,2025-08-25,58.4479,USD
10032,2025-08-26,58.3849,USD
10032,2025-08-27,58.9455,USD
10032,2025-08-28,58.956,USD
10032,2025-08-29,57.218,USD
10032,2025-09-01,57.5191,USD
10032,2025-09-02,55.9614,USD
10032,2025-09-03,56.4425,USD
10032,2025-09-04,55.8862,USD
10032,2025-09-05,56.6417,USD
10032,2025-09-08,56.5174,USD
10032,2025-09-09,56.485,USD
10032,2025-09-10,58.4482,USD
10032,2025-09-11,57.1649,USD
10032,2025-09-12,56.5086,USD
10032,2025-09-15,56.9601,USD
10032,2025-09-16,57.5891,USD
10032,2025-09-17,56.909,USD
10032,2025-09-18,55.9262,USD
10032,2025-09-19,55.2076,USD
10032,2025-09-22,55.3872,USD
10032,2025-09-23,55.171,USD
10032,2025-09-24,55.2908,USD
10032,2025-09-25,55.8732,USD
10032,2025-09-26,55.4131,USD
10032,2025-09-29,55.1808,USD
10032,2025-09-30,55.631,USD
10032,2025-10-01,56.085,USD
10032,2025-10-02,57.0824,USD
10032,2025-10-03,58.323,USD
10032,2025-10-06,57.6922,USD
10032,2025-10-07,57.5319,USD
10032,2025-10-08,57.2288,USD
10032,2025-10-09,58.2424,USD
10032,2025-10-10,57.989,USD
10032,2025-10-13,57.3991,USD
10032,2025-10-14,56.8507,USD
10032,2025-10-15,56.2271,USD
10032,2025-10-16,55.9573,USD
10032,2025-10-17,56.3784,USD
10032,2025-10-20,56.1219,USD
10032,2025-10-21,55.968,USD
10032,2025-10-22,56.499,USD
10032,2025-10-23,55.9786,USD
10032,2025-10-24,56.6186,USD
10032,2025-10-27,57.0076,USD
10032,2025-10-28,57.1005,USD
10032,2025-10-29,58.3711,USD
10032,2025-10-30,58.0482,USD
10032,2025-10-31,57.9076,USD
10032,2025-11-03,57.9608,USD
10032,2025-11-04,57.5394,USD
10032,2025-11-05,59.0729,USD
10032,2025-11-06,59.3618,USD
10032,2025-11-07,58.4969,USD
10032,2025-11-10,58.1588,USD
10032,2025-11-11,57.3551,USD
10032,2025-11-12,58.6693,USD
10032,2025-11-13,58.7836,USD
10032,2025-11-14,58.7726,USD
10032,2025-11-17,58.4316,USD
10032,2025-11-18,58.1129,USD
10032,2025-11-19,58.917,USD
10032,2025-11-20,59.5783,USD
10032,2025-11-21,60.3246,USD
10032,2025-11-24,60.6737,USD
10032,2025-11-25,59.9362,USD
10032,2025-11-26,59.6024,USD
10032,2025-11-27,60.5077,USD
10032,2025-11-28,60.7672,USD
10032,2025-12-01,60.416,USD
10032,2025-12-02,59.9356,USD
10032,2025-12-03,61.0075,USD
10032,2025-12-04,61.6993,USD
10032,2025-12-05,61.7255,USD
10032,2025-12-08,63.0358,USD
10032,2025-12-09,63.7735,USD
10032,2025-12-10,63.5902,USD
10032,2025-12-11,64.4971,USD
10032,2025-12-12,62.7886,USD
10032,2025-12-15,63.7941,USD
10032,2025-12-16,64.0241,USD
10032,2025-12-17,62.4391,USD
10032,2025-12-18,62.1042,USD
10032,2025-12-19,60.8323,USD
10032,2025-12-22,62.2675,USD
10032,2025-12-23,61.3161,USD
10032,2025-12-24,61.1208,USD
10032,2025-12-25,61.6981,USD
10032,2025-12-26,59.9149,USD
10032,2025-12-29,58.1024,USD
10032,2025-12-30,59.9689,USD
10032,2025-12-31,59.0596,USD
10033,2024-12-24,146.1027,EUR
10033,2024-12-25,146.9524,EUR
10033,2024-12-26,144.4049,EUR
10033,2024-12-27,141.6477,EUR
10033,2024-12-30,145.7618,EUR
10033,2024-12-31,143.1377,EUR
10033,2025-01-01,145.8542,EUR
10033,2025-01-02,143.7527,EUR
10033,2025-01-03,145.2558,EUR
10033,2025-01-06,147.0912,EUR
10033,2025-01-07,149.6572,EUR
10033,2025-01-08,149.1194,EUR
10033,2025-01-09,148.5061,EUR
10033,2025-01-10,151.1671,EUR
10033,2025-01-13,153.2731,EUR
10033,2025-01-14,152.7769,EUR
10033,2025-01-15,153.2828,EUR
10033,2025-01-16,149.1521,EUR
10033,2025-01-17,148.9445,EUR
10033,2025-01-20,151.3075,EUR
10033,2025-01-21,149.5407,EUR
10033,2025-01-22,149.5801,EUR
10033,2025-01-23,145.518,EUR
10033,2025-01-24,145.0515,EUR
10033,2025-01-27,146.9657,EUR
10033,2025-01-28,149.9675,EUR
10033,2025-01-29,150.1022,EUR
10033,2025-01-30,146.7677,EUR
10033,2025-01-31,143.9488,EUR
10033,2025-02-03,144.5496,EUR
10033,2025-02-04,144.38,EUR
10033,2025-02-05,141.6913,EUR
10033,2025-02-06,143.9458,EUR
10033,2025-02-07,147.0766,EUR
10033,2025-02-10,146.8477,EUR
10033,2025-02-11,148.5427,EUR
10033,2025-02-12,147.7063,EUR
10033,2025-02-13,149.3989,EUR
10033,2025-02-14,152.0092,EUR
10033,2025-02-17,151.3291,EUR
10033,2025-02-18,151.2264,EUR
10033,2025-02-19,149.9554,EUR
10033,2025-02-20,149.5756,EUR
10033,2025-02-21,149.0589,EUR
10033,2025-02-24,152.5109,EUR
10033,2025-02-25,155.6908,EUR
10033,2025-02-26,160.9976,EUR
10033,2025-02-27,162.593,EUR
10033,2025-02-28,160.7746,EUR
10033,2025-03-03,161.0213,EUR
10033,2025-03-04,160.8187,EUR
10033,2025-03-05,157.6243,EUR
10033,2025-03-06,160.2949,EUR
10033,2025-03-07,153.8672,EUR
10033,2025-03-10,152.1703,EUR
10033,2025-03-11,153.6998,EUR
10033,2025-03-12,155.5202,EUR
10033,2025-03-13,156.1275,EUR
10033,2025-03-14,156.21,EUR
10033,2025-03-17,158.051,EUR
10033,2025-03-18,157.9266,EUR
10033,2025-03-19,158.0153,EUR
10033,2025-03-20,157.9123,EUR
10033,2025-03-21,155.9832,EUR
10033,2025-03-24,152.7872,EUR
10033,2025-03-25,153.2481,EUR
10033,2025-03-26,152.8229,EUR
10033,2025-03-27,155.115,EUR
10033,2025-03-28,157.1129,EUR
10033,2025-03-31,159.1277,EUR
10033,2025-04-01,156.8643,EUR
10033,2025-04-02,154.105,EUR
10033,2025-04-03,151.2252,EUR
10033,2025-04-04,153.418,EUR
10033,2025-04-07,152.4222,EUR
10033,2025-04-08,153.7288,EUR
10033,2025-04-09,153.1855,EUR
10033,2025-04-10,153.6579,EUR
10033,2025-04-11,156.554,EUR
10033,2025-04-14,158.2727,EUR
10033,2025-04-15,158.8019,EUR
10033,2025-04-16,160.3994,EUR
10033,2025-04-17,161.3593,EUR
10033,2025-04-18,160.3395,EUR
10033,2025-04-21,156.2069,EUR
10033,2025-04-22,161.3644,EUR
10033,2025-04-23,164.2112,EUR
10033,2025-04-24,162.1677,EUR
10033,2025-04-25,164.1503,EUR
10033,2025-04-28,167.4179,EUR
10033,2025-04-29,169.0211,EUR
10033,2025-04-30,169.3426,EUR
10033,2025-05-01,171.9474,EUR
10033,2025-05-02,174.4288,EUR
10033,2025-05-05,177.72,EUR
10033,2025-05-06,178.6863,EUR
10033,2025-05-07,181.4151,EUR
10033,2025-05-08,179.9485,EUR
10033,2025-05-09,180.916,EUR
10033,2025-05-12,178.77,EUR
10033,2025-05-13,177.0832,EUR
10033,2025-05-14,175.4169,EUR
10033,2025-05-15,177.4278,EUR
10033,2025-05-16,179.3415,EUR
10033,2025-05-19,177.8071,EUR
10033,2025-05-20,172.4902,EUR
10033,2025-05-21,176.0611,EUR
10033,2025-05-22,177.6679,EUR
10033,2025-05-23,176.1792,EUR
10033,2025-05-26,180.8383,EUR
10033,2025-05-27,181.4062,EUR
10033,2025-05-28,181.8605,EUR
10033,2025-05-29,185.0631,EUR
10033,2025-05-30,186.2106,EUR
10033,2025-06-02,183.7827,EUR
10033,2025-06-03,180.9466,EUR
10033,2025-06-04,180.5523,EUR
10033,2025-06-05,178.3869,EUR
10033,2025-06-06,179.4381,EUR
10033,2025-06-09,181.9907,EUR
10033,2025-06-10,182.7165,EUR
10033,2025-06-11,184.6703,EUR
10033,2025-06-12,186.9235,EUR
10033,2025-06-13,181.2548,EUR
10033,2025-06-16,180.878,EUR
10033,2025-06-17,182.1928,EUR
10033,2025-06-18,184.79,EUR
10033,2025-06-19,185.2195,EUR
10033,2025-06-20,181.4775,EUR
10033,2025-06-23,182.4633,EUR
10033,2025-06-24,183.3017,EUR
10033,2025-06-25,182.948,EUR
10033,2025-06-26,181.3068,EUR
10033,2025-06-27,178.4973,EUR
10033,2025-06-30,179.207,EUR
10033,2025-07-01,177.0417,EUR
10033,2025-07-02,177.3762,EUR
10033,2025-07-03,175.9878,EUR
10033,2025-07-04,173.1658,EUR
10033,2025-07-07,173.055,EUR
10033,2025-07-08,174.8625,EUR
10033,2025-07-09,175.1571,EUR
10033,2025-07-10,175.9712,EUR
10033,2025-07-11,174.6219,EUR
10033,2025-07-14,177.7527,EUR
10033,2025-07-15,181.3955,EUR
10033,2025-07-16,178.1811,EUR
10033,2025-07-17,176.7326,EUR
10033,2025-07-18,176.7101,EUR
10033,2025-07-21,178.2568,EUR
10033,2025-07-22,182.489,EUR
10033,2025-07-23,184.397,EUR
10033,2025-07-24,186.2239,EUR
10033,2025-07-25,186.0311,EUR
10033,2025-07-28,183.79,EUR
10033,2025-07-29,182.1704,EUR
10033,2025-07-30,181.1444,EUR
10033,2025-07-31,180.2037,EUR
10033,2025-08-01,179.4224,EUR
10033,2025-08-04,175.6949,EUR
10033,2025-08-05,174.5587,EUR
10033,2025-08-06,176.5605,EUR
10033,2025-08-07,178.7162,EUR
10033,2025-08-08,178.9012,EUR
10033,2025-08-11,173.862,EUR
10033,2025-08-12,177.0344,EUR
10033,2025-08-13,171.9371,EUR
10033,2025-08-14,174.0105,EUR
10033,2025-08-15,175.8282,EUR
10033,2025-08-18,174.5391,EUR
10033,2025-08-19,174.1692,EUR
10033,2025-08-20,175.457,EUR
10033,2025-08-21,173.7991,EUR
10033,2025-08-22,173.983,EUR
10033,2025-08-25,174.5637,EUR
10033,2025-08-26,175.709,EUR
10033,2025-08-27,177.0721,EUR
10033,2025-08-28,176.9848,EUR
10033,2025-08-29,179.4557,EUR
10033,2025-09-01,173.9712,EUR
10033,2025-09-02,175.0342,EUR
10033,2025-09-03,178.1295,EUR
10033,2025-09-04,179.1771,EUR
10033,2025-09-05,177.941,EUR
10033,2025-09-08,176.756,EUR
10033,2025-09-09,175.2652,EUR
10033,2025-09-10,173.1862,EUR
10033,2025-09-11,170.498,EUR
10033,2025-09-12,168.39,EUR
10033,2025-09-15,168.1855,EUR
10033,2025-09-16,172.1487,EUR
10033,2025-09-17,175.3303,EUR
10033,2025-09-18,176.4386,EUR
10033,2025-09-19,178.7348,EUR
10033,2025-09-22,178.0593,EUR
10033,2025-09-23,180.7341,EUR
10033,2025-09-24,180.7482,EUR
10033,2025-09-25,180.7843,EUR
10033,2025-09-26,181.9639,EUR
10033,2025-09-29,181.4405,EUR
10033,2025-09-30,180.6999,EUR
10033,2025-10-01,180.7616,EUR
10033,2025-10-02,179.4191,EUR
10033,2025-10-03,178.8977,EUR
10033,2025-10-06,178.6385,EUR
10033,2025-10-07,177.5522,EUR
10033,2025-10-08,176.6909,EUR
10033,2025-10-09,175.8212,EUR
10033,2025-10-10,171.7939,EUR
10033,2025-10-13,171.8115,EUR
10033,2025-10-14,170.9424,EUR
10033,2025-10-15,168.8834,EUR
10033,2025-10-16,169.2695,EUR
10033,2025-10-17,168.0659,EUR
10033,2025-10-20,170.5055,EUR
10033,2025-10-21,170.8117,EUR
10033,2025-10-22,168.3252,EUR
10033,2025-10-23,168.4989,EUR
10033,2025-10-24,167.4883,EUR
10033,2025-10-27,172.0917,EUR
10033,2025-10-28,174.4402,EUR
10033,2025-10-29,173.9585,EUR
10033,2025-10-30,175.8126,EUR
10033,2025-10-31,180.8256,EUR
10033,2025-11-03,183.8855,EUR
10033,2025-11-04,185.0699,EUR
10033,2025-11-05,186.4689,EUR
10033,2025-11-06,186.3802,EUR
10033,2025-11-07,188.1054,EUR
10033,2025-11-10,191.2531,EUR
10033,2025-11-11,189.5438,EUR
10033,2025-11-12,195.0762,EUR
10033,2025-11-13,194.4619,EUR
10033,2025-11-14,195.564,EUR
10033,2025-11-17,192.5007,EUR
10033,2025-11-18,194.2047,EUR
10033,2025-11-19,199.2461,EUR
10033,2025-11-20,197.3013,EUR
10033,2025-11-21,197.1787,EUR
10033,2025-11-24,198.4216,EUR
10033,2025-11-25,196.6512,EUR
10033,2025-11-26,196.6361,EUR
10033,2025-11-27,196.8077,EUR
10033,2025-11-28,196.4396,EUR
10033,2025-12-01,197.2871,EUR
10033,2025-12-02,198.5784,EUR
10033,2025-12-03,193.9031,EUR
10033,2025-12-04,198.4822,EUR
10033,2025-12-05,201.2339,EUR
10033,2025-12-08,203.7882,EUR
10033,2025-12-09,203.413,EUR
10033,2025-12-10,202.8405,EUR
10033,2025-12-11,199.9776,EUR
10033,2025-12-12,201.7867,EUR
10033,2025-12-15,204.1046,EUR
10033,2025-12-16,203.7109,EUR
10033,2025-12-17,200.1714,EUR
10033,2025-12-18,199.8068,EUR
10033,2025-12-19,198.7721,EUR
10033,2025-12-22,199.3373,EUR
10033,2025-12-23,201.6165,EUR
10033,2025-12-24,200.2606,EUR
10033,2025-12-25,200.8827,EUR
10033,2025-12-26,204.0801,EUR
10033,2025-12-29,203.652,EUR
10033,2025-12-30,203.8107,EUR
10033,2025-12-31,203.7293,EUR
10034,2024-12-24,227.6409,CAD
10034,2024-12-25,226.5499,CAD
10034,2024-12-26,223.6341,CAD
10034,2024-12-27,223.6382,CAD
10034,2024-12-30,226.8414,CAD
10034,2024-12-31,225.1006,CAD
10034,2025-01-01,223.2798,CAD
10034,2025-01-02,219.6999,CAD
10034,2025-01-03,217.8133,CAD
10034,2025-01-06,215.4984,CAD
10034,2025-01-07,209.7601,CAD
10034,2025-01-08,210.5381,CAD
10034,2025-01-09,212.2703,CAD
10034,2025-01-10,211.4993,CAD
10034,2025-01-13,208.4525,CAD
10034,2025-01-14,210.0343,CAD
10034,2025-01-15,209.2154,CAD
10034,2025-01-16,210.7994,CAD
10034,2025-01-17,211.5592,CAD
10034,2025-01-20,214.0789,CAD
10034,2025-01-21,215.2643,CAD
10034,2025-01-22,217.4456,CAD
10034,2025-01-23,215.4032,CAD
10034,2025-01-24,210.5251,CAD
10034,2025-01-27,212.7049,CAD
10034,2025-01-28,214.5192,CAD
10034,2025-01-29,216.5664,CAD
10034,2025-01-30,214.4036,CAD
10034,2025-01-31,210.3869,CAD
10034,2025-02-03,209.5584,CAD
10034,2025-02-04,211.785,CAD
10034,2025-02-05,214.465,CAD
10034,2025-02-06,213.864,CAD
10034,2025-02-07,214.7153,CAD
10034,2025-02-10,215.4813,CAD
10034,2025-02-11,217.9177,CAD
10034,2025-02-12,216.7853,CAD
10034,2025-02-13,217.1572,CAD
10034,2025-02-14,219.9038,CAD
10034,2025-02-17,223.3572,CAD
10034,2025-02-18,221.0019,CAD
10034,2025-02-19,223.239,CAD
10034,2025-02-20,226.1711,CAD
10034,2025-02-21,228.0301,CAD
10034,2025-02-24,231.3611,CAD
10034,2025-02-25,231.0966,CAD
10034,2025-02-26,230.8438,CAD
10034,2025-02-27,237.0038,CAD
10034,2025-02-28,241.1946,CAD
10034,2025-03-03,241.4192,CAD
10034,2025-03-04,244.2559,CAD
10034,2025-03-05,243.9881,CAD
10034,2025-03-06,244.0134,CAD
10034,2025-03-07,247.0221,CAD
10034,2025-03-10,248.7735,CAD
10034,2025-03-11,247.6181,CAD
10034,2025-03-12,248.6664,CAD
10034,2025-03-13,249.1598,CAD
10034,2025-03-14,250.0496,CAD
10034,2025-03-17,252.3876,CAD
10034,2025-03-18,252.6606,CAD
10034,2025-03-19,253.8293,CAD
10034,2025-03-20,254.2979,CAD
10034,2025-03-21,253.5225,CAD
10034,2025-03-24,253.259,CAD
10034,2025-03-25,248.1534,CAD
10034,2025-03-26,250.6044,CAD
10034,2025-03-27,249.8456,CAD
10034,2025-03-28,251.5908,CAD
10034,2025-03-31,250.8354,CAD
10034,2025-04-01,253.7467,CAD
10034,2025-04-02,253.5394,CAD
10034,2025-04-03,251.8796,CAD
10034,2025-04-04,248.8816,CAD
10034,2025-04-07,251.0927,CAD
10034,2025-04-08,255.5345,CAD
10034,2025-04-09,253.0991,CAD
10034,2025-04-10,254.0928,CAD
10034,2025-04-11,253.4318,CAD
10034,2025-04-14,253.8581,CAD
10034,2025-04-15,250.6554,CAD
10034,2025-04-16,246.9406,CAD
10034,2025-04-17,247.0249,CAD
10034,2025-04-18,247.6482,CAD
10034,2025-04-21,247.7696,CAD
10034,2025-04-22,244.3857,CAD
10034,2025-04-23,243.9157,CAD
10034,2025-04-24,246.8588,CAD
10034,2025-04-25,249.6597,CAD
10034,2025-04-28,252.0176,CAD
10034,2025-04-29,251.0487,CAD
10034,2025-04-30,251.4373,CAD
10034,2025-05-01,247.5363,CAD
10034,2025-05-02,246.381,CAD
10034,2025-05-05,248.0185,CAD
10034,2025-05-06,244.2868,CAD
10034,2025-05-07,241.519,CAD
10034,2025-05-08,242.251,CAD
10034,2025-05-09,242.71,CAD
10034,2025-05-12,245.8519,CAD
10034,2025-05-13,244.215,CAD
10034,2025-05-14,244.4268,CAD
10034,2025-05-15,246.3892,CAD
10034,2025-05-16,244.6424,CAD
10034,2025-05-19,243.3077,CAD
10034,2025-05-20,242.7423,CAD
10034,2025-05-21,242.3561,CAD
10034,2025-05-22,244.0097,CAD
10034,2025-05-23,242.4089,CAD
10034,2025-05-26,241.9925,CAD
10034,2025-05-27,241.169,CAD
10034,2025-05-28,241.9515,CAD
10034,2025-05-29,243.6318,CAD
10034,2025-05-30,240.8951,CAD
10034,2025-06-02,240.9602,CAD
10034,2025-06-03,243.3229,CAD
10034,2025-06-04,247.0982,CAD
10034,2025-06-05,250.9255,CAD
10034,2025-06-06,247.4111,CAD
10034,2025-06-09,248.1874,CAD
10034,2025-06-10,245.3595,CAD
10034,2025-06-11,246.9937,CAD
10034,2025-06-12,242.5462,CAD
10034,2025-06-13,245.4748,CAD
10034,2025-06-16,241.8077,CAD
10034,2025-06-17,239.1247,CAD
10034,2025-06-18,242.991,CAD
10034,2025-06-19,245.5279,CAD
10034,2025-06-20,249.3486,CAD
10034,2025-06-23,249.9763,CAD
10034,2025-06-24,254.3664,CAD
10034,2025-06-25,251.811,CAD
10034,2025-06-26,250.8521,CAD
10034,2025-06-27,250.9484,CAD
10034,2025-06-30,242.7064,CAD
10034,2025-07-01,240.6306,CAD
10034,2025-07-02,244.0865,CAD
10034,2025-07-03,242.9599,CAD
10034,2025-07-04,246.0044,CAD
10034,2025-07-07,247.8985,CAD
10034,2025-07-08,247.772,CAD
10034,2025-07-09,244.8243,CAD
10034,2025-07-10,244.9983,CAD
10034,2025-07-11,245.3196,CAD
10034,2025-07-14,246.2967,CAD
10034,2025-07-15,245.4979,CAD
10034,2025-07-16,248.364,CAD
10034,2025-07-17,245.989,CAD
10034,2025-07-18,250.0579,CAD
10034,2025-07-21,253.5649,CAD
10034,2025-07-22,248.8682,CAD
10034,2025-07-23,245.6232,CAD
10034,2025-07-24,250.1181,CAD
10034,2025-07-25,251.4863,CAD
10034,2025-07-28,255.9048,CAD
10034,2025-07-29,255.5615,CAD
10034,2025-07-30,254.1208,CAD
10034,2025-07-31,254.1054,CAD
10034,2025-08-01,255.5262,CAD
10034,2025-08-04,256.8892,CAD
10034,2025-08-05,258.5451,CAD
10034,2025-08-06,262.4647,CAD
10034,2025-08-07,262.2659,CAD
10034,2025-08-08,260.6202,CAD
10034,2025-08-11,255.3303,CAD
10034,2025-08-12,257.2454,CAD
10034,2025-08-13,258.7635,CAD
10034,2025-08-14,259.5076,CAD
10034,2025-08-15,261.5157,CAD
10034,2025-08-18,258.9777,CAD
10034,2025-08-19,256.0115,CAD
10034,2025-08-20,252.6883,CAD
10034,2025-08-21,249.1086,CAD
10034,2025-08-22,248.8872,CAD
10034,2025-08-25,256.1264,CAD
10034,2025-08-26,255.8648,CAD
10034,2025-08-27,257.7154,CAD
10034,2025-08-28,259.8883,CAD
10034,2025-08-29,265.6054,CAD
10034,2025-09-01,266.6895,CAD
10034,2025-09-02,267.6503,CAD
10034,2025-09-03,268.1005,CAD
10034,2025-09-04,268.1398,CAD
10034,2025-09-05,265.2566,CAD
10034,2025-09-08,263.4979,CAD
10034,2025-09-09,264.4873,CAD
10034,2025-09-10,264.3002,CAD
10034,2025-09-11,268.3347,CAD
10034,2025-09-12,264.6743,CAD
10034,2025-09-15,272.4374,CAD
10034,2025-09-16,268.8138,CAD
10034,2025-09-17,268.1907,CAD
10034,2025-09-18,270.1459,CAD
10034,2025-09-19,271.7872,CAD
10034,2025-09-22,270.8753,CAD
10034,2025-09-23,274.843,CAD
10034,2025-09-24,274.4446,CAD
10034,2025-09-25,279.2773,CAD
10034,2025-09-26,286.2923,CAD
10034,2025-09-29,285.199,CAD
10034,2025-09-30,284.6969,CAD
10034,2025-10-01,286.4906,CAD
10034,2025-10-02,289.3777,CAD
10034,2025-10-03,290.8083,CAD
10034,2025-10-06,297.5325,CAD
10034,2025-10-07,296.1379,CAD
10034,2025-10-08,300.0976,CAD
10034,2025-10-09,303.4825,CAD
10034,2025-10-10,307.5174,CAD
10034,2025-10-13,308.0795,CAD
10034,2025-10-14,305.6435,CAD
10034,2025-10-15,305.6862,CAD
10034,2025-10-16,304.9728,CAD
10034,2025-10-17,305.6635,CAD
10034,2025-10-20,313.8322,CAD
10034,2025-10-21,309.1557,CAD
10034,2025-10-22,307.8302,CAD
10034,2025-10-23,304.8856,CAD
10034,2025-10-24,303.7666,CAD
10034,2025-10-27,301.5807,CAD
10034,2025-10-28,300.205,CAD
10034,2025-10-29,298.4551,CAD
10034,2025-10-30,294.4416,CAD
10034,2025-10-31,291.8595,CAD
10034,2025-11-03,284.912,CAD
10034,2025-11-04,288.4385,CAD
10034,2025-11-05,283.3893,CAD
10034,2025-11-06,282.7837,CAD
10034,2025-11-07,283.7217,CAD
10034,2025-11-10,283.3236,CAD
10034,2025-11-11,286.981,CAD
10034,2025-11-12,292.6911,CAD
10034,2025-11-13,290.5184,CAD
10034,2025-11-14,292.5342,CAD
10034,2025-11-17,288.9688,CAD
10034,2025-11-18,285.0697,CAD
10034,2025-11-19,287.9864,CAD
10034,2025-11-20,281.8939,CAD
10034,2025-11-21,278.0859,CAD
10034,2025-11-24,279.4449,CAD
10034,2025-11-25,279.9658,CAD
10034,2025-11-26,273.0634,CAD
10034,2025-11-27,272.6659,CAD
10034,2025-11-28,266.9959,CAD
10034,2025-12-01,264.9024,CAD
10034,2025-12-02,258.9583,CAD
10034,2025-12-03,256.3033,CAD
10034,2025-12-04,258.7729,CAD
10034,2025-12-05,260.2685,CAD
10034,2025-12-08,260.3098,CAD
10034,2025-12-09,260.5434,CAD
10034,2025-12-10,261.6415,CAD
10034,2025-12-11,264.0395,CAD
10034,2025-12-12,262.8545,CAD
10034,2025-12-15,261.4952,CAD
10034,2025-12-16,260.5244,CAD
10034,2025-12-17,260.589,CAD
10034,2025-12-18,257.3843,CAD
10034,2025-12-19,255.8463,CAD
10034,2025-12-22,252.9557,CAD
10034,2025-12-23,251.6293,CAD
10034,2025-12-24,250.1729,CAD
10034,2025-12-25,249.157,CAD
10034,2025-12-26,247.016,CAD
10034,2025-12-29,245.0512,CAD
10034,2025-12-30,240.2349,CAD
10034,2025-12-31,239.7984,CAD
10035,2024-12-24,194.966,USD
10035,2024-12-25,199.0879,USD
10035,2024-12-26,196.8841,USD
10035,2024-12-27,198.3316,USD
10035,2024-12-30,201.634,USD
10035,2024-12-31,200.5806,USD
10035,2025-01-01,200.8197,USD
10035,2025-01-02,205.7259,USD
10035,2025-01-03,204.5,USD
10035,2025-01-06,203.4407,USD
10035,2025-01-07,203.1575,USD
10035,2025-01-08,204.4625,USD
10035,2025-01-09,200.8426,USD
10035,2025-01-10,201.4093,USD
10035,2025-01-13,199.1869,USD
10035,2025-01-14,200.6451,USD
10035,2025-01-15,197.7785,USD
10035,2025-01-16,200.6181,USD
10035,2025-01-17,204.5614,USD
10035,2025-01-20,197.7804,USD
10035,2025-01-21,200.6998,USD
10035,2025-01-22,196.3984,USD
10035,2025-01-23,200.0749,USD
10035,2025-01-24,201.7406,USD
10035,2025-01-27,204.32,USD
10035,2025-01-28,202.0518,USD
10035,2025-01-29,209.9183,USD
10035,2025-01-30,210.4564,USD
10035,2025-01-31,215.3922,USD
10035,2025-02-03,213.1234,USD
10035,2025-02-04,208.5563,USD
10035,2025-02-05,208.1075,USD
10035,2025-02-06,210.3637,USD
10035,2025-02-07,213.2263,USD
10035,2025-02-10,213.5074,USD
10035,2025-02-11,219.0856,USD
10035,2025-02-12,217.6269,USD
10035,2025-02-13,219.9873,USD
10035,2025-02-14,217.3003,USD
10035,2025-02-17,217.0409,USD
10035,2025-02-18,213.5079,USD
10035,2025-02-19,214.7233,USD
10035,2025-02-20,220.7837,USD
10035,2025-02-21,220.3662,USD
10035,2025-02-24,219.692,USD
10035,2025-02-25,219.1915,USD
10035,2025-02-26,217.8596,USD
10035,2025-02-27,212.256,USD
10035,2025-02-28,222.3102,USD
10035,2025-03-03,229.7383,USD
10035,2025-03-04,230.894,USD
10035,2025-03-05,231.3744,USD
10035,2025-03-06,233.265,USD
10035,2025-03-07,230.1435,USD
10035,2025-03-10,231.6644,USD
10035,2025-03-11,227.2316,USD
10035,2025-03-12,230.9383,USD
10035,2025-03-13,229.7792,USD
10035,2025-03-14,232.7268,USD
10035,2025-03-17,231.2383,USD
10035,2025-03-18,231.4132,USD
10035,2025-03-19,224.3786,USD
10035,2025-03-20,218.633,USD
10035,2025-03-21,215.3704,USD
10035,2025-03-24,214.3715,USD
10035,2025-03-25,213.6801,USD
10035,2025-03-26,210.0128,USD
10035,2025-03-27,212.898,USD
10035,2025-03-28,216.5078,USD
10035,2025-03-31,217.1913,USD
10035,2025-04-01,216.5735,USD
10035,2025-04-02,215.7598,USD
10035,2025-04-03,217.7352,USD
10035,2025-04-04,216.7215,USD
10035,2025-04-07,219.305,USD
10035,2025-04-08,230.7079,USD
10035,2025-04-09,224.7224,USD
10035,2025-04-10,225.5643,USD
10035,2025-04-11,223.1272,USD
10035,2025-04-14,221.8762,USD
10035,2025-04-15,222.7107,USD
10035,2025-04-16,225.8639,USD
10035,2025-04-17,233.1453,USD
10035,2025-04-18,233.0662,USD
10035,2025-04-21,231.517,USD
10035,2025-04-22,233.927,USD
10035,2025-04-23,237.593,USD
10035,2025-04-24,237.4783,USD
10035,2025-04-25,230.6426,USD
10035,2025-04-28,232.888,USD
10035,2025-04-29,240.3007,USD
10035,2025-04-30,239.9455,USD
10035,2025-05-01,241.0763,USD
10035,2025-05-02,234.8043,USD
10035,2025-05-05,234.6976,USD
10035,2025-05-06,233.2894,USD
10035,2025-05-07,226.9913,USD
10035,2025-05-08,232.0603,USD
10035,2025-05-09,231.8821,USD
10035,2025-05-12,231.0766,USD
10035,2025-05-13,236.2767,USD
10035,2025-05-14,236.0682,USD
10035,2025-05-15,239.4746,USD
10035,2025-05-16,231.9864,USD
10035,2025-05-19,228.9035,USD
10035,2025-05-20,230.2604,USD
10035,2025-05-21,231.658,USD
10035,2025-05-22,228.3071,USD
10035,2025-05-23,229.2371,USD
10035,2025-05-26,228.6711,USD
10035,2025-05-27,223.9677,USD
10035,2025-05-28,224.4496,USD
10035,2025-05-29,223.4348,USD
10035,2025-05-30,224.9934,USD
10035,2025-06-02,225.8346,USD
10035,2025-06-03,229.2766,USD
10035,2025-06-04,240.0685,USD
10035,2025-06-05,244.6057,USD
10035,2025-06-06,246.0914,USD
10035,2025-06-09,253.657,USD
10035,2025-06-10,252.4808,USD
10035,2025-06-11,247.5827,USD
10035,2025-06-12,243.2769,USD
10035,2025-06-13,244.7384,USD
10035,2025-06-16,249.2601,USD
10035,2025-06-17,243.3142,USD
10035,2025-06-18,244.1056,USD
10035,2025-06-19,247.5963,USD
10035,2025-06-20,248.2665,USD
10035,2025-06-23,250.5878,USD
10035,2025-06-24,251.1186,USD
10035,2025-06-25,248.2955,USD
10035,2025-06-26,257.3077,USD
10035,2025-06-27,257.5871,USD
10035,2025-06-30,254.4194,USD
10035,2025-07-01,263.1054,USD
10035,2025-07-02,257.9115,USD
10035,2025-07-03,263.7849,USD
10035,2025-07-04,258.7142,USD
10035,2025-07-07,255.4735,USD
10035,2025-07-08,253.9127,USD
10035,2025-07-09,257.2562,USD
10035,2025-07-10,258.5576,USD
10035,2025-07-11,255.7797,USD
10035,2025-07-14,255.0626,USD
10035,2025-07-15,246.1823,USD
10035,2025-07-16,237.9868,USD
10035,2025-07-17,238.2122,USD
10035,2025-07-18,237.8092,USD
10035,2025-07-21,238.2704,USD
10035,2025-07-22,241.6856,USD
10035,2025-07-23,239.5753,USD
10035,2025-07-24,241.2013,USD
10035,2025-07-25,239.7146,USD
10035,2025-07-28,235.8062,USD
10035,2025-07-29,244.1827,USD
10035,2025-07-30,247.8452,USD
10035,2025-07-31,242.6328,USD
10035,2025-08-01,242.1774,USD
10035,2025-08-04,246.5749,USD
10035,2025-08-05,251.8405,USD
10035,2025-08-06,252.5109,USD
10035,2025-08-07,257.7426,USD
10035,2025-08-08,253.4252,USD
10035,2025-08-11,248.865,USD
10035,2025-08-12,252.0525,USD
10035,2025-08-13,248.7835,USD
10035,2025-08-14,254.2594,USD
10035,2025-08-15,247.5407,USD
10035,2025-08-18,244.8684,USD
10035,2025-08-19,244.8845,USD
10035,2025-08-20,243.5718,USD
10035,2025-08-21,243.2287,USD
10035,2025-08-22,251.071,USD
10035,2025-08-25,245.481,USD
10035,2025-08-26,241.8987,USD
10035,2025-08-27,239.1047,USD
10035,2025-08-28,236.5221,USD
10035,2025-08-29,238.4952,USD
10035,2025-09-01,243.1962,USD
10035,2025-09-02,247.5182,USD
10035,2025-09-03,254.4258,USD
10035,2025-09-04,256.0381,USD
10035,2025-09-05,252.5338,USD
10035,2025-09-08,256.5624,USD
10035,2025-09-09,252.7649,USD
10035,2025-09-10,249.2705,USD
10035,2025-09-11,254.021,USD
10035,2025-09-12,261.2979,USD
10035,2025-09-15,259.8722,USD
10035,2025-09-16,261.1129,USD
10035,2025-09-17,269.0797,USD
10035,2025-09-18,269.2071,USD
10035,2025-09-19,268.813,USD
10035,2025-09-22,266.7106,USD
10035,2025-09-23,268.5586,USD
10035,2025-09-24,263.1401,USD
10035,2025-09-25,261.6025,USD
10035,2025-09-26,257.8145,USD
10035,2025-09-29,258.0278,USD
10035,2025-09-30,257.0745,USD
10035,2025-10-01,256.0194,USD
10035,2025-10-02,248.1305,USD
10035,2025-10-03,247.5327,USD
10035,2025-10-06,250.2343,USD
10035,2025-10-07,256.344,USD
10035,2025-10-08,250.773,USD
10035,2025-10-09,243.5895,USD
10035,2025-10-10,246.4452,USD
10035,2025-10-13,244.6292,USD
10035,2025-10-14,240.5726,USD
10035,2025-10-15,243.2207,USD
10035,2025-10-16,243.7117,USD
10035,2025-10-17,245.8238,USD
10035,2025-10-20,247.9186,USD
10035,2025-10-21,247.3976,USD
10035,2025-10-22,248.8967,USD
10035,2025-10-23,240.858,USD
10035,2025-10-24,239.7091,USD
10035,2025-10-27,239.7914,USD
10035,2025-10-28,238.9513,USD
10035,2025-10-29,238.3921,USD
10035,2025-10-30,235.9774,USD
10035,2025-10-31,235.4527,USD
10035,2025-11-03,235.3142,USD
10035,2025-11-04,234.6033,USD
10035,2025-11-05,229.1094,USD
10035,2025-11-06,230.5706,USD
10035,2025-11-07,235.4765,USD
10035,2025-11-10,229.9979,USD
10035,2025-11-11,227.6686,USD
10035,2025-11-12,233.7561,USD
10035,2025-11-13,235.0539,USD
10035,2025-11-14,234.6377,USD
10035,2025-11-17,232.9603,USD
10035,2025-11-18,234.8197,USD
10035,2025-11-19,237.9703,USD
10035,2025-11-20,246.4827,USD
10035,2025-11-21,249.5582,USD
10035,2025-11-24,250.8809,USD
10035,2025-11-25,250.5522,USD
10035,2025-11-26,246.8654,USD
10035,2025-11-27,247.402,USD
10035,2025-11-28,252.1804,USD
10035,2025-12-01,254.6723,USD
10035,2025-12-02,260.4393,USD
10035,2025-12-03,262.515,USD
10035,2025-12-04,266.9594,USD
10035,2025-12-05,260.5673,USD
10035,2025-12-08,258.4847,USD
10035,2025-12-09,261.5895,USD
10035,2025-12-10,271.1886,USD
10035,2025-12-11,270.0089,USD
10035,2025-12-12,271.6317,USD
10035,2025-12-15,265.5854,USD
10035,2025-12-16,265.6251,USD
10035,2025-12-17,273.0477,USD
10035,2025-12-18,276.6422,USD
10035,2025-12-19,277.0496,USD
10035,2025-12-22,280.6138,USD
10035,2025-12-23,283.6191,USD
10035,2025-12-24,285.3946,USD
10035,2025-12-25,290.0461,USD
10035,2025-12-26,295.1216,USD
10035,2025-12-29,291.8071,USD
10035,2025-12-30,292.4617,USD
10035,2025-12-31,285.6044,USD
10036,2024-12-24,27.2883,EUR
10036,2024-12-25,27.2426,EUR
10036,2024-12-26,28.5258,EUR
10036,2024-12-27,28.0408,EUR
10036,2024-12-30,27.3918,EUR
10036,2024-12-31,27.6892,EUR
10036,2025-01-01,28.1449,EUR
10036,2025-01-02,28.1411,EUR
10036,2025-01-03,28.451,EUR
10036,2025-01-06,29.6467,EUR
10036,2025-01-07,29.2167,EUR
10036,2025-01-08,29.2674,EUR
10036,2025-01-09,29.0392,EUR
10036,2025-01-10,29.5719,EUR
10036,2025-01-13,29.697,EUR
10036,2025-01-14,30.1108,EUR
10036,2025-01-15,30.1055,EUR
10036,2025-01-16,30.3141,EUR
10036,2025-01-17,29.2597,EUR
10036,2025-01-20,29.8688,EUR
10036,2025-01-21,29.8281,EUR
10036,2025-01-22,29.7132,EUR
10036,2025-01-23,29.1616,EUR
10036,2025-01-24,29.2661,EUR
10036,2025-01-27,29.864,EUR
10036,2025-01-28,29.378,EUR
10036,2025-01-29,30.2953,EUR
10036,2025-01-30,30.8268,EUR
10036,2025-01-31,30.6913,EUR
10036,2025-02-03,30.5012,EUR
10036,2025-02-04,31.1804,EUR
10036,2025-02-05,31.7984,EUR
10036,2025-02-06,32.3872,EUR
10036,2025-02-07,31.6801,EUR
10036,2025-02-10,31.6905,EUR
10036,2025-02-11,32.2044,EUR
10036,2025-02-12,30.8682,EUR
10036,2025-02-13,31.3448,EUR
10036,2025-02-14,31.0591,EUR
10036,2025-02-17,30.829,EUR
10036,2025-02-18,30.7099,EUR
10036,2025-02-19,30.3271,EUR
10036,2025-02-20,31.6021,EUR
10036,2025-02-21,32.0708,EUR
10036,2025-02-24,32.6911,EUR
10036,2025-02-25,33.8159,EUR
10036,2025-02-26,33.2614,EUR
10036,2025-02-27,33.8253,EUR
10036,2025-02-28,34.5839,EUR
10036,2025-03-03,34.3395,EUR
10036,2025-03-04,33.7753,EUR
10036,2025-03-05,33.6706,EUR
10036,2025-03-06,33.8258,EUR
10036,2025-03-07,33.0985,EUR
10036,2025-03-10,33.6445,EUR
10036,2025-03-11,33.4207,EUR
10036,2025-03-12,33.4028,EUR
10036,2025-03-13,33.4512,EUR
10036,2025-03-14,32.6265,EUR
10036,2025-03-17,31.6498,EUR
10036,2025-03-18,32.9074,EUR
10036,2025-03-19,32.8428,EUR
10036,2025-03-20,33.3546,EUR
10036,2025-03-21,33.1603,EUR
10036,2025-03-24,34.1979,EUR
10036,2025-03-25,34.4548,EUR
10036,2025-03-26,36.0078,EUR
10036,2025-03-27,35.7381,EUR
10036,2025-03-28,36.4254,EUR
10036,2025-03-31,37.5947,EUR
10036,2025-04-01,36.2052,EUR
10036,2025-04-02,35.7347,EUR
10036,2025-04-03,36.2648,EUR
10036,2025-04-04,37.1284,EUR
10036,2025-04-07,36.1016,EUR
10036,2025-04-08,35.9673,EUR
10036,2025-04-09,35.5714,EUR
10036,2025-04-10,36.3538,EUR
10036,2025-04-11,36.559,EUR
10036,2025-04-14,35.1321,EUR
10036,2025-04-15,35.6508,EUR
10036,2025-04-16,36.015,EUR
10036,2025-04-17,36.1969,EUR
10036,2025-04-18,37.3283,EUR
10036,2025-04-21,37.7566,EUR
10036,2025-04-22,37.8071,EUR
10036,2025-04-23,37.0698,EUR
10036,2025-04-24,36.7898,EUR
10036,2025-04-25,36.1719,EUR
10036,2025-04-28,35.9539,EUR
10036,2025-04-29,37.0623,EUR
10036,2025-04-30,36.9952,EUR
10036,2025-05-01,37.5514,EUR
10036,2025-05-02,37.9024,EUR
10036,2025-05-05,37.9115,EUR
10036,2025-05-06,37.4729,EUR
10036,2025-05-07,37.149,EUR
10036,2025-05-08,36.1457,EUR
10036,2025-05-09,36.5389,EUR
10036,2025-05-12,36.9398,EUR
10036,2025-05-13,37.8819,EUR
10036,2025-05-14,36.6195,EUR
10036,2025-05-15,37.3559,EUR
10036,2025-05-16,37.7091,EUR
10036,2025-05-19,37.8965,EUR
10036,2025-05-20,37.2014,EUR
10036,2025-05-21,36.1558,EUR
10036,2025-05-22,35.6688,EUR
10036,2025-05-23,36.8616,EUR
10036,2025-05-26,36.9087,EUR
10036,2025-05-27,36.3387,EUR
10036,2025-05-28,36.1497,EUR
10036,2025-05-29,37.1312,EUR
10036,2025-05-30,36.9888,EUR
10036,2025-06-02,37.213,EUR
10036,2025-06-03,37.3176,EUR
10036,2025-06-04,38.3586,EUR
10036,2025-06-05,38.151,EUR
10036,2025-06-06,38.9147,EUR
10036,2025-06-09,39.6848,EUR
10036,2025-06-10,39.3761,EUR
10036,2025-06-11,39.3705,EUR
10036,2025-06-12,39.2055,EUR
10036,2025-06-13,39.158,EUR
10036,2025-06-16,39.564,EUR
10036,2025-06-17,40.7539,EUR
10036,2025-06-18,40.4659,EUR
10036,2025-06-19,40.7158,EUR
10036,2025-06-20,41.0756,EUR
10036,2025-06-23,41.6481,EUR
10036,2025-06-24,43.7102,EUR
10036,2025-06-25,43.4348,EUR
10036,2025-06-26,44.5652,EUR
10036,2025-06-27,42.5264,EUR
10036,2025-06-30,42.4059,EUR
10036,2025-07-01,42.7434,EUR
10036,2025-07-02,43.4684,EUR
10036,2025-07-03,42.4018,EUR
10036,2025-07-04,43.1601,EUR
10036,2025-07-07,43.9236,EUR
10036,2025-07-08,43.8993,EUR
10036,2025-07-09,42.5624,EUR
10036,2025-07-10,41.4528,EUR
10036,2025-07-11,41.1504,EUR
10036,2025-07-14,40.7982,EUR
10036,2025-07-15,40.3821,EUR
10036,2025-07-16,40.3363,EUR
10036,2025-07-17,40.6925,EUR
10036,2025-07-18,41.1013,EUR
10036,2025-07-21,40.9319,EUR
10036,2025-07-22,40.5785,EUR
10036,2025-07-23,40.5728,EUR
10036,2025-07-24,40.0,EUR
10036,2025-07-25,39.073,EUR
10036,2025-07-28,38.6033,EUR
10036,2025-07-29,38.3673,EUR
10036,2025-07-30,37.6746,EUR
10036,2025-07-31,37.8141,EUR
10036,2025-08-01,38.3331,EUR
10036,2025-08-04,38.712,EUR
10036,2025-08-05,39.2106,EUR
10036,2025-08-06,39.3386,EUR
10036,2025-08-07,38.4779,EUR
10036,2025-08-08,39.6159,EUR
10036,2025-08-11,39.7367,EUR
10036,2025-08-12,39.8231,EUR
10036,2025-08-13,39.1325,EUR
10036,2025-08-14,38.837,EUR
10036,2025-08-15,39.3145,EUR
10036,2025-08-18,39.1364,EUR
10036,2025-08-19,39.2392,EUR
10036,2025-08-20,39.9078,EUR
10036,2025-08-21,42.0337,EUR
10036,2025-08-22,42.1785,EUR
10036,2025-08-25,40.9348,EUR
10036,2025-08-26,41.8143,EUR
10036,2025-08-27,43.2136,EUR
10036,2025-08-28,44.7852,EUR
10036,2025-08-29,43.4613,EUR
10036,2025-09-01,44.6508,EUR
10036,2025-09-02,45.1497,EUR
10036,2025-09-03,45.9051,EUR
10036,2025-09-04,45.5806,EUR
10036,2025-09-05,44.9251,EUR
10036,2025-09-08,43.8388,EUR
10036,2025-09-09,43.1204,EUR
10036,2025-09-10,43.394,EUR
10036,2025-09-11,43.0736,EUR
10036,2025-09-12,43.2301,EUR
10036,2025-09-15,43.2826,EUR
10036,2025-09-16,42.2238,EUR
10036,2025-09-17,42.7354,EUR
10036,2025-09-18,41.1921,EUR
10036,2025-09-19,40.2797,EUR
10036,2025-09-22,40.2759,EUR
10036,2025-09-23,38.9,EUR
10036,2025-09-24,38.4114,EUR
10036,2025-09-25,39.0807,EUR
10036,2025-09-26,40.1534,EUR
10036,2025-09-29,38.9173,EUR
10036,2025-09-30,38.9469,EUR
10036,2025-10-01,39.5851,EUR
10036,2025-10-02,39.0466,EUR
10036,2025-10-03,38.9318,EUR
10036,2025-10-06,39.2928,EUR
10036,2025-10-07,39.3582,EUR
10036,2025-10-08,39.1721,EUR
10036,2025-10-09,39.1023,EUR
10036,2025-10-10,39.1067,EUR
10036,2025-10-13,39.4808,EUR
10036,2025-10-14,38.303,EUR
10036,2025-10-15,37.4742,EUR
10036,2025-10-16,37.6473,EUR
10036,2025-10-17,38.522,EUR
10036,2025-10-20,38.0265,EUR
10036,2025-10-21,38.8321,EUR
10036,2025-10-22,39.3238,EUR
10036,2025-10-23,39.4306,EUR
10036,2025-10-24,39.9638,EUR
10036,2025-10-27,39.0383,EUR
10036,2025-10-28,38.612,EUR
10036,2025-10-29,38.3099,EUR
10036,2025-10-30,38.4899,EUR
10036,2025-10-31,38.1585,EUR
10036,2025-11-03,38.6411,EUR
10036,2025-11-04,38.2113,EUR
10036,2025-11-05,38.1933,EUR
10036,2025-11-06,39.2534,EUR
10036,2025-11-07,38.9326,EUR
10036,2025-11-10,39.1147,EUR
10036,2025-11-11,38.7405,EUR
10036,2025-11-12,38.435,EUR
10036,2025-11-13,38.6825,EUR
10036,2025-11-14,38.8181,EUR
10036,2025-11-17,40.5414,EUR
10036,2025-11-18,40.6558,EUR
10036,2025-11-19,40.2337,EUR
10036,2025-11-20,41.5217,EUR
10036,2025-11-21,41.737,EUR
10036,2025-11-24,41.0078,EUR
10036,2025-11-25,39.867,EUR
10036,2025-11-26,39.6289,EUR
10036,2025-11-27,39.3388,EUR
10036,2025-11-28,39.5837,EUR
10036,2025-12-01,40.1461,EUR
10036,2025-12-02,39.7501,EUR
10036,2025-12-03,40.3716,EUR
10036,2025-12-04,40.2911,EUR
10036,2025-12-05,40.5772,EUR
10036,2025-12-08,41.8233,EUR
10036,2025-12-09,42.8359,EUR
10036,2025-12-10,42.2392,EUR
10036,2025-12-11,41.9697,EUR
10036,2025-12-12,42.1733,EUR
10036,2025-12-15,41.7292,EUR
10036,2025-12-16,42.2194,EUR
10036,2025-12-17,43.0404,EUR
10036,2025-12-18,42.6286,EUR
10036,2025-12-19,41.5267,EUR
10036,2025-12-22,41.8683,EUR
10036,2025-12-23,40.8431,EUR
10036,2025-12-24,39.5743,EUR
10036,2025-12-25,39.0269,EUR
10036,2025-12-26,39.291,EUR
10036,2025-12-29,40.2109,EUR
10036,2025-12-30,41.95,EUR
10036,2025-12-31,41.3855,EUR
10037,2024-12-24,136.6277,CAD
10037,2024-12-25,137.0529,CAD
10037,2024-12-26,136.1462,CAD
10037,2024-12-27,135.4348,CAD
10037,2024-12-30,133.9387,CAD
10037,2024-12-31,136.3151,CAD
10037,2025-01-01,135.8979,CAD
10037,2025-01-02,136.6416,CAD
10037,2025-01-03,135.4297,CAD
10037,2025-01-06,132.0658,CAD
10037,2025-01-07,132.2793,CAD
10037,2025-01-08,131.2413,CAD
10037,2025-01-09,131.2726,CAD
10037,2025-01-10,131.4836,CAD
10037,2025-01-13,129.9997,CAD
10037,2025-01-14,129.4378,CAD
10037,2025-01-15,130.9485,CAD
10037,2025-01-16,130.6819,CAD
10037,2025-01-17,130.9632,CAD
10037,2025-01-20,131.9415,CAD
10037,2025-01-21,133.1278,CAD
10037,2025-01-22,133.8013,CAD
10037,2025-01-23,135.681,CAD
10037,2025-01-24,135.4847,CAD
10037,2025-01-27,135.715,CAD
10037,2025-01-28,137.471,CAD
10037,2025-01-29,137.0588,CAD
10037,2025-01-30,136.7803,CAD
10037,2025-01-31,137.0642,CAD
10037,2025-02-03,139.8718,CAD
10037,2025-02-04,139.2063,CAD
10037,2025-02-05,140.6395,CAD
10037,2025-02-06,140.4754,CAD
10037,2025-02-07,141.1214,CAD
10037,2025-02-10,144.0185,CAD
10037,2025-02-11,142.519,CAD
10037,2025-02-12,141.5365,CAD
10037,2025-02-13,143.7964,CAD
10037,2025-02-14,143.5185,CAD
10037,2025-02-17,145.2979,CAD
10037,2025-02-18,145.348,CAD
10037,2025-02-19,146.5221,CAD
10037,2025-02-20,147.9316,CAD
10037,2025-02-21,148.2616,CAD
10037,2025-02-24,148.212,CAD
10037,2025-02-25,149.0054,CAD
10037,2025-02-26,150.4701,CAD
10037,2025-02-27,151.3288,CAD
10037,2025-02-28,149.7853,CAD
10037,2025-03-03,150.7682,CAD
10037,2025-03-04,150.7231,CAD
10037,2025-03-05,150.8834,CAD
10037,2025-03-06,152.4172,CAD
10037,2025-03-07,149.5658,CAD
10037,2025-03-10,150.7273,CAD
10037,2025-03-11,148.7311,CAD
10037,2025-03-12,146.1436,CAD
10037,2025-03-13,147.6294,CAD
10037,2025-03-14,147.9178,CAD
10037,2025-03-17,147.2622,CAD
10037,2025-03-18,147.6107,CAD
10037,2025-03-19,148.2978,CAD
10037,2025-03-20,148.751,CAD
10037,2025-03-21,148.2926,CAD
10037,2025-03-24,149.0655,CAD
10037,2025-03-25,150.2937,CAD
10037,2025-03-26,149.6645,CAD
10037,2025-03-27,149.7564,CAD
10037,2025-03-28,147.9381,CAD
10037,2025-03-31,148.4918,CAD
10037,2025-04-01,148.5277,CAD
10037,2025-04-02,147.8951,CAD
10037,2025-04-03,147.6424,CAD
10037,2025-04-04,144.9344,CAD
10037,2025-04-07,145.3023,CAD
10037,2025-04-08,144.0846,CAD
10037,2025-04-09,145.4689,CAD
10037,2025-04-10,144.7784,CAD
10037,2025-04-11,143.4874,CAD
10037,2025-04-14,142.0865,CAD
10037,2025-04-15,142.7941,CAD
10037,2025-04-16,143.0068,CAD
10037,2025-04-17,143.1273,CAD
10037,2025-04-18,140.5654,CAD
10037,2025-04-21,141.5318,CAD
10037,2025-04-22,139.4969,CAD
10037,2025-04-23,139.3652,CAD
10037,2025-04-24,139.2425,CAD
10037,2025-04-25,137.9016,CAD
10037,2025-04-28,137.9279,CAD
10037,2025-04-29,137.5082,CAD
10037,2025-04-30,138.2987,CAD
10037,2025-05-01,140.0131,CAD
10037,2025-05-02,141.7894,CAD
10037,2025-05-05,139.1303,CAD
10037,2025-05-06,138.8204,CAD
10037,2025-05-07,136.1713,CAD
10037,2025-05-08,136.7519,CAD
10037,2025-05-09,135.1546,CAD
10037,2025-05-12,136.1988,CAD
10037,2025-05-13,136.8017,CAD
10037,2025-05-14,134.9231,CAD
10037,2025-05-15,135.8178,CAD
10037,2025-05-16,134.1329,CAD
10037,2025-05-19,133.9752,CAD
10037,2025-05-20,133.5426,CAD
10037,2025-05-21,132.6411,CAD
10037,2025-05-22,134.0935,CAD
10037,2025-05-23,134.1581,CAD
10037,2025-05-26,134.548,CAD
10037,2025-05-27,131.5039,CAD
10037,2025-05-28,134.0615,CAD
10037,2025-05-29,133.3566,CAD
10037,2025-05-30,135.1122,CAD
10037,2025-06-02,134.9765,CAD
10037,2025-06-03,136.3146,CAD
10037,2025-06-04,135.8915,CAD
10037,2025-06-05,136.6292,CAD
10037,2025-06-06,136.4047,CAD
10037,2025-06-09,137.2473,CAD
10037,2025-06-10,136.7083,CAD
10037,2025-06-11,136.0421,CAD
10037,2025-06-12,137.2089,CAD
10037,2025-06-13,135.2302,CAD
10037,2025-06-16,134.2935,CAD
10037,2025-06-17,136.4151,CAD
10037,2025-06-18,136.6962,CAD
10037,2025-06-19,136.5212,CAD
10037,2025-06-20,135.7762,CAD
10037,2025-06-23,136.0727,CAD
10037,2025-06-24,137.1854,CAD
10037,2025-06-25,137.2543,CAD
10037,2025-06-26,137.3654,CAD
10037,2025-06-27,136.1902,CAD
10037,2025-06-30,135.4431,CAD
10037,2025-07-01,135.0424,CAD
10037,2025-07-02,134.5587,CAD
10037,2025-07-03,133.7659,CAD
10037,2025-07-04,134.2185,CAD
10037,2025-07-07,133.0848,CAD
10037,2025-07-08,134.0323,CAD
10037,2025-07-09,133.8032,CAD
10037,2025-07-10,134.969,CAD
10037,2025-07-11,134.9939,CAD
10037,2025-07-14,135.6522,CAD
10037,2025-07-15,135.1869,CAD
10037,2025-07-16,134.5049,CAD
10037,2025-07-17,134.7325,CAD
10037,2025-07-18,136.1834,CAD
10037,2025-07-21,137.998,CAD
10037,2025-07-22,138.8993,CAD
10037,2025-07-23,140.4941,CAD
10037,2025-07-24,139.4838,CAD
10037,2025-07-25,139.5857,CAD
10037,2025-07-28,140.2652,CAD
10037,2025-07-29,139.5391,CAD
10037,2025-07-30,140.2099,CAD
10037,2025-07-31,140.7825,CAD
10037,2025-08-01,140.2833,CAD
10037,2025-08-04,140.4809,CAD
10037,2025-08-05,138.8916,CAD
10037,2025-08-06,138.0093,CAD
10037,2025-08-07,139.7387,CAD
10037,2025-08-08,141.2392,CAD
10037,2025-08-11,141.6142,CAD
10037,2025-08-12,139.9993,CAD
10037,2025-08-13,139.1841,CAD
10037,2025-08-14,138.8397,CAD
10037,2025-08-15,139.1346,CAD
10037,2025-08-18,139.0888,CAD
10037,2025-08-19,138.4478,CAD
10037,2025-08-20,136.8986,CAD
10037,2025-08-21,135.727,CAD
10037,2025-08-22,135.6549,CAD
10037,2025-08-25,134.2593,CAD
10037,2025-08-26,132.328,CAD
10037,2025-08-27,132.7562,CAD
10037,2025-08-28,133.4331,CAD
10037,2025-08-29,133.796,CAD
10037,2025-09-01,131.6758,CAD
10037,2025-09-02,130.6191,CAD
10037,2025-09-03,132.9144,CAD
10037,2025-09-04,130.6245,CAD
10037,2025-09-05,130.5866,CAD
10037,2025-09-08,131.267,CAD
10037,2025-09-09,129.5339,CAD
10037,2025-09-10,128.7066,CAD
10037,2025-09-11,126.8829,CAD
10037,2025-09-12,126.8358,CAD
10037,2025-09-15,127.6773,CAD
10037,2025-09-16,126.7758,CAD
10037,2025-09-17,126.8632,CAD
10037,2025-09-18,125.5274,CAD
10037,2025-09-19,124.7052,CAD
10037,2025-09-22,124.999,CAD
10037,2025-09-23,124.8584,CAD
10037,2025-09-24,124.5904,CAD
10037,2025-09-25,125.3938,CAD
10037,2025-09-26,124.4129,CAD
10037,2025-09-29,122.4663,CAD
10037,2025-09-30,123.7377,CAD
10037,2025-10-01,123.2683,CAD
10037,2025-10-02,124.8129,CAD
10037,2025-10-03,125.1445,CAD
10037,2025-10-06,124.4618,CAD
10037,2025-10-07,124.4626,CAD
10037,2025-10-08,126.0818,CAD
10037,2025-10-09,127.7899,CAD
10037,2025-10-10,127.7698,CAD
10037,2025-10-13,128.2511,CAD
10037,2025-10-14,129.9893,CAD
10037,2025-10-15,128.0152,CAD
10037,2025-10-16,128.428,CAD
10037,2025-10-17,126.7062,CAD
10037,2025-10-20,128.4569,CAD
10037,2025-10-21,132.3743,CAD
10037,2025-10-22,130.5859,CAD
10037,2025-10-23,131.6118,CAD
10037,2025-10-24,133.4214,CAD
10037,2025-10-27,134.9967,CAD
10037,2025-10-28,134.7673,CAD
10037,2025-10-29,136.0761,CAD
10037,2025-10-30,135.3966,CAD
10037,2025-10-31,135.4782,CAD
10037,2025-11-03,134.6456,CAD
10037,2025-11-04,133.8664,CAD
10037,2025-11-05,133.7184,CAD
10037,2025-11-06,132.7692,CAD
10037,2025-11-07,133.5771,CAD
10037,2025-11-10,132.0924,CAD
10037,2025-11-11,130.5018,CAD
10037,2025-11-12,131.6856,CAD
10037,2025-11-13,130.4373,CAD
10037,2025-11-14,132.089,CAD
10037,2025-11-17,131.2669,CAD
10037,2025-11-18,133.0043,CAD
10037,2025-11-19,132.231,CAD
10037,2025-11-20,131.7765,CAD
10037,2025-11-21,129.8893,CAD
10037,2025-11-24,129.6743,CAD
10037,2025-11-25,131.3113,CAD
10037,2025-11-26,131.476,CAD
10037,2025-11-27,130.6171,CAD
10037,2025-11-28,130.6128,CAD
10037,2025-12-01,130.9231,CAD
10037,2025-12-02,129.8394,CAD
10037,2025-12-03,129.8113,CAD
10037,2025-12-04,128.1447,CAD
10037,2025-12-05,130.4362,CAD
10037,2025-12-08,129.7101,CAD
10037,2025-12-09,127.259,CAD
10037,2025-12-10,126.7711,CAD
10037,2025-12-11,127.1279,CAD
10037,2025-12-12,124.9219,CAD
10037,2025-12-15,126.018,CAD
10037,2025-12-16,125.7314,CAD
10037,2025-12-17,125.5209,CAD
10037,2025-12-18,126.2962,CAD
10037,2025-12-19,127.6252,CAD
10037,2025-12-22,127.5318,CAD
10037,2025-12-23,126.8872,CAD
10037,2025-12-24,128.5451,CAD
10037,2025-12-25,126.9941,CAD
10037,2025-12-26,127.3994,CAD
10037,2025-12-29,127.4466,CAD
10037,2025-12-30,127.9122,CAD
10037,2025-12-31,126.885,CAD
10038,2024-12-24,146.5525,USD
10038,2024-12-25,145.7018,USD
10038,2024-12-26,146.7084,USD
10038,2024-12-27,149.1247,USD
10038,2024-12-30,147.6968,USD
10038,2024-12-31,145.5631,USD
10038,2025-01-01,147.6578,USD
10038,2025-01-02,146.8372,USD
10038,2025-01-03,147.9258,USD
10038,2025-01-06,149.8012,USD
10038,2025-01-07,151.8895,USD
10038,2025-01-08,151.2544,USD
10038,2025-01-09,149.9244,USD
10038,2025-01-10,146.7039,USD
10038,2025-01-13,146.7795,USD
10038,2025-01-14,149.3196,USD
10038,2025-01-15,150.5395,USD
10038,2025-01-16,147.2248,USD
10038,2025-01-17,145.9304,USD
10038,2025-01-20,141.7635,USD
10038,2025-01-21,142.1112,USD
10038,2025-01-22,142.2158,USD
10038,2025-01-23,141.2443,USD
10038,2025-01-24,142.6146,USD
10038,2025-01-27,143.3329,USD
10038,2025-01-28,141.6653,USD
10038,2025-01-29,141.8504,USD
10038,2025-01-30,142.9683,USD
10038,2025-01-31,142.0444,USD
10038,2025-02-03,143.0132,USD
10038,2025-02-04,142.2612,USD
10038,2025-02-05,141.3355,USD
10038,2025-02-06,142.3208,USD
10038,2025-02-07,141.3386,USD
10038,2025-02-10,141.977,USD
10038,2025-02-11,140.569,USD
10038,2025-02-12,141.4756,USD
10038,2025-02-13,142.15,USD
10038,2025-02-14,139.3831,USD
10038,2025-02-17,140.8599,USD
10038,2025-02-18,139.4363,USD
10038,2025-02-19,138.1449,USD
10038,2025-02-20,141.0327,USD
10038,2025-02-21,141.6473,USD
10038,2025-02-24,143.9388,USD
10038,2025-02-25,147.3402,USD
10038,2025-02-26,146.396,USD
10038,2025-02-27,147.7708,USD
10038,2025-02-28,147.2864,USD
10038,2025-03-03,145.8987,USD
10038,2025-03-04,146.4077,USD
10038,2025-03-05,145.0958,USD
10038,2025-03-06,146.0045,USD
10038,2025-03-07,146.9361,USD
10038,2025-03-10,144.2312,USD
10038,2025-03-11,146.0479,USD
10038,2025-03-12,143.8094,USD
10038,2025-03-13,144.1528,USD
10038,2025-03-14,144.4961,USD
10038,2025-03-17,144.1628,USD
10038,2025-03-18,148.3138,USD
10038,2025-03-19,149.9167,USD
10038,2025-03-20,149.2633,USD
10038,2025-03-21,145.6551,USD
10038,2025-03-24,144.8071,USD
10038,2025-03-25,144.6119,USD
10038,2025-03-26,143.3393,USD
10038,2025-03-27,140.4782,USD
10038,2025-03-28,141.9514,USD
10038,2025-03-31,141.432,USD
10038,2025-04-01,139.5264,USD
10038,2025-04-02,139.3676,USD
10038,2025-04-03,140.0422,USD
10038,2025-04-04,140.5444,USD
10038,2025-04-07,143.2179,USD
10038,2025-04-08,142.8065,USD
10038,2025-04-09,142.2012,USD
10038,2025-04-10,141.6845,USD
10038,2025-04-11,141.7452,USD
10038,2025-04-14,142.2683,USD
10038,2025-04-15,143.9828,USD
10038,2025-04-16,143.1673,USD
10038,2025-04-17,144.9976,USD
10038,2025-04-18,144.2056,USD
10038,2025-04-21,141.4187,USD
10038,2025-04-22,141.1837,USD
10038,2025-04-23,141.2327,USD
10038,2025-04-24,143.8753,USD
10038,2025-04-25,143.2952,USD
10038,2025-04-28,146.4215,USD
10038,2025-04-29,146.8561,USD
10038,2025-04-30,144.981,USD
10038,2025-05-01,143.2939,USD
10038,2025-05-02,145.5436,USD
10038,2025-05-05,149.2642,USD
10038,2025-05-06,148.9115,USD
10038,2025-05-07,147.8871,USD
10038,2025-05-08,146.9972,USD
10038,2025-05-09,146.4255,USD
10038,2025-05-12,146.0071,USD
10038,2025-05-13,147.8564,USD
10038,2025-05-14,147.5575,USD
10038,2025-05-15,146.3293,USD
10038,2025-05-16,145.8169,USD
10038,2025-05-19,146.4957,USD
10038,2025-05-20,147.2927,USD
10038,2025-05-21,147.7166,USD
10038,2025-05-22,145.9734,USD
10038,2025-05-23,144.1114,USD
10038,2025-05-26,142.0524,USD
10038,2025-05-27,141.304,USD
10038,2025-05-28,144.4861,USD
10038,2025-05-29,143.1422,USD
10038,2025-05-30,143.0917,USD
10038,2025-06-02,144.8694,USD
10038,2025-06-03,147.4548,USD
10038,2025-06-04,147.7759,USD
10038,2025-06-05,146.1998,USD
10038,2025-06-06,144.8647,USD
10038,2025-06-09,145.879,USD
10038,2025-06-10,145.2374,USD
10038,2025-06-11,142.3867,USD
10038,2025-06-12,142.0496,USD
10038,2025-06-13,140.2178,USD
10038,2025-06-16,139.2682,USD
10038,2025-06-17,141.745,USD
10038,2025-06-18,142.9967,USD
10038,2025-06-19,141.5181,USD
10038,2025-06-20,145.1233,USD
10038,2025-06-23,146.9075,USD
10038,2025-06-24,147.5126,USD
10038,2025-06-25,150.2494,USD
10038,2025-06-26,148.6708,USD
10038,2025-06-27,146.9173,USD
10038,2025-06-30,148.016,USD
10038,2025-07-01,148.5732,USD
10038,2025-07-02,149.0502,USD
10038,2025-07-03,152.7646,USD
10038,2025-07-04,150.8889,USD
10038,2025-07-07,151.9371,USD
10038,2025-07-08,150.4524,USD
10038,2025-07-09,144.9156,USD
10038,2025-07-10,146.9575,USD
10038,2025-07-11,145.6334,USD
10038,2025-07-14,147.0687,USD
10038,2025-07-15,147.5416,USD
10038,2025-07-16,147.4289,USD
10038,2025-07-17,146.0575,USD
10038,2025-07-18,143.4356,USD
10038,2025-07-21,142.6115,USD
10038,2025-07-22,144.0535,USD
10038,2025-07-23,143.0566,USD
10038,2025-07-24,145.8141,USD
10038,2025-07-25,147.5581,USD
10038,2025-07-28,146.3453,USD
10038,2025-07-29,141.989,USD
10038,2025-07-30,140.4655,USD
10038,2025-07-31,140.4871,USD
10038,2025-08-01,140.5146,USD
10038,2025-08-04,136.7532,USD
10038,2025-08-05,137.2432,USD
10038,2025-08-06,138.5583,USD
10038,2025-08-07,139.2523,USD
10038,2025-08-08,138.2709,USD
10038,2025-08-11,137.1222,USD
10038,2025-08-12,135.1422,USD
10038,2025-08-13,136.4009,USD
10038,2025-08-14,137.1361,USD
10038,2025-08-15,137.0795,USD
10038,2025-08-18,137.7946,USD
10038,2025-08-19,138.3629,USD
10038,2025-08-20,137.0334,USD
10038,2025-08-21,136.6107,USD
10038,2025-08-22,132.9308,USD
10038,2025-08-25,131.6521,USD
10038,2025-08-26,132.1099,USD
10038,2025-08-27,132.1285,USD
10038,2025-08-28,131.7308,USD
10038,2025-08-29,132.741,USD
10038,2025-09-01,132.5229,USD
10038,2025-09-02,131.3345,USD
10038,2025-09-03,129.1834,USD
10038,2025-09-04,129.6065,USD
10038,2025-09-05,128.1381,USD
10038,2025-09-08,130.4985,USD
10038,2025-09-09,130.307,USD
10038,2025-09-10,133.1956,USD
10038,2025-09-11,134.6375,USD
10038,2025-09-12,133.8168,USD
10038,2025-09-15,134.2365,USD
10038,2025-09-16,137.2724,USD
10038,2025-09-17,139.4884,USD
10038,2025-09-18,140.2298,USD
10038,2025-09-19,139.9591,USD
10038,2025-09-22,141.2283,USD
10038,2025-09-23,142.6749,USD
10038,2025-09-24,142.0529,USD
10038,2025-09-25,142.411,USD
10038,2025-09-26,142.9698,USD
10038,2025-09-29,141.3983,USD
10038,2025-09-30,142.5582,USD
10038,2025-10-01,144.144,USD
10038,2025-10-02,145.8276,USD
10038,2025-10-03,144.5167,USD
10038,2025-10-06,142.7115,USD
10038,2025-10-07,140.4472,USD
10038,2025-10-08,139.5193,USD
10038,2025-10-09,140.2414,USD
10038,2025-10-10,142.072,USD
10038,2025-10-13,141.5393,USD
10038,2025-10-14,143.0265,USD
10038,2025-10-15,141.1774,USD
10038,2025-10-16,141.891,USD
10038,2025-10-17,144.1015,USD
10038,2025-10-20,145.2554,USD
10038,2025-10-21,146.3778,USD
10038,2025-10-22,142.9355,USD
10038,2025-10-23,143.7008,USD
10038,2025-10-24,144.9995,USD
10038,2025-10-27,145.307,USD
10038,2025-10-28,148.1607,USD
10038,2025-10-29,150.2438,USD
10038,2025-10-30,150.4439,USD
10038,2025-10-31,148.0691,USD
10038,2025-11-03,150.3394,USD
10038,2025-11-04,150.3713,USD
10038,2025-11-05,152.0575,USD
10038,2025-11-06,148.6604,USD
10038,2025-11-07,149.1352,USD
10038,2025-11-10,151.0708,USD
10038,2025-11-11,151.0055,USD
10038,2025-11-12,149.4994,USD
10038,2025-11-13,151.1771,USD
10038,2025-11-14,153.25,USD
10038,2025-11-17,154.9868,USD
10038,2025-11-18,155.1053,USD
10038,2025-11-19,155.4867,USD
10038,2025-11-20,156.8201,USD
10038,2025-11-21,158.2841,USD
10038,2025-11-24,159.825,USD
10038,2025-11-25,157.6325,USD
10038,2025-11-26,157.5436,USD
10038,2025-11-27,157.4954,USD
10038,2025-11-28,157.2398,USD
10038,2025-12-01,158.9789,USD
10038,2025-12-02,160.3307,USD
10038,2025-12-03,156.8709,USD
10038,2025-12-04,158.7539,USD
10038,2025-12-05,156.7641,USD
10038,2025-12-08,156.4862,USD
10038,2025-12-09,160.2511,USD
10038,2025-12-10,157.5199,USD
10038,2025-12-11,155.0016,USD
10038,2025-12-12,155.8942,USD
10038,2025-12-15,156.7122,USD
10038,2025-12-16,157.4421,USD
10038,2025-12-17,156.5029,USD
10038,2025-12-18,154.7948,USD
10038,2025-12-19,154.0321,USD
10038,2025-12-22,156.9796,USD
10038,2025-12-23,156.278,USD
10038,2025-12-24,152.6591,USD
10038,2025-12-25,148.5513,USD
10038,2025-12-26,149.1409,USD
10038,2025-12-29,149.4992,USD
10038,2025-12-30,148.5906,USD
10038,2025-12-31,147.2559,USD
10039,2024-12-24,158.0364,EUR
10039,2024-12-25,159.6149,EUR
10039,2024-12-26,161.0294,EUR
10039,2024-12-27,162.0681,EUR
10039,2024-12-30,161.454,EUR
10039,2024-12-31,160.5075,EUR
10039,2025-01-01,160.9264,EUR
10039,2025-01-02,160.4136,EUR
10039,2025-01-03,159.185,EUR
10039,2025-01-06,157.7245,EUR
10039,2025-01-07,157.9077,EUR
10039,2025-01-08,160.1504,EUR
10039,2025-01-09,163.7847,EUR
10039,2025-01-10,163.4963,EUR
10039,2025-01-13,162.0995,EUR
10039,2025-01-14,162.29,EUR
10039,2025-01-15,159.0632,EUR
10039,2025-01-16,159.4474,EUR
10039,2025-01-17,161.2047,EUR
10039,2025-01-20,159.9796,EUR
10039,2025-01-21,159.749,EUR
10039,2025-01-22,161.4517,EUR
10039,2025-01-23,159.6799,EUR
10039,2025-01-24,161.4834,EUR
10039,2025-01-27,162.2549,EUR
10039,2025-01-28,160.8523,EUR
10039,2025-01-29,161.729,EUR
10039,2025-01-30,161.3526,EUR
10039,2025-01-31,162.9803,EUR
10039,2025-02-03,161.5853,EUR
10039,2025-02-04,161.2104,EUR
10039,2025-02-05,157.1632,EUR
10039,2025-02-06,158.3589,EUR
10039,2025-02-07,157.4922,EUR
10039,2025-02-10,159.8666,EUR
10039,2025-02-11,160.806,EUR
10039,2025-02-12,159.6691,EUR
10039,2025-02-13,157.2462,EUR
10039,2025-02-14,156.1861,EUR
10039,2025-02-17,158.141,EUR
10039,2025-02-18,156.7025,EUR
10039,2025-02-19,158.6899,EUR
10039,2025-02-20,160.9608,EUR
10039,2025-02-21,162.0809,EUR
10039,2025-02-24,163.5247,EUR
10039,2025-02-25,165.0782,EUR
10039,2025-02-26,165.2617,EUR
10039,2025-02-27,164.4096,EUR
10039,2025-02-28,163.9411,EUR
10039,2025-03-03,162.7819,EUR
10039,2025-03-04,166.6332,EUR
10039,2025-03-05,164.7587,EUR
10039,2025-03-06,164.9192,EUR
10039,2025-03-07,165.931,EUR
10039,2025-03-10,162.6202,EUR
10039,2025-03-11,161.6958,EUR
10039,2025-03-12,164.1268,EUR
10039,2025-03-13,166.5659,EUR
10039,2025-03-14,166.8222,EUR
10039,2025-03-17,167.2994,EUR
10039,2025-03-18,166.2974,EUR
10039,2025-03-19,165.418,EUR
10039,2025-03-20,166.1542,EUR
10039,2025-03-21,165.7256,EUR
10039,2025-03-24,167.1174,EUR
10039,2025-03-25,163.1235,EUR
10039,2025-03-26,164.0727,EUR
10039,2025-03-27,162.9283,EUR
10039,2025-03-28,165.803,EUR
10039,2025-03-31,164.4074,EUR
10039,2025-04-01,166.4907,EUR
10039,2025-04-02,169.8394,EUR
10039,2025-04-03,171.0246,EUR
10039,2025-04-04,169.3833,EUR
10039,2025-04-07,167.5766,EUR
10039,2025-04-08,166.7188,EUR
10039,2025-04-09,164.6195,EUR
10039,2025-04-10,163.9627,EUR
10039,2025-04-11,164.4703,EUR
10039,2025-04-14,164.4004,EUR
10039,2025-04-15,164.9266,EUR
10039,2025-04-16,164.5459,EUR
10039,2025-04-17,166.1602,EUR
10039,2025-04-18,165.3695,EUR
10039,2025-04-21,165.7042,EUR
10039,2025-04-22,169.0289,EUR
10039,2025-04-23,172.237,EUR
10039,2025-04-24,174.9235,EUR
10039,2025-04-25,176.2607,EUR
10039,2025-04-28,170.9354,EUR
10039,2025-04-29,171.7433,EUR
10039,2025-04-30,171.0451,EUR
10039,2025-05-01,169.9401,EUR
10039,2025-05-02,167.8788,EUR
10039,2025-05-05,167.034,EUR
10039,2025-05-06,165.6716,EUR
10039,2025-05-07,163.6153,EUR
10039,2025-05-08,163.0737,EUR
10039,2025-05-09,160.0928,EUR
10039,2025-05-12,161.4149,EUR
10039,2025-05-13,162.6966,EUR
10039,2025-05-14,162.5105,EUR
10039,2025-05-15,161.734,EUR
10039,2025-05-16,164.1838,EUR
10039,2025-05-19,165.8804,EUR
10039,2025-05-20,167.8728,EUR
10039,2025-05-21,166.1476,EUR
10039,2025-05-22,167.0463,EUR
10039,2025-05-23,168.2953,EUR
10039,2025-05-26,170.1239,EUR
10039,2025-05-27,170.5256,EUR
10039,2025-05-28,170.947,EUR
10039,2025-05-29,168.3384,EUR
10039,2025-05-30,165.3635,EUR
10039,2025-06-02,166.1248,EUR
10039,2025-06-03,166.089,EUR
10039,2025-06-04,165.1531,EUR
10039,2025-06-05,166.2702,EUR
10039,2025-06-06,168.6088,EUR
10039,2025-06-09,169.19,EUR
10039,2025-06-10,171.146,EUR
10039,2025-06-11,170.6358,EUR
10039,2025-06-12,172.4203,EUR
10039,2025-06-13,170.712,EUR
10039,2025-06-16,166.6908,EUR
10039,2025-06-17,166.4077,EUR
10039,2025-06-18,168.2645,EUR
10039,2025-06-19,166.7839,EUR
10039,2025-06-20,166.2736,EUR
10039,2025-06-23,165.2024,EUR
10039,2025-06-24,164.1368,EUR
10039,2025-06-25,165.5067,EUR
10039,2025-06-26,166.7991,EUR
10039,2025-06-27,165.9221,EUR
10039,2025-06-30,166.1806,EUR
10039,2025-07-01,163.7941,EUR
10039,2025-07-02,166.5199,EUR
10039,2025-07-03,165.5947,EUR
10039,2025-07-04,164.5601,EUR
10039,2025-07-07,161.7068,EUR
10039,2025-07-08,159.0797,EUR
10039,2025-07-09,161.3437,EUR
10039,2025-07-10,158.6376,EUR
10039,2025-07-11,156.3383,EUR
10039,2025-07-14,156.0135,EUR
10039,2025-07-15,159.0071,EUR
10039,2025-07-16,160.4567,EUR
10039,2025-07-17,157.8756,EUR
10039,2025-07-18,159.4209,EUR
10039,2025-07-21,160.865,EUR
10039,2025-07-22,161.0685,EUR
10039,2025-07-23,159.0503,EUR
10039,2025-07-24,157.8753,EUR
10039,2025-07-25,157.3585,EUR
10039,2025-07-28,153.8682,EUR
10039,2025-07-29,153.6888,EUR
10039,2025-07-30,154.271,EUR
10039,2025-07-31,156.6177,EUR
10039,2025-08-01,161.2492,EUR
10039,2025-08-04,159.1488,EUR
10039,2025-08-05,160.5185,EUR
10039,2025-08-06,159.9202,EUR
10039,2025-08-07,162.7218,EUR
10039,2025-08-08,161.6411,EUR
10039,2025-08-11,159.5134,EUR
10039,2025-08-12,162.9201,EUR
10039,2025-08-13,160.5297,EUR
10039,2025-08-14,160.3314,EUR
10039,2025-08-15,160.265,EUR
10039,2025-08-18,159.4627,EUR
10039,2025-08-19,159.5481,EUR
10039,2025-08-20,158.8508,EUR
10039,2025-08-21,154.1768,EUR
10039,2025-08-22,154.5941,EUR
10039,2025-08-25,153.4539,EUR
10039,2025-08-26,153.74,EUR
10039,2025-08-27,156.413,EUR
10039,2025-08-28,153.1829,EUR
10039,2025-08-29,152.3011,EUR
10039,2025-09-01,148.404,EUR
10039,2025-09-02,148.5535,EUR
10039,2025-09-03,149.0802,EUR
10039,2025-09-04,149.5389,EUR
10039,2025-09-05,152.2829,EUR
10039,2025-09-08,155.325,EUR
10039,2025-09-09,154.1211,EUR
10039,2025-09-10,154.5353,EUR
10039,2025-09-11,153.7718,EUR
10039,2025-09-12,152.3496,EUR
10039,2025-09-15,151.6167,EUR
10039,2025-09-16,152.3764,EUR
10039,2025-09-17,146.554,EUR
10039,2025-09-18,143.8565,EUR
10039,2025-09-19,147.6059,EUR
10039,2025-09-22,146.1223,EUR
10039,2025-09-23,145.0267,EUR
10039,2025-09-24,145.2284,EUR
10039,2025-09-25,146.8289,EUR
10039,2025-09-26,145.3789,EUR
10039,2025-09-29,142.259,EUR
10039,2025-09-30,142.5741,EUR
10039,2025-10-01,142.2276,EUR
10039,2025-10-02,141.0494,EUR
10039,2025-10-03,139.8505,EUR
10039,2025-10-06,139.2871,EUR
10039,2025-10-07,135.3079,EUR
10039,2025-10-08,133.1179,EUR
10039,2025-10-09,133.532,EUR
10039,2025-10-10,132.9345,EUR
10039,2025-10-13,134.8038,EUR
10039,2025-10-14,136.1012,EUR
10039,2025-10-15,136.8554,EUR
10039,2025-10-16,138.2983,EUR
10039,2025-10-17,135.8421,EUR
10039,2025-10-20,136.6925,EUR
10039,2025-10-21,135.5234,EUR
10039,2025-10-22,133.8268,EUR
10039,2025-10-23,133.8674,EUR
10039,2025-10-24,134.5517,EUR
10039,2025-10-27,133.7304,EUR
10039,2025-10-28,137.091,EUR
10039,2025-10-29,138.7621,EUR
10039,2025-10-30,137.5795,EUR
10039,2025-10-31,137.3561,EUR
10039,2025-11-03,135.7928,EUR
10039,2025-11-04,135.4783,EUR
10039,2025-11-05,133.539,EUR
10039,2025-11-06,134.3236,EUR
10039,2025-11-07,134.485,EUR
10039,2025-11-10,135.0227,EUR
10039,2025-11-11,131.5685,EUR
10039,2025-11-12,131.1406,EUR
10039,2025-11-13,132.092,EUR
10039,2025-11-14,132.1068,EUR
10039,2025-11-17,131.6548,EUR
10039,2025-11-18,130.4875,EUR
10039,2025-11-19,127.9271,EUR
10039,2025-11-20,126.8151,EUR
10039,2025-11-21,128.1877,EUR
10039,2025-11-24,128.3682,EUR
10039,2025-11-25,125.4948,EUR
10039,2025-11-26,125.742,EUR
10039,2025-11-27,125.963,EUR
10039,2025-11-28,125.035,EUR
10039,2025-12-01,124.8158,EUR
10039,2025-12-02,127.69,EUR
10039,2025-12-03,126.1988,EUR
10039,2025-12-04,126.9299,EUR
10039,2025-12-05,124.7146,EUR
10039,2025-12-08,125.0928,EUR
10039,2025-12-09,125.7422,EUR
10039,2025-12-10,126.2208,EUR
10039,2025-12-11,129.155,EUR
10039,2025-12-12,127.0066,EUR
10039,2025-12-15,129.995,EUR
10039,2025-12-16,131.8914,EUR
10039,2025-12-17,129.7839,EUR
10039,2025-12-18,131.538,EUR
10039,2025-12-19,129.4204,EUR
10039,2025-12-22,129.1174,EUR
10039,2025-12-23,129.7468,EUR
10039,2025-12-24,132.0822,EUR
10039,2025-12-25,134.4826,EUR
10039,2025-12-26,138.0632,EUR
10039,2025-12-29,143.4357,EUR
10039,2025-12-30,144.5975,EUR
10039,2025-12-31,144.9488,EUR
10040,2024-12-24,234.9504,CAD
10040,2024-12-25,238.858,CAD
10040,2024-12-26,237.1388,CAD
10040,2024-12-27,237.8743,CAD
10040,2024-12-30,238.1086,CAD
10040,2024-12-31,236.5273,CAD
10040,2025-01-01,238.6262,CAD
10040,2025-01-02,238.1284,CAD
10040,2025-01-03,237.6141,CAD
10040,2025-01-06,238.7838,CAD
10040,2025-01-07,237.7166,CAD
10040,2025-01-08,237.8626,CAD
10040,2025-01-09,236.5701,CAD
10040,2025-01-10,235.3583,CAD
10040,2025-01-13,234.3561,CAD
10040,2025-01-14,236.022,CAD
10040,2025-01-15,234.4531,CAD
10040,2025-01-16,227.8893,CAD
10040,2025-01-17,223.3675,CAD
10040,2025-01-20,223.0809,CAD
10040,2025-01-21,225.9118,CAD
10040,2025-01-22,224.983,CAD
10040,2025-01-23,225.9027,CAD
10040,2025-01-24,225.9261,CAD
10040,2025-01-27,220.3309,CAD
10040,2025-01-28,220.9353,CAD
10040,2025-01-29,225.1212,CAD
10040,2025-01-30,227.9526,CAD
10040,2025-01-31,224.1805,CAD
10040,2025-02-03,221.8911,CAD
10040,2025-02-04,222.3099,CAD
10040,2025-02-05,227.5297,CAD
10040,2025-02-06,223.2715,CAD
10040,2025-02-07,228.1778,CAD
10040,2025-02-10,228.6173,CAD
10040,2025-02-11,226.4151,CAD
10040,2025-02-12,227.5982,CAD
10040,2025-02-13,231.4172,CAD
10040,2025-02-14,233.2199,CAD
10040,2025-02-17,234.1446,CAD
10040,2025-02-18,232.6044,CAD
10040,2025-02-19,237.2736,CAD
10040,2025-02-20,234.8553,CAD
10040,2025-02-21,237.5702,CAD
10040,2025-02-24,241.0257,CAD
10040,2025-02-25,242.0293,CAD
10040,2025-02-26,240.7968,CAD
10040,2025-02-27,237.8033,CAD
10040,2025-02-28,234.6736,CAD
10040,2025-03-03,233.4282,CAD
10040,2025-03-04,228.3542,CAD
10040,2025-03-05,229.9819,CAD
10040,2025-03-06,229.4345,CAD
10040,2025-03-07,221.8556,CAD
10040,2025-03-10,216.4745,CAD
10040,2025-03-11,215.7013,CAD
10040,2025-03-12,209.9527,CAD
10040,2025-03-13,211.0114,CAD
10040,2025-03-14,206.2517,CAD
10040,2025-03-17,208.8772,CAD
10040,2025-03-18,216.2844,CAD
10040,2025-03-19,217.7951,CAD
10040,2025-03-20,212.8853,CAD
10040,2025-03-21,209.4651,CAD
10040,2025-03-24,206.3481,CAD
10040,2025-03-25,207.9185,CAD
10040,2025-03-26,205.2893,CAD
10040,2025-03-27,204.7952,CAD
10040,2025-03-28,205.9941,CAD
10040,2025-03-31,210.7623,CAD
10040,2025-04-01,211.9984,CAD
10040,2025-04-02,208.3382,CAD
10040,2025-04-03,204.6073,CAD
10040,2025-04-04,200.8415,CAD
10040,2025-04-07,206.6302,CAD
10040,2025-04-08,212.2895,CAD
10040,2025-04-09,210.1411,CAD
10040,2025-04-10,204.7591,CAD
10040,2025-04-11,207.6978,CAD
10040,2025-04-14,210.2242,CAD
10040,2025-04-15,212.8781,CAD
10040,2025-04-16,211.515,CAD
10040,2025-04-17,210.9586,CAD
10040,2025-04-18,207.6227,CAD
10040,2025-04-21,204.3857,CAD
10040,2025-04-22,206.829,CAD
10040,2025-04-23,198.3959,CAD
10040,2025-04-24,201.8676,CAD
10040,2025-04-25,200.4352,CAD
10040,2025-04-28,201.43,CAD
10040,2025-04-29,196.5214,CAD
10040,2025-04-30,200.5457,CAD
10040,2025-05-01,201.3753,CAD
10040,2025-05-02,202.7832,CAD
10040,2025-05-05,204.636,CAD
10040,2025-05-06,204.6187,CAD
10040,2025-05-07,205.5793,CAD
10040,2025-05-08,206.9065,CAD
10040,2025-05-09,204.2007,CAD
10040,2025-05-12,208.8145,CAD
10040,2025-05-13,205.2593,CAD
10040,2025-05-14,206.6396,CAD
10040,2025-05-15,214.3185,CAD
10040,2025-05-16,216.6668,CAD
10040,2025-05-19,214.6135,CAD
10040,2025-05-20,207.2171,CAD
10040,2025-05-21,202.1905,CAD
10040,2025-05-22,203.7575,CAD
10040,2025-05-23,205.5806,CAD
10040,2025-05-26,208.382,CAD
10040,2025-05-27,206.0766,CAD
10040,2025-05-28,205.5395,CAD
10040,2025-05-29,208.7075,CAD
10040,2025-05-30,203.9081,CAD
10040,2025-06-02,198.9758,CAD
10040,2025-06-03,195.2408,CAD
10040,2025-06-04,197.1069,CAD
10040,2025-06-05,192.442,CAD
10040,2025-06-06,187.3229,CAD
10040,2025-06-09,185.4061,CAD
10040,2025-06-10,181.8071,CAD
10040,2025-06-11,180.7823,CAD
10040,2025-06-12,177.9818,CAD
10040,2025-06-13,176.8435,CAD
10040,2025-06-16,179.8653,CAD
10040,2025-06-17,176.6635,CAD
10040,2025-06-18,174.3162,CAD
10040,2025-06-19,173.223,CAD
10040,2025-06-20,175.4971,CAD
10040,2025-06-23,175.7514,CAD
10040,2025-06-24,178.1165,CAD
10040,2025-06-25,180.625,CAD
10040,2025-06-26,176.6251,CAD
10040,2025-06-27,179.9048,CAD
10040,2025-06-30,176.5619,CAD
10040,2025-07-01,180.9512,CAD
10040,2025-07-02,179.7319,CAD
10040,2025-07-03,181.3611,CAD
10040,2025-07-04,181.6773,CAD
10040,2025-07-07,180.138,CAD
10040,2025-07-08,181.2138,CAD
10040,2025-07-09,184.7569,CAD
10040,2025-07-10,188.2697,CAD
10040,2025-07-11,182.4415,CAD
10040,2025-07-14,181.2774,CAD
10040,2025-07-15,180.7537,CAD
10040,2025-07-16,181.1875,CAD
10040,2025-07-17,177.0321,CAD
10040,2025-07-18,179.1335,CAD
10040,2025-07-21,184.7282,CAD
10040,2025-07-22,188.0838,CAD
10040,2025-07-23,187.0689,CAD
10040,2025-07-24,191.2232,CAD
10040,2025-07-25,183.1469,CAD
10040,2025-07-28,182.9277,CAD
10040,2025-07-29,185.1225,CAD
10040,2025-07-30,185.3296,CAD
10040,2025-07-31,191.0656,CAD
10040,2025-08-01,190.8663,CAD
10040,2025-08-04,187.1107,CAD
10040,2025-08-05,185.6499,CAD
10040,2025-08-06,185.6623,CAD
10040,2025-08-07,183.038,CAD
10040,2025-08-08,186.8199,CAD
10040,2025-08-11,184.5449,CAD
10040,2025-08-12,184.9883,CAD
10040,2025-08-13,186.1177,CAD
10040,2025-08-14,184.4218,CAD
10040,2025-08-15,188.772,CAD
10040,2025-08-18,182.2464,CAD
10040,2025-08-19,178.684,CAD
10040,2025-08-20,183.9078,CAD
10040,2025-08-21,187.8255,CAD
10040,2025-08-22,186.4291,CAD
10040,2025-08-25,186.3289,CAD
10040,2025-08-26,187.4862,CAD
10040,2025-08-27,187.0014,CAD
10040,2025-08-28,183.7974,CAD
10040,2025-08-29,180.8712,CAD
10040,2025-09-01,181.2286,CAD
10040,2025-09-02,184.9328,CAD
10040,2025-09-03,182.4267,CAD
10040,2025-09-04,190.42,CAD
10040,2025-09-05,188.9994,CAD
10040,2025-09-08,184.8406,CAD
10040,2025-09-09,189.2507,CAD
10040,2025-09-10,189.5267,CAD
10040,2025-09-11,192.1432,CAD
10040,2025-09-12,187.8629,CAD
10040,2025-09-15,183.3486,CAD
10040,2025-09-16,179.7341,CAD
10040,2025-09-17,179.6535,CAD
10040,2025-09-18,176.3456,CAD
10040,2025-09-19,175.2364,CAD
10040,2025-09-22,172.3373,CAD
10040,2025-09-23,169.1923,CAD
10040,2025-09-24,165.0622,CAD
10040,2025-09-25,168.5739,CAD
10040,2025-09-26,164.1366,CAD
10040,2025-09-29,162.786,CAD
10040,2025-09-30,160.8268,CAD
10040,2025-10-01,155.5161,CAD
10040,2025-10-02,156.7106,CAD
10040,2025-10-03,154.7315,CAD
10040,2025-10-06,154.7575,CAD
10040,2025-10-07,152.6031,CAD
10040,2025-10-08,158.8468,CAD
10040,2025-10-09,162.3901,CAD
10040,2025-10-10,164.5699,CAD
10040,2025-10-13,160.7037,CAD
10040,2025-10-14,160.5973,CAD
10040,2025-10-15,160.5472,CAD
10040,2025-10-16,162.7352,CAD
10040,2025-10-17,162.2698,CAD
10040,2025-10-20,162.2728,CAD
10040,2025-10-21,160.7794,CAD
10040,2025-10-22,157.9644,CAD
10040,2025-10-23,154.9436,CAD
10040,2025-10-24,155.9994,CAD
10040,2025-10-27,155.1103,CAD
10040,2025-10-28,155.8936,CAD
10040,2025-10-29,156.0308,CAD
10040,2025-10-30,156.5259,CAD
10040,2025-10-31,157.531,CAD
10040,2025-11-03,158.9734,CAD
10040,2025-11-04,160.5544,CAD
10040,2025-11-05,159.3979,CAD
10040,2025-11-06,162.3809,CAD
10040,2025-11-07,159.8893,CAD
10040,2025-11-10,163.0865,CAD
10040,2025-11-11,162.6035,CAD
10040,2025-11-12,165.0788,CAD
10040,2025-11-13,165.8299,CAD
10040,2025-11-14,165.2189,CAD
10040,2025-11-17,160.6674,CAD
10040,2025-11-18,157.9494,CAD
10040,2025-11-19,159.4412,CAD
10040,2025-11-20,158.074,CAD
10040,2025-11-21,156.7626,CAD
10040,2025-11-24,160.1501,CAD
10040,2025-11-25,162.5652,CAD
10040,2025-11-26,163.2398,CAD
10040,2025-11-27,163.5922,CAD
10040,2025-11-28,164.4225,CAD
10040,2025-12-01,164.3918,CAD
10040,2025-12-02,165.8475,CAD
10040,2025-12-03,166.58,CAD
10040,2025-12-04,170.3942,CAD
10040,2025-12-05,171.6571,CAD
10040,2025-12-08,174.0223,CAD
10040,2025-12-09,169.3562,CAD
10040,2025-12-10,170.2309,CAD
10040,2025-12-11,171.0359,CAD
10040,2025-12-12,164.1,CAD
10040,2025-12-15,168.3575,CAD
10040,2025-12-16,167.2111,CAD
10040,2025-12-17,167.638,CAD
10040,2025-12-18,166.8608,CAD
10040,2025-12-19,165.7658,CAD
10040,2025-12-22,166.1964,CAD
10040,2025-12-23,163.6459,CAD
10040,2025-12-24,162.049,CAD
10040,2025-12-25,162.2371,CAD
10040,2025-12-26,161.808,CAD
10040,2025-12-29,163.3654,CAD
10040,2025-12-30,163.5374,CAD
10040,2025-12-31,163.0105,CAD
10041,2024-12-24,188.4795,USD
10041,2024-12-25,188.3435,USD
10041,2024-12-26,183.8212,USD
10041,2024-12-27,182.3618,USD
10041,2024-12-30,183.1948,USD
10041,2024-12-31,184.3946,USD
10041,2025-01-01,186.1657,USD
10041,2025-01-02,189.2654,USD
10041,2025-01-03,190.8487,USD
10041,2025-01-06,189.8593,USD
10041,2025-01-07,192.729,USD
10041,2025-01-08,194.4338,USD
10041,2025-01-09,195.0567,USD
10041,2025-01-10,190.657,USD
10041,2025-01-13,191.1661,USD
10041,2025-01-14,192.4388,USD
10041,2025-01-15,193.9211,USD
10041,2025-01-16,196.3289,USD
10041,2025-01-17,200.0142,USD
10041,2025-01-20,197.5059,USD
10041,2025-01-21,198.4655,USD
10041,2025-01-22,197.3155,USD
10041,2025-01-23,199.2767,USD
10041,2025-01-24,200.2976,USD
10041,2025-01-27,200.7545,USD
10041,2025-01-28,197.8043,USD
10041,2025-01-29,200.8131,USD
10041,2025-01-30,200.0896,USD
10041,2025-01-31,196.4621,USD
10041,2025-02-03,197.4302,USD
10041,2025-02-04,199.8044,USD
10041,2025-02-05,200.0877,USD
10041,2025-02-06,199.0157,USD
10041,2025-02-07,200.5708,USD
10041,2025-02-10,198.7656,USD
10041,2025-02-11,197.198,USD
10041,2025-02-12,197.9983,USD
10041,2025-02-13,201.1339,USD
10041,2025-02-14,203.8967,USD
10041,2025-02-17,207.5069,USD
10041,2025-02-18,206.1,USD
10041,2025-02-19,204.2426,USD
10041,2025-02-20,201.7008,USD
10041,2025-02-21,200.8798,USD
10041,2025-02-24,200.0288,USD
10041,2025-02-25,200.0233,USD
10041,2025-02-26,199.1189,USD
10041,2025-02-27,202.8181,USD
10041,2025-02-28,201.0737,USD
10041,2025-03-03,199.7419,USD
10041,2025-03-04,203.0786,USD
10041,2025-03-05,203.7391,USD
10041,2025-03-06,201.2384,USD
10041,2025-03-07,197.4516,USD
10041,2025-03-10,199.7624,USD
10041,2025-03-11,202.9468,USD
10041,2025-03-12,200.0259,USD
10041,2025-03-13,201.6779,USD
10041,2025-03-14,192.4984,USD
10041,2025-03-17,192.9402,USD
10041,2025-03-18,196.727,USD
10041,2025-03-19,199.4545,USD
10041,2025-03-20,200.3572,USD
10041,2025-03-21,201.431,USD
10041,2025-03-24,201.8477,USD
10041,2025-03-25,205.2669,USD
10041,2025-03-26,205.6201,USD
10041,2025-03-27,206.6405,USD
10041,2025-03-28,203.4404,USD
10041,2025-03-31,204.5082,USD
10041,2025-04-01,204.1797,USD
10041,2025-04-02,203.2155,USD
10041,2025-04-03,202.8277,USD
10041,2025-04-04,206.1251,USD
10041,2025-04-07,207.3335,USD
10041,2025-04-08,211.0009,USD
10041,2025-04-09,210.0981,USD
10041,2025-04-10,207.5682,USD
10041,2025-04-11,204.1235,USD
10041,2025-04-14,207.4825,USD
10041,2025-04-15,208.566,USD
10041,2025-04-16,208.1928,USD
10041,2025-04-17,208.5079,USD
10041,2025-04-18,213.1184,USD
10041,2025-04-21,206.6592,USD
10041,2025-04-22,210.1347,USD
10041,2025-04-23,213.7521,USD
10041,2025-04-24,211.9248,USD
10041,2025-04-25,213.9845,USD
10041,2025-04-28,212.3124,USD
10041,2025-04-29,211.7375,USD
10041,2025-04-30,210.1101,USD
10041,2025-05-01,207.6441,USD
10041,2025-05-02,205.2207,USD
10041,2025-05-05,205.7534,USD
10041,2025-05-06,204.9825,USD
10041,2025-05-07,207.3426,USD
10041,2025-05-08,204.6409,USD
10041,2025-05-09,203.0303,USD
10041,2025-05-12,204.0317,USD
10041,2025-05-13,205.9191,USD
10041,2025-05-14,212.7149,USD
10041,2025-05-15,210.4735,USD
10041,2025-05-16,210.4475,USD
10041,2025-05-19,215.5161,USD
10041,2025-05-20,214.551,USD
10041,2025-05-21,219.0386,USD
10041,2025-05-22,216.0808,USD
10041,2025-05-23,217.9942,USD
10041,2025-05-26,216.8083,USD
10041,2025-05-27,219.5807,USD
10041,2025-05-28,218.7561,USD
10041,2025-05-29,213.465,USD
10041,2025-05-30,212.7417,USD
10041,2025-06-02,215.0039,USD
10041,2025-06-03,212.0157,USD
10041,2025-06-04,213.6325,USD
10041,2025-06-05,213.9557,USD
10041,2025-06-06,213.9125,USD
10041,2025-06-09,211.3633,USD
10041,2025-06-10,212.0941,USD
10041,2025-06-11,211.5681,USD
10041,2025-06-12,210.9865,USD
10041,2025-06-13,209.2753,USD
10041,2025-06-16,209.7226,USD
10041,2025-06-17,210.5473,USD
10041,2025-06-18,213.8307,USD
10041,2025-06-19,211.8981,USD
10041,2025-06-20,211.8148,USD
10041,2025-06-23,213.2754,USD
10041,2025-06-24,215.7033,USD
10041,2025-06-25,216.8181,USD
10041,2025-06-26,214.1768,USD
10041,2025-06-27,215.065,USD
10041,2025-06-30,211.9564,USD
10041,2025-07-01,209.2332,USD
10041,2025-07-02,210.7372,USD
10041,2025-07-03,213.0289,USD
10041,2025-07-04,215.0188,USD
10041,2025-07-07,208.8878,USD
10041,2025-07-08,206.9138,USD
10041,2025-07-09,207.4165,USD
10041,2025-07-10,206.4658,USD
10041,2025-07-11,210.8059,USD
10041,2025-07-14,212.8422,USD
10041,2025-07-15,209.721,USD
10041,2025-07-16,206.2852,USD
10041,2025-07-17,208.1594,USD
10041,2025-07-18,206.357,USD
10041,2025-07-21,209.6111,USD
10041,2025-07-22,204.3281,USD
10041,2025-07-23,201.993,USD
10041,2025-07-24,201.6697,USD
10041,2025-07-25,205.1271,USD
10041,2025-07-28,209.3757,USD
10041,2025-07-29,213.2595,USD
10041,2025-07-30,215.0419,USD
10041,2025-07-31,212.5905,USD
10041,2025-08-01,211.9492,USD
10041,2025-08-04,210.8359,USD
10041,2025-08-05,210.6124,USD
10041,2025-08-06,208.9546,USD
10041,2025-08-07,209.0842,USD
10041,2025-08-08,204.6123,USD
10041,2025-08-11,204.0012,USD
10041,2025-08-12,205.8999,USD
10041,2025-08-13,207.8178,USD
10041,2025-08-14,208.872,USD
10041,2025-08-15,209.2025,USD
10041,2025-08-18,205.2487,USD
10041,2025-08-19,203.269,USD
10041,2025-08-20,206.8491,USD
10041,2025-08-21,206.6067,USD
10041,2025-08-22,207.2704,USD
10041,2025-08-25,206.9663,USD
10041,2025-08-26,203.589,USD
10041,2025-08-27,203.779,USD
10041,2025-08-28,199.1178,USD
10041,2025-08-29,196.7955,USD
10041,2025-09-01,199.9393,USD
10041,2025-09-02,199.9028,USD
10041,2025-09-03,195.835,USD
10041,2025-09-04,195.4375,USD
10041,2025-09-05,195.2695,USD
10041,2025-09-08,197.4713,USD
10041,2025-09-09,197.572,USD
10041,2025-09-10,197.6585,USD
10041,2025-09-11,191.8802,USD
10041,2025-09-12,195.7385,USD
10041,2025-09-15,200.5562,USD
10041,2025-09-16,198.8532,USD
10041,2025-09-17,201.0453,USD
10041,2025-09-18,202.528,USD
10041,2025-09-19,201.6961,USD
10041,2025-09-22,201.5385,USD
10041,2025-09-23,201.1071,USD
10041,2025-09-24,196.9401,USD
10041,2025-09-25,197.1208,USD
10041,2025-09-26,198.0866,USD
10041,2025-09-29,195.0408,USD
10041,2025-09-30,197.2907,USD
10041,2025-10-01,197.2995,USD
10041,2025-10-02,199.4121,USD
10041,2025-10-03,199.017,USD
10041,2025-10-06,196.8084,USD
10041,2025-10-07,198.4684,USD
10041,2025-10-08,199.8186,USD
10041,2025-10-09,198.6844,USD
10041,2025-10-10,193.4143,USD
10041,2025-10-13,193.2453,USD
10041,2025-10-14,194.8543,USD
10041,2025-10-15,194.8425,USD
10041,2025-10-16,194.7644,USD
10041,2025-10-17,197.624,USD
10041,2025-10-20,194.8397,USD
10041,2025-10-21,196.0625,USD
10041,2025-10-22,196.8736,USD
10041,2025-10-23,202.8441,USD
10041,2025-10-24,201.4489,USD
10041,2025-10-27,200.2218,USD
10041,2025-10-28,203.4267,USD
10041,2025-10-29,200.1921,USD
10041,2025-10-30,200.7102,USD
10041,2025-10-31,201.0977,USD
10041,2025-11-03,201.4279,USD
10041,2025-11-04,204.3503,USD
10041,2025-11-05,205.5952,USD
10041,2025-11-06,205.8691,USD
10041,2025-11-07,208.1492,USD
10041,2025-11-10,207.7756,USD
10041,2025-11-11,207.3498,USD
10041,2025-11-12,207.5212,USD
10041,2025-11-13,205.7682,USD
10041,2025-11-14,203.5686,USD
10041,2025-11-17,200.0364,USD
10041,2025-11-18,202.676,USD
10041,2025-11-19,205.3836,USD
10041,2025-11-20,202.7025,USD
10041,2025-11-21,201.1216,USD
10041,2025-11-24,203.2685,USD
10041,2025-11-25,200.2153,USD
10041,2025-11-26,198.5026,USD
10041,2025-11-27,199.6142,USD
10041,2025-11-28,199.2512,USD
10041,2025-12-01,201.1411,USD
10041,2025-12-02,201.4049,USD
10041,2025-12-03,208.1073,USD
10041,2025-12-04,208.1533,USD
10041,2025-12-05,206.8355,USD
10041,2025-12-08,210.8139,USD
10041,2025-12-09,213.4651,USD
10041,2025-12-10,216.7449,USD
10041,2025-12-11,214.0825,USD
10041,2025-12-12,213.3676,USD
10041,2025-12-15,216.4475,USD
10041,2025-12-16,219.9596,USD
10041,2025-12-17,221.4316,USD
10041,2025-12-18,215.6115,USD
10041,2025-12-19,213.238,USD
10041,2025-12-22,218.5759,USD
10041,2025-12-23,214.94,USD
10041,2025-12-24,217.92,USD
10041,2025-12-25,217.5678,USD
10041,2025-12-26,217.4674,USD
10041,2025-12-29,215.6827,USD
10041,2025-12-30,212.6928,USD
10041,2025-12-31,212.0566,USD
10042,2024-12-24,65.6672,EUR
10042,2024-12-25,65.1113,EUR
10042,2024-12-26,64.8339,EUR
10042,2024-12-27,65.5761,EUR
10042,2024-12-30,64.7753,EUR
10042,2024-12-31,65.5919,EUR
10042,2025-01-01,63.3744,EUR
10042,2025-01-02,64.1042,EUR
10042,2025-01-03,62.6264,EUR
10042,2025-01-06,62.4581,EUR
10042,2025-01-07,62.0596,EUR
10042,2025-01-08,62.0965,EUR
10042,2025-01-09,62.6383,EUR
10042,2025-01-10,63.7114,EUR
10042,2025-01-13,64.1848,EUR
10042,2025-01-14,64.6526,EUR
10042,2025-01-15,64.752,EUR
10042,2025-01-16,66.4466,EUR
10042,2025-01-17,67.4801,EUR
10042,2025-01-20,67.8601,EUR
10042,2025-01-21,67.1982,EUR
10042,2025-01-22,67.0129,EUR
10042,2025-01-23,66.2143,EUR
10042,2025-01-24,65.1354,EUR
10042,2025-01-27,65.4196,EUR
10042,2025-01-28,66.0801,EUR
10042,2025-01-29,66.0601,EUR
10042,2025-01-30,65.8135,EUR
10042,2025-01-31,65.6774,EUR
10042,2025-02-03,65.9657,EUR
10042,2025-02-04,65.2002,EUR
10042,2025-02-05,65.4465,EUR
10042,2025-02-06,63.5883,EUR
10042,2025-02-07,63.7531,EUR
10042,2025-02-10,64.6192,EUR
10042,2025-02-11,66.2642,EUR
10042,2025-02-12,65.9403,EUR
10042,2025-02-13,67.8253,EUR
10042,2025-02-14,66.8176,EUR
10042,2025-02-17,65.3547,EUR
10042,2025-02-18,64.3972,EUR
10042,2025-02-19,65.0605,EUR
10042,2025-02-20,65.3294,EUR
10042,2025-02-21,64.6389,EUR
10042,2025-02-24,64.7795,EUR
10042,2025-02-25,63.5811,EUR
10042,2025-02-26,62.7605,EUR
10042,2025-02-27,61.8411,EUR
10042,2025-02-28,62.7934,EUR
10042,2025-03-03,61.9143,EUR
10042,2025-03-04,62.2914,EUR
10042,2025-03-05,61.1598,EUR
10042,2025-03-06,61.9196,EUR
10042,2025-03-07,62.3864,EUR
10042,2025-03-10,63.1667,EUR
10042,2025-03-11,61.8878,EUR
10042,2025-03-12,60.7011,EUR
10042,2025-03-13,60.6678,EUR
10042,2025-03-14,61.1372,EUR
10042,2025-03-17,60.714,EUR
10042,2025-03-18,60.4152,EUR
10042,2025-03-19,60.9393,EUR
10042,2025-03-20,59.7717,EUR
10042,2025-03-21,60.5872,EUR
10042,2025-03-24,59.9039,EUR
10042,2025-03-25,59.3956,EUR
10042,2025-03-26,58.8903,EUR
10042,2025-03-27,58.4682,EUR
10042,2025-03-28,59.0861,EUR
10042,2025-03-31,58.4795,EUR
10042,2025-04-01,59.7966,EUR
10042,2025-04-02,58.8614,EUR
10042,2025-04-03,58.0536,EUR
10042,2025-04-04,57.6937,EUR
10042,2025-04-07,57.2473,EUR
10042,2025-04-08,56.9668,EUR
10042,2025-04-09,57.1328,EUR
10042,2025-04-10,57.4591,EUR
10042,2025-04-11,57.8148,EUR
10042,2025-04-14,58.5777,EUR
10042,2025-04-15,58.5183,EUR
10042,2025-04-16,58.8219,EUR
10042,2025-04-17,58.8179,EUR
10042,2025-04-18,59.6042,EUR
10042,2025-04-21,60.6404,EUR
10042,2025-04-22,60.8861,EUR
10042,2025-04-23,59.796,EUR
10042,2025-04-24,59.9513,EUR
10042,2025-04-25,60.6848,EUR
10042,2025-04-28,61.3466,EUR
10042,2025-04-29,62.2817,EUR
10042,2025-04-30,63.7202,EUR
10042,2025-05-01,63.8741,EUR
10042,2025-05-02,62.5321,EUR
10042,2025-05-05,63.1475,EUR
10042,2025-05-06,63.955,EUR
10042,2025-05-07,64.978,EUR
10042,2025-05-08,64.2522,EUR
10042,2025-05-09,63.7676,EUR
10042,2025-05-12,62.852,EUR
10042,2025-05-13,63.3157,EUR
10042,2025-05-14,64.3402,EUR
10042,2025-05-15,64.6119,EUR
10042,2025-05-16,64.9593,EUR
10042,2025-05-19,64.3679,EUR
10042,2025-05-20,63.1488,EUR
10042,2025-05-21,63.8424,EUR
10042,2025-05-22,63.5435,EUR
10042,2025-05-23,63.6229,EUR
10042,2025-05-26,64.0415,EUR
10042,2025-05-27,63.5611,EUR
10042,2025-05-28,64.4754,EUR
10042,2025-05-29,65.4147,EUR
10042,2025-05-30,64.3855,EUR
10042,2025-06-02,64.8846,EUR
10042,2025-06-03,63.811,EUR
10042,2025-06-04,63.6832,EUR
10042,2025-06-05,62.3077,EUR
10042,2025-06-06,62.278,EUR
10042,2025-06-09,63.1627,EUR
10042,2025-06-10,63.5952,EUR
10042,2025-06-11,64.4783,EUR
10042,2025-06-12,63.6423,EUR
10042,2025-06-13,64.3535,EUR
10042,2025-06-16,62.822,EUR
10042,2025-06-17,63.9298,EUR
10042,2025-06-18,62.8885,EUR
10042,2025-06-19,63.4824,EUR
10042,2025-06-20,62.5525,EUR
10042,2025-06-23,62.1632,EUR
10042,2025-06-24,62.756,EUR
10042,2025-06-25,63.2518,EUR
10042,2025-06-26,62.6652,EUR
10042,2025-06-27,63.1964,EUR
10042,2025-06-30,63.7008,EUR
10042,2025-07-01,64.0191,EUR
10042,2025-07-02,63.4377,EUR
10042,2025-07-03,63.0611,EUR
10042,2025-07-04,63.673,EUR
10042,2025-07-07,64.1838,EUR
10042,2025-07-08,65.2305,EUR
10042,2025-07-09,64.1917,EUR
10042,2025-07-10,64.1582,EUR
10042,2025-07-11,63.371,EUR
10042,2025-07-14,62.4509,EUR
10042,2025-07-15,62.4136,EUR
10042,2025-07-16,63.8114,EUR
10042,2025-07-17,64.9407,EUR
10042,2025-07-18,65.1962,EUR
10042,2025-07-21,64.3117,EUR
10042,2025-07-22,65.4234,EUR
10042,2025-07-23,66.5692,EUR
10042,2025-07-24,66.958,EUR
10042,2025-07-25,66.8512,EUR
10042,2025-07-28,68.1736,EUR
10042,2025-07-29,69.1782,EUR
10042,2025-07-30,67.7345,EUR
10042,2025-07-31,67.9094,EUR
10042,2025-08-01,68.332,EUR
10042,2025-08-04,68.1238,EUR
10042,2025-08-05,68.3056,EUR
10042,2025-08-06,66.7078,EUR
10042,2025-08-07,68.5668,EUR
10042,2025-08-08,68.3206,EUR
10042,2025-08-11,69.1967,EUR
10042,2025-08-12,69.6627,EUR
10042,2025-08-13,68.8604,EUR
10042,2025-08-14,68.628,EUR
10042,2025-08-15,68.2427,EUR
10042,2025-08-18,69.7936,EUR
10042,2025-08-19,68.5134,EUR
10042,2025-08-20,68.7475,EUR
10042,2025-08-21,66.6104,EUR
10042,2025-08-22,66.5588,EUR
10042,2025-08-25,65.5239,EUR
10042,2025-08-26,65.4495,EUR
10042,2025-08-27,65.1281,EUR
10042,2025-08-28,64.9797,EUR
10042,2025-08-29,65.5391,EUR
10042,2025-09-01,66.7248,EUR
10042,2025-09-02,66.1003,EUR
10042,2025-09-03,66.7168,EUR
10042,2025-09-04,66.4642,EUR
10042,2025-09-05,67.0053,EUR
10042,2025-09-08,68.2152,EUR
10042,2025-09-09,67.7935,EUR
10042,2025-09-10,66.6332,EUR
10042,2025-09-11,65.9854,EUR
10042,2025-09-12,65.7072,EUR
10042,2025-09-15,65.3986,EUR
10042,2025-09-16,63.5861,EUR
10042,2025-09-17,62.4064,EUR
10042,2025-09-18,61.8079,EUR
10042,2025-09-19,61.7492,EUR
10042,2025-09-22,61.071,EUR
10042,2025-09-23,60.8637,EUR
10042,2025-09-24,59.9734,EUR
10042,2025-09-25,59.4928,EUR
10042,2025-09-26,57.6053,EUR
10042,2025-09-29,58.1251,EUR
10042,2025-09-30,57.241,EUR
10042,2025-10-01,56.7486,EUR
10042,2025-10-02,57.084,EUR
10042,2025-10-03,57.0264,EUR
10042,2025-10-06,57.0631,EUR
10042,2025-10-07,57.1479,EUR
10042,2025-10-08,56.4548,EUR
10042,2025-10-09,57.4411,EUR
10042,2025-10-10,56.6736,EUR
10042,2025-10-13,57.4451,EUR
10042,2025-10-14,57.1824,EUR
10042,2025-10-15,56.5272,EUR
10042,2025-10-16,57.6671,EUR
10042,2025-10-17,59.198,EUR
10042,2025-10-20,60.2133,EUR
10042,2025-10-21,60.8205,EUR
10042,2025-10-22,59.9264,EUR
10042,2025-10-23,61.1752,EUR
10042,2025-10-24,61.6445,EUR
10042,2025-10-27,61.9856,EUR
10042,2025-10-28,60.9094,EUR
10042,2025-10-29,59.3616,EUR
10042,2025-10-30,59.5552,EUR
10042,2025-10-31,59.1613,EUR
10042,2025-11-03,58.6851,EUR
10042,2025-11-04,58.4929,EUR
10042,2025-11-05,57.9138,EUR
10042,2025-11-06,58.7446,EUR
10042,2025-11-07,59.3228,EUR
10042,2025-11-10,59.1606,EUR
10042,2025-11-11,59.4308,EUR
10042,2025-11-12,58.9151,EUR
10042,2025-11-13,58.6761,EUR
10042,2025-11-14,58.4744,EUR
10042,2025-11-17,57.8856,EUR
10042,2025-11-18,55.687,EUR
10042,2025-11-19,55.9975,EUR
10042,2025-11-20,54.7687,EUR
10042,2025-11-21,53.6403,EUR
10042,2025-11-24,53.577,EUR
10042,2025-11-25,52.6492,EUR
10042,2025-11-26,52.8864,EUR
10042,2025-11-27,53.8827,EUR
10042,2025-11-28,53.8237,EUR
10042,2025-12-01,54.1461,EUR
10042,2025-12-02,53.6896,EUR
10042,2025-12-03,52.634,EUR
10042,2025-12-04,54.3652,EUR
10042,2025-12-05,54.373,EUR
10042,2025-12-08,53.9193,EUR
10042,2025-12-09,53.2145,EUR
10042,2025-12-10,52.6828,EUR
10042,2025-12-11,52.4893,EUR
10042,2025-12-12,51.6547,EUR
10042,2025-12-15,51.9937,EUR
10042,2025-12-16,52.4948,EUR
10042,2025-12-17,52.2,EUR
10042,2025-12-18,52.8547,EUR
10042,2025-12-19,53.4484,EUR
10042,2025-12-22,53.1811,EUR
10042,2025-12-23,52.6947,EUR
10042,2025-12-24,53.6517,EUR
10042,2025-12-25,53.9472,EUR
10042,2025-12-26,53.0445,EUR
10042,2025-12-29,52.7972,EUR
10042,2025-12-30,52.7019,EUR
10042,2025-12-31,52.2676,EUR
10043,2024-12-24,81.0919,CAD
10043,2024-12-25,78.2942,CAD
10043,2024-12-26,77.7075,CAD
10043,2024-12-27,78.5947,CAD
10043,2024-12-30,78.7153,CAD
10043,2024-12-31,78.5825,CAD
10043,2025-01-01,78.6625,CAD
10043,2025-01-02,77.7586,CAD
10043,2025-01-03,78.7746,CAD
10043,2025-01-06,80.0964,CAD
10043,2025-01-07,78.0257,CAD
10043,2025-01-08,74.9261,CAD
10043,2025-01-09,75.7822,CAD
10043,2025-01-10,72.3824,CAD
10043,2025-01-13,72.2818,CAD
10043,2025-01-14,72.1641,CAD
10043,2025-01-15,73.9849,CAD
10043,2025-01-16,73.2468,CAD
10043,2025-01-17,73.1509,CAD
10043,2025-01-20,71.859,CAD
10043,2025-01-21,72.1106,CAD
10043,2025-01-22,70.6189,CAD
10043,2025-01-23,70.9324,CAD
10043,2025-01-24,72.061,CAD
10043,2025-01-27,72.8153,CAD
10043,2025-01-28,72.3181,CAD
10043,2025-01-29,73.6206,CAD
10043,2025-01-30,73.9137,CAD
10043,2025-01-31,71.4279,CAD
10043,2025-02-03,70.6654,CAD
10043,2025-02-04,70.1166,CAD
10043,2025-02-05,71.1633,CAD
10043,2025-02-06,69.7819,CAD
10043,2025-02-07,69.9848,CAD
10043,2025-02-10,68.8101,CAD
10043,2025-02-11,69.7139,CAD
10043,2025-02-12,72.8298,CAD
10043,2025-02-13,73.2096,CAD
10043,2025-02-14,72.7205,CAD
10043,2025-02-17,71.6637,CAD
10043,2025-02-18,72.027,CAD
10043,2025-02-19,73.6406,CAD
10043,2025-02-20,75.1135,CAD
10043,2025-02-21,75.6007,CAD
10043,2025-02-24,77.5239,CAD
10043,2025-02-25,76.99,CAD
10043,2025-02-26,77.2817,CAD
10043,2025-02-27,77.571,CAD
10043,2025-02-28,78.6649,CAD
10043,2025-03-03,77.4667,CAD
10043,2025-03-04,77.3711,CAD
10043,2025-03-05,76.6701,CAD
10043,2025-03-06,77.5182,CAD
10043,2025-03-07,76.8281,CAD
10043,2025-03-10,76.3873,CAD
10043,2025-03-11,76.639,CAD
10043,2025-03-12,76.8369,CAD
10043,2025-03-13,76.7893,CAD
10043,2025-03-14,78.6048,CAD
10043,2025-03-17,78.9487,CAD
10043,2025-03-18,80.193,CAD
10043,2025-03-19,79.4756,CAD
10043,2025-03-20,78.5853,CAD
10043,2025-03-21,78.9828,CAD
10043,2025-03-24,81.1435,CAD
10043,2025-03-25,81.8651,CAD
10043,2025-03-26,79.63,CAD
10043,2025-03-27,79.9004,CAD
10043,2025-03-28,79.0504,CAD
10043,2025-03-31,80.8706,CAD
10043,2025-04-01,82.4846,CAD
10043,2025-04-02,81.8871,CAD
10043,2025-04-03,82.3708,CAD
10043,2025-04-04,82.7909,CAD
10043,2025-04-07,82.3403,CAD
10043,2025-04-08,83.6995,CAD
10043,2025-04-09,84.3447,CAD
10043,2025-04-10,81.9517,CAD
10043,2025-04-11,82.7554,CAD
10043,2025-04-14,82.2367,CAD
10043,2025-04-15,84.0831,CAD
10043,2025-04-16,84.4677,CAD
10043,2025-04-17,86.9058,CAD
10043,2025-04-18,85.3272,CAD
10043,2025-04-21,85.0542,CAD
10043,2025-04-22,87.8635,CAD
10043,2025-04-23,88.4799,CAD
10043,2025-04-24,89.3745,CAD
10043,2025-04-25,92.6828,CAD
10043,2025-04-28,92.2807,CAD
10043,2025-04-29,91.2262,CAD
10043,2025-04-30,91.0379,CAD
10043,2025-05-01,90.6751,CAD
10043,2025-05-02,89.4714,CAD
10043,2025-05-05,89.2899,CAD
10043,2025-05-06,90.8134,CAD
10043,2025-05-07,86.959,CAD
10043,2025-05-08,84.6904,CAD
10043,2025-05-09,85.0314,CAD
10043,2025-05-12,81.3669,CAD
10043,2025-05-13,79.488,CAD
10043,2025-05-14,79.2955,CAD
10043,2025-05-15,79.8705,CAD
10043,2025-05-16,80.1159,CAD
10043,2025-05-19,79.3768,CAD
10043,2025-05-20,79.837,CAD
10043,2025-05-21,80.7533,CAD
10043,2025-05-22,79.391,CAD
10043,2025-05-23,81.1659,CAD
10043,2025-05-26,79.0774,CAD
10043,2025-05-27,79.1506,CAD
10043,2025-05-28,79.5137,CAD
10043,2025-05-29,79.5273,CAD
10043,2025-05-30,77.7833,CAD
10043,2025-06-02,79.1261,CAD
10043,2025-06-03,79.8177,CAD
10043,2025-06-04,81.9103,CAD
10043,2025-06-05,82.7015,CAD
10043,2025-06-06,81.9428,CAD
10043,2025-06-09,82.6172,CAD
10043,2025-06-10,83.2513,CAD
10043,2025-06-11,82.0951,CAD
10043,2025-06-12,81.6599,CAD
10043,2025-06-13,81.6405,CAD
10043,2025-06-16,82.5463,CAD
10043,2025-06-17,83.6044,CAD
10043,2025-06-18,83.3104,CAD
10043,2025-06-19,83.7453,CAD
10043,2025-06-20,82.1291,CAD
10043,2025-06-23,82.19,CAD
10043,2025-06-24,84.1338,CAD
10043,2025-06-25,83.8393,CAD
10043,2025-06-26,81.7746,CAD
10043,2025-06-27,82.418,CAD
10043,2025-06-30,82.6935,CAD
10043,2025-07-01,81.5498,CAD
10043,2025-07-02,82.7265,CAD
10043,2025-07-03,83.5052,CAD
10043,2025-07-04,82.1894,CAD
10043,2025-07-07,82.3727,CAD
10043,2025-07-08,84.4823,CAD
10043,2025-07-09,84.1482,CAD
10043,2025-07-10,84.691,CAD
10043,2025-07-11,83.2387,CAD
10043,2025-07-14,83.6288,CAD
10043,2025-07-15,84.7186,CAD
10043,2025-07-16,83.955,CAD
10043,2025-07-17,84.1122,CAD
10043,2025-07-18,83.9256,CAD
10043,2025-07-21,82.9178,CAD
10043,2025-07-22,84.097,CAD
10043,2025-07-23,84.7224,CAD
10043,2025-07-24,84.9247,CAD
10043,2025-07-25,85.3678,CAD
10043,2025-07-28,84.2696,CAD
10043,2025-07-29,85.4655,CAD
10043,2025-07-30,86.6824,CAD
10043,2025-07-31,84.7626,CAD
10043,2025-08-01,83.3957,CAD
10043,2025-08-04,82.3557,CAD
10043,2025-08-05,83.3693,CAD
10043,2025-08-06,82.5501,CAD
10043,2025-08-07,82.7258,CAD
10043,2025-08-08,84.3642,CAD
10043,2025-08-11,83.9328,CAD
10043,2025-08-12,82.8415,CAD
10043,2025-08-13,81.6402,CAD
10043,2025-08-14,78.4422,CAD
10043,2025-08-15,78.057,CAD
10043,2025-08-18,76.9118,CAD
10043,2025-08-19,77.4441,CAD
10043,2025-08-20,79.8214,CAD
10043,2025-08-21,80.0473,CAD
10043,2025-08-22,79.3228,CAD
10043,2025-08-25,78.4407,CAD
10043,2025-08-26,77.8808,CAD
10043,2025-08-27,75.4017,CAD
10043,2025-08-28,74.6073,CAD
10043,2025-08-29,75.3001,CAD
10043,2025-09-01,74.7439,CAD
10043,2025-09-02,74.0631,CAD
10043,2025-09-03,75.3357,CAD
10043,2025-09-04,75.2907,CAD
10043,2025-09-05,77.7154,CAD
10043,2025-09-08,78.6464,CAD
10043,2025-09-09,83.5254,CAD
10043,2025-09-10,83.3618,CAD
10043,2025-09-11,85.0544,CAD
10043,2025-09-12,83.6843,CAD
10043,2025-09-15,82.5147,CAD
10043,2025-09-16,83.5827,CAD
10043,2025-09-17,83.0007,CAD
10043,2025-09-18,84.1206,CAD
10043,2025-09-19,80.6528,CAD
10043,2025-09-22,83.0813,CAD
10043,2025-09-23,84.8304,CAD
10043,2025-09-24,84.7205,CAD
10043,2025-09-25,84.457,CAD
10043,2025-09-26,85.5431,CAD
10043,2025-09-29,86.5451,CAD
10043,2025-09-30,85.793,CAD
10043,2025-10-01,87.4955,CAD
10043,2025-10-02,87.1314,CAD
10043,2025-10-03,87.5745,CAD
10043,2025-10-06,89.0297,CAD
10043,2025-10-07,90.2617,CAD
10043,2025-10-08,91.7979,CAD
10043,2025-10-09,91.8898,CAD
10043,2025-10-10,92.0364,CAD
10043,2025-10-13,90.3862,CAD
10043,2025-10-14,89.4444,CAD
10043,2025-10-15,89.1988,CAD
10043,2025-10-16,90.2858,CAD
10043,2025-10-17,91.2483,CAD
10043,2025-10-20,93.3577,CAD
10043,2025-10-21,91.9243,CAD
10043,2025-10-22,88.8841,CAD
10043,2025-10-23,91.6135,CAD
10043,2025-10-24,92.5209,CAD
10043,2025-10-27,92.312,CAD
10043,2025-10-28,93.1815,CAD
10043,2025-10-29,92.046,CAD
10043,2025-10-30,92.3712,CAD
10043,2025-10-31,91.773,CAD
10043,2025-11-03,90.4133,CAD
10043,2025-11-04,90.7239,CAD
10043,2025-11-05,91.0133,CAD
10043,2025-11-06,89.8661,CAD
10043,2025-11-07,91.0091,CAD
10043,2025-11-10,88.6571,CAD
10043,2025-11-11,90.7536,CAD
10043,2025-11-12,91.5996,CAD
10043,2025-11-13,90.2012,CAD
10043,2025-11-14,90.2089,CAD
10043,2025-11-17,90.973,CAD
10043,2025-11-18,90.2506,CAD
10043,2025-11-19,91.664,CAD
10043,2025-11-20,90.5774,CAD
10043,2025-11-21,90.0891,CAD
10043,2025-11-24,93.5679,CAD
10043,2025-11-25,93.2283,CAD
10043,2025-11-26,92.4,CAD
10043,2025-11-27,91.7818,CAD
10043,2025-11-28,92.4823,CAD
10043,2025-12-01,93.0408,CAD
10043,2025-12-02,92.1004,CAD
10043,2025-12-03,91.9408,CAD
10043,2025-12-04,93.8293,CAD
10043,2025-12-05,92.4443,CAD
10043,2025-12-08,95.4228,CAD
10043,2025-12-09,98.0365,CAD
10043,2025-12-10,97.9679,CAD
10043,2025-12-11,99.4446,CAD
10043,2025-12-12,100.2175,CAD
10043,2025-12-15,99.7354,CAD
10043,2025-12-16,98.8207,CAD
10043,2025-12-17,99.3968,CAD
10043,2025-12-18,99.4131,CAD
10043,2025-12-19,100.0,CAD
10043,2025-12-22,99.6272,CAD
10043,2025-12-23,100.9726,CAD
10043,2025-12-24,98.8906,CAD
10043,2025-12-25,98.4538,CAD
10043,2025-12-26,99.1383,CAD
10043,2025-12-29,99.3378,CAD
10043,2025-12-30,99.187,CAD
10043,2025-12-31,97.4542,CAD
10044,2024-12-24,69.5799,USD
10044,2024-12-25,70.5054,USD
10044,2024-12-26,71.1745,USD
10044,2024-12-27,70.3433,USD
10044,2024-12-30,71.9964,USD
10044,2024-12-31,72.3622,USD
10044,2025-01-01,71.8779,USD
10044,2025-01-02,72.4661,USD
10044,2025-01-03,72.7484,USD
10044,2025-01-06,73.4658,USD
10044,2025-01-07,74.9946,USD
10044,2025-01-08,77.2848,USD
10044,2025-01-09,75.7597,USD
10044,2025-01-10,75.8959,USD
10044,2025-01-13,74.3216,USD
10044,2025-01-14,73.2114,USD
10044,2025-01-15,71.9165,USD
10044,2025-01-16,72.0024,USD
10044,2025-01-17,71.8952,USD
10044,2025-01-20,70.5661,USD
10044,2025-01-21,71.4521,USD
10044,2025-01-22,71.1525,USD
10044,2025-01-23,69.9494,USD
10044,2025-01-24,70.5408,USD
10044,2025-01-27,70.4341,USD
10044,2025-01-28,71.14,USD
10044,2025-01-29,71.6096,USD
10044,2025-01-30,70.5116,USD
10044,2025-01-31,70.0988,USD
10044,2025-02-03,70.2169,USD
10044,2025-02-04,68.3753,USD
10044,2025-02-05,67.7926,USD
10044,2025-02-06,68.4977,USD
10044,2025-02-07,67.0567,USD
10044,2025-02-10,65.9844,USD
10044,2025-02-11,64.6067,USD
10044,2025-02-12,63.4829,USD
10044,2025-02-13,63.3561,USD
10044,2025-02-14,65.2268,USD
10044,2025-02-17,67.8189,USD
10044,2025-02-18,67.5447,USD
10044,2025-02-19,70.5677,USD
10044,2025-02-20,70.2469,USD
10044,2025-02-21,70.4631,USD
10044,2025-02-24,70.4475,USD
10044,2025-02-25,70.313,USD
10044,2025-02-26,71.1248,USD
10044,2025-02-27,72.6537,USD
10044,2025-02-28,73.925,USD
10044,2025-03-03,73.7278,USD
10044,2025-03-04,73.6645,USD
10044,2025-03-05,73.3502,USD
10044,2025-03-06,72.9202,USD
10044,2025-03-07,73.6648,USD
10044,2025-03-10,75.5338,USD
10044,2025-03-11,76.7302,USD
10044,2025-03-12,76.7765,USD
10044,2025-03-13,76.4137,USD
10044,2025-03-14,77.3228,USD
10044,2025-03-17,76.3618,USD
10044,2025-03-18,77.6784,USD
10044,2025-03-19,79.2832,USD
10044,2025-03-20,78.4767,USD
10044,2025-03-21,80.0127,USD
10044,2025-03-24,80.4091,USD
10044,2025-03-25,80.2708,USD
10044,2025-03-26,80.5023,USD
10044,2025-03-27,78.9772,USD
10044,2025-03-28,79.1616,USD
10044,2025-03-31,76.2556,USD
10044,2025-04-01,75.3265,USD
10044,2025-04-02,72.85,USD
10044,2025-04-03,74.8698,USD
10044,2025-04-04,76.7265,USD
10044,2025-04-07,79.8659,USD
10044,2025-04-08,77.8879,USD
10044,2025-04-09,79.867,USD
10044,2025-04-10,81.13,USD
10044,2025-04-11,80.6512,USD
10044,2025-04-14,80.2836,USD
10044,2025-04-15,79.278,USD
10044,2025-04-16,80.4922,USD
10044,2025-04-17,81.7434,USD
10044,2025-04-18,80.8425,USD
10044,2025-04-21,79.1479,USD
10044,2025-04-22,80.949,USD
10044,2025-04-23,83.8993,USD
10044,2025-04-24,83.2822,USD
10044,2025-04-25,83.6779,USD
10044,2025-04-28,84.6314,USD
10044,2025-04-29,88.1652,USD
10044,2025-04-30,88.3184,USD
10044,2025-05-01,88.9638,USD
10044,2025-05-02,89.0365,USD
10044,2025-05-05,90.8153,USD
10044,2025-05-06,91.7188,USD
10044,2025-05-07,91.5358,USD
10044,2025-05-08,91.3819,USD
10044,2025-05-09,87.08,USD
10044,2025-05-12,88.0798,USD
10044,2025-05-13,88.7143,USD
10044,2025-05-14,85.0268,USD
10044,2025-05-15,85.9859,USD
10044,2025-05-16,85.3671,USD
10044,2025-05-19,86.2334,USD
10044,2025-05-20,86.7733,USD
10044,2025-05-21,88.0135,USD
10044,2025-05-22,88.5874,USD
10044,2025-05-23,87.7531,USD
10044,2025-05-26,90.2288,USD
10044,2025-05-27,91.4772,USD
10044,2025-05-28,91.1759,USD
10044,2025-05-29,89.6821,USD
10044,2025-05-30,89.5249,USD
10044,2025-06-02,87.4265,USD
10044,2025-06-03,88.8304,USD
10044,2025-06-04,89.9215,USD
10044,2025-06-05,87.6675,USD
10044,2025-06-06,87.6963,USD
10044,2025-06-09,88.2099,USD
10044,2025-06-10,91.9829,USD
10044,2025-06-11,91.1462,USD
10044,2025-06-12,91.3244,USD
10044,2025-06-13,90.5299,USD
10044,2025-06-16,88.8674,USD
10044,2025-06-17,86.9482,USD
10044,2025-06-18,88.8864,USD
10044,2025-06-19,89.4704,USD
10044,2025-06-20,88.5169,USD
10044,2025-06-23,87.8347,USD
10044,2025-06-24,89.915,USD
10044,2025-06-25,88.618,USD
10044,2025-06-26,86.2714,USD
10044,2025-06-27,88.2891,USD
10044,2025-06-30,86.1706,USD
10044,2025-07-01,84.9778,USD
10044,2025-07-02,82.7689,USD
10044,2025-07-03,79.7305,USD
10044,2025-07-04,79.1328,USD
10044,2025-07-07,80.5526,USD
10044,2025-07-08,80.2001,USD
10044,2025-07-09,79.379,USD
10044,2025-07-10,79.1455,USD
10044,2025-07-11,78.6845,USD
10044,2025-07-14,78.7401,USD
10044,2025-07-15,78.3668,USD
10044,2025-07-16,77.2612,USD
10044,2025-07-17,78.7528,USD
10044,2025-07-18,78.3003,USD
10044,2025-07-21,77.9923,USD
10044,2025-07-22,77.9572,USD
10044,2025-07-23,76.6265,USD
10044,2025-07-24,75.9099,USD
10044,2025-07-25,76.0839,USD
10044,2025-07-28,75.4412,USD
10044,2025-07-29,75.7872,USD
10044,2025-07-30,76.0272,USD
10044,2025-07-31,75.5366,USD
10044,2025-08-01,75.288,USD
10044,2025-08-04,73.9711,USD
10044,2025-08-05,72.0945,USD
10044,2025-08-06,70.8978,USD
10044,2025-08-07,74.0872,USD
10044,2025-08-08,71.8178,USD
10044,2025-08-11,70.8144,USD
10044,2025-08-12,68.9949,USD
10044,2025-08-13,67.1615,USD
10044,2025-08-14,67.5829,USD
10044,2025-08-15,68.647,USD
10044,2025-08-18,69.8213,USD
10044,2025-08-19,69.7642,USD
10044,2025-08-20,67.951,USD
10044,2025-08-21,66.6665,USD
10044,2025-08-22,66.333,USD
10044,2025-08-25,63.9971,USD
10044,2025-08-26,62.0323,USD
10044,2025-08-27,61.0092,USD
10044,2025-08-28,61.6986,USD
10044,2025-08-29,63.6873,USD
10044,2025-09-01,64.6788,USD
10044,2025-09-02,63.939,USD
10044,2025-09-03,63.8323,USD
10044,2025-09-04,64.8628,USD
10044,2025-09-05,63.3114,USD
10044,2025-09-08,63.7613,USD
10044,2025-09-09,63.3937,USD
10044,2025-09-10,63.6999,USD
10044,2025-09-11,61.6147,USD
10044,2025-09-12,61.0835,USD
10044,2025-09-15,60.8607,USD
10044,2025-09-16,61.9587,USD
10044,2025-09-17,63.6814,USD
10044,2025-09-18,62.1083,USD
10044,2025-09-19,63.6186,USD
10044,2025-09-22,64.3182,USD
10044,2025-09-23,63.6773,USD
10044,2025-09-24,63.5991,USD
10044,2025-09-25,64.0032,USD
10044,2025-09-26,65.2838,USD
10044,2025-09-29,66.6584,USD
10044,2025-09-30,68.4818,USD
10044,2025-10-01,68.5058,USD
10044,2025-10-02,67.1404,USD
10044,2025-10-03,67.0905,USD
10044,2025-10-06,67.0296,USD
10044,2025-10-07,66.6966,USD
10044,2025-10-08,68.3539,USD
10044,2025-10-09,67.3432,USD
10044,2025-10-10,65.8404,USD
10044,2025-10-13,65.3148,USD
10044,2025-10-14,67.3838,USD
10044,2025-10-15,69.1423,USD
10044,2025-10-16,68.5382,USD
10044,2025-10-17,69.0805,USD
10044,2025-10-20,71.9365,USD
10044,2025-10-21,71.8488,USD
10044,2025-10-22,74.3902,USD
10044,2025-10-23,76.8812,USD
10044,2025-10-24,76.1521,USD
10044,2025-10-27,76.4007,USD
10044,2025-10-28,74.9218,USD
10044,2025-10-29,76.2173,USD
10044,2025-10-30,77.2751,USD
10044,2025-10-31,78.0109,USD
10044,2025-11-03,79.7603,USD
10044,2025-11-04,79.9976,USD
10044,2025-11-05,79.9541,USD
10044,2025-11-06,79.3304,USD
10044,2025-11-07,79.1928,USD
10044,2025-11-10,78.9319,USD
10044,2025-11-11,78.6452,USD
10044,2025-11-12,80.593,USD
10044,2025-11-13,82.0122,USD
10044,2025-11-14,81.3758,USD
10044,2025-11-17,79.6117,USD
10044,2025-11-18,81.196,USD
10044,2025-11-19,84.2962,USD
10044,2025-11-20,83.7111,USD
10044,2025-11-21,82.2856,USD
10044,2025-11-24,82.8077,USD
10044,2025-11-25,83.2058,USD
10044,2025-11-26,82.7079,USD
10044,2025-11-27,83.063,USD
10044,2025-11-28,82.8778,USD
10044,2025-12-01,80.7329,USD
10044,2025-12-02,80.025,USD
10044,2025-12-03,78.4132,USD
10044,2025-12-04,76.1954,USD
10044,2025-12-05,74.9354,USD
10044,2025-12-08,75.4451,USD
10044,2025-12-09,74.3435,USD
10044,2025-12-10,73.7361,USD
10044,2025-12-11,74.7129,USD
10044,2025-12-12,76.1922,USD
10044,2025-12-15,75.8116,USD
10044,2025-12-16,75.8413,USD
10044,2025-12-17,75.8406,USD
10044,2025-12-18,76.5185,USD
10044,2025-12-19,77.2257,USD
10044,2025-12-22,74.877,USD
10044,2025-12-23,75.8268,USD
10044,2025-12-24,75.7384,USD
10044,2025-12-25,75.5184,USD
10044,2025-12-26,73.0233,USD
10044,2025-12-29,77.1694,USD
10044,2025-12-30,76.2756,USD
10044,2025-12-31,77.1511,USD
10045,2024-12-24,65.8973,EUR
10045,2024-12-25,64.0445,EUR
10045,2024-12-26,63.1173,EUR
10045,2024-12-27,63.6746,EUR
10045,2024-12-30,62.1615,EUR
10045,2024-12-31,63.647,EUR
10045,2025-01-01,63.0078,EUR
10045,2025-01-02,61.7472,EUR
10045,2025-01-03,65.4045,EUR
10045,2025-01-06,65.3721,EUR
10045,2025-01-07,65.6254,EUR
10045,2025-01-08,65.2689,EUR
10045,2025-01-09,66.2123,EUR
10045,2025-01-10,64.8341,EUR
10045,2025-01-13,65.1603,EUR
10045,2025-01-14,64.7588,EUR
10045,2025-01-15,63.3004,EUR
10045,2025-01-16,64.2201,EUR
10045,2025-01-17,66.0226,EUR
10045,2025-01-20,66.4877,EUR
10045,2025-01-21,65.8643,EUR
10045,2025-01-22,66.9518,EUR
10045,2025-01-23,67.7012,EUR
10045,2025-01-24,66.5935,EUR
10045,2025-01-27,67.9688,EUR
10045,2025-01-28,68.1766,EUR
10045,2025-01-29,65.6495,EUR
10045,2025-01-30,66.8197,EUR
10045,2025-01-31,68.2957,EUR
10045,2025-02-03,68.0478,EUR
10045,2025-02-04,68.7887,EUR
10045,2025-02-05,69.7662,EUR
10045,2025-02-06,69.6082,EUR
10045,2025-02-07,72.7073,EUR
10045,2025-02-10,71.333,EUR
10045,2025-02-11,69.9555,EUR
10045,2025-02-12,69.8054,EUR
10045,2025-02-13,69.413,EUR
10045,2025-02-14,68.2954,EUR
10045,2025-02-17,67.2962,EUR
10045,2025-02-18,68.9811,EUR
10045,2025-02-19,69.1162,EUR
10045,2025-02-20,70.9682,EUR
10045,2025-02-21,71.2153,EUR
10045,2025-02-24,70.3848,EUR
10045,2025-02-25,70.4237,EUR
10045,2025-02-26,72.56,EUR
10045,2025-02-27,72.4018,EUR
10045,2025-02-28,72.8566,EUR
10045,2025-03-03,74.701,EUR
10045,2025-03-04,72.81,EUR
10045,2025-03-05,71.9757,EUR
10045,2025-03-06,71.0448,EUR
10045,2025-03-07,71.849,EUR
10045,2025-03-10,70.933,EUR
10045,2025-03-11,71.4294,EUR
10045,2025-03-12,70.5508,EUR
10045,2025-03-13,73.9888,EUR
10045,2025-03-14,73.3898,EUR
10045,2025-03-17,73.3011,EUR
10045,2025-03-18,72.9134,EUR
10045,2025-03-19,71.9314,EUR
10045,2025-03-20,71.7869,EUR
10045,2025-03-21,72.7,EUR
10045,2025-03-24,71.1932,EUR
10045,2025-03-25,72.9515,EUR
10045,2025-03-26,73.034,EUR
10045,2025-03-27,74.7937,EUR
10045,2025-03-28,72.5045,EUR
10045,2025-03-31,74.3328,EUR
10045,2025-04-01,73.9506,EUR
10045,2025-04-02,73.8408,EUR
10045,2025-04-03,71.9897,EUR
10045,2025-04-04,69.6535,EUR
10045,2025-04-07,67.3948,EUR
10045,2025-04-08,67.4113,EUR
10045,2025-04-09,65.7339,EUR
10045,2025-04-10,65.9188,EUR
10045,2025-04-11,66.5372,EUR
10045,2025-04-14,68.1094,EUR
10045,2025-04-15,67.6208,EUR
10045,2025-04-16,70.1195,EUR
10045,2025-04-17,70.6053,EUR
10045,2025-04-18,68.4423,EUR
10045,2025-04-21,69.2343,EUR
10045,2025-04-22,68.6507,EUR
10045,2025-04-23,69.4269,EUR
10045,2025-04-24,66.9416,EUR
10045,2025-04-25,66.7996,EUR
10045,2025-04-28,66.8064,EUR
10045,2025-04-29,66.0582,EUR
10045,2025-04-30,65.1252,EUR
10045,2025-05-01,65.9909,EUR
10045,2025-05-02,67.0023,EUR
10045,2025-05-05,65.3969,EUR
10045,2025-05-06,66.1148,EUR
10045,2025-05-07,65.5644,EUR
10045,2025-05-08,66.3422,EUR
10045,2025-05-09,67.1159,EUR
10045,2025-05-12,68.7823,EUR
10045,2025-05-13,68.2808,EUR
10045,2025-05-14,69.3908,EUR
10045,2025-05-15,67.0358,EUR
10045,2025-05-16,65.6715,EUR
10045,2025-05-19,67.0239,EUR
10045,2025-05-20,66.759,EUR
10045,2025-05-21,67.5542,EUR
10045,2025-05-22,66.228,EUR
10045,2025-05-23,66.2539,EUR
10045,2025-05-26,65.4684,EUR
10045,2025-05-27,62.6639,EUR
10045,2025-05-28,63.2027,EUR
10045,2025-05-29,63.5705,EUR
10045,2025-05-30,62.9059,EUR
10045,2025-06-02,63.7234,EUR
10045,2025-06-03,63.0291,EUR
10045,2025-06-04,64.0762,EUR
10045,2025-06-05,64.8767,EUR
10045,2025-06-06,65.8892,EUR
10045,2025-06-09,66.8504,EUR
10045,2025-06-10,67.9569,EUR
10045,2025-06-11,68.6782,EUR
10045,2025-06-12,67.1488,EUR
10045,2025-06-13,69.4451,EUR
10045,2025-06-16,70.9311,EUR
10045,2025-06-17,70.3509,EUR
10045,2025-06-18,73.5223,EUR
10045,2025-06-19,73.298,EUR
10045,2025-06-20,73.2233,EUR
10045,2025-06-23,74.099,EUR
10045,2025-06-24,75.5689,EUR
10045,2025-06-25,73.6518,EUR
10045,2025-06-26,73.1334,EUR
10045,2025-06-27,73.3834,EUR
10045,2025-06-30,73.5389,EUR
10045,2025-07-01,71.5386,EUR
10045,2025-07-02,70.4181,EUR
10045,2025-07-03,69.5326,EUR
10045,2025-07-04,69.4125,EUR
10045,2025-07-07,67.4585,EUR
10045,2025-07-08,68.0235,EUR
10045,2025-07-09,67.2728,EUR
10045,2025-07-10,69.4264,EUR
10045,2025-07-11,68.9801,EUR
10045,2025-07-14,67.0295,EUR
10045,2025-07-15,68.809,EUR
10045,2025-07-16,67.9536,EUR
10045,2025-07-17,67.8588,EUR
10045,2025-07-18,69.4868,EUR
10045,2025-07-21,69.2358,EUR
10045,2025-07-22,68.597,EUR
10045,2025-07-23,66.9359,EUR
10045,2025-07-24,67.6923,EUR
10045,2025-07-25,65.4606,EUR
10045,2025-07-28,64.2174,EUR
10045,2025-07-29,66.3207,EUR
10045,2025-07-30,65.0253,EUR
10045,2025-07-31,64.1042,EUR
10045,2025-08-01,62.7355,EUR
10045,2025-08-04,62.1914,EUR
10045,2025-08-05,63.807,EUR
10045,2025-08-06,65.1428,EUR
10045,2025-08-07,65.3487,EUR
10045,2025-08-08,65.6758,EUR
10045,2025-08-11,68.295,EUR
10045,2025-08-12,68.5712,EUR
10045,2025-08-13,69.0117,EUR
10045,2025-08-14,69.2238,EUR
10045,2025-08-15,69.738,EUR
10045,2025-08-18,69.8653,EUR
10045,2025-08-19,67.8042,EUR
10045,2025-08-20,67.5966,EUR
10045,2025-08-21,66.4943,EUR
10045,2025-08-22,67.837,EUR
10045,2025-08-25,67.1322,EUR
10045,2025-08-26,64.3811,EUR
10045,2025-08-27,65.8559,EUR
10045,2025-08-28,65.6966,EUR
10045,2025-08-29,62.9501,EUR
10045,2025-09-01,63.3607,EUR
10045,2025-09-02,62.7906,EUR
10045,2025-09-03,60.7502,EUR
10045,2025-09-04,61.8981,EUR
10045,2025-09-05,62.9541,EUR
10045,2025-09-08,61.9385,EUR
10045,2025-09-09,62.4193,EUR
10045,2025-09-10,62.7981,EUR
10045,2025-09-11,62.3229,EUR
10045,2025-09-12,62.0684,EUR
10045,2025-09-15,60.4056,EUR
10045,2025-09-16,60.5778,EUR
10045,2025-09-17,60.9901,EUR
10045,2025-09-18,61.8623,EUR
10045,2025-09-19,60.6371,EUR
10045,2025-09-22,61.3022,EUR
10045,2025-09-23,61.3854,EUR
10045,2025-09-24,60.8393,EUR
10045,2025-09-25,61.8106,EUR
10045,2025-09-26,59.4423,EUR
10045,2025-09-29,60.4535,EUR
10045,2025-09-30,61.151,EUR
10045,2025-10-01,61.9762,EUR
10045,2025-10-02,61.5823,EUR
10045,2025-10-03,61.1749,EUR
10045,2025-10-06,61.7694,EUR
10045,2025-10-07,60.0138,EUR
10045,2025-10-08,61.388,EUR
10045,2025-10-09,62.6375,EUR
10045,2025-10-10,62.0491,EUR
10045,2025-10-13,60.3833,EUR
10045,2025-10-14,61.6695,EUR
10045,2025-10-15,62.4975,EUR
10045,2025-10-16,60.3432,EUR
10045,2025-10-17,58.5038,EUR
10045,2025-10-20,59.4791,EUR
10045,2025-10-21,60.2905,EUR
10045,2025-10-22,58.6449,EUR
10045,2025-10-23,57.6279,EUR
10045,2025-10-24,57.0333,EUR
10045,2025-10-27,56.4937,EUR
10045,2025-10-28,58.0986,EUR
10045,2025-10-29,56.1871,EUR
10045,2025-10-30,57.5314,EUR
10045,2025-10-31,57.55,EUR
10045,2025-11-03,57.4183,EUR
10045,2025-11-04,56.5905,EUR
10045,2025-11-05,58.901,EUR
10045,2025-11-06,59.3198,EUR
10045,2025-11-07,58.7965,EUR
10045,2025-11-10,57.6001,EUR
10045,2025-11-11,59.4034,EUR
10045,2025-11-12,60.5713,EUR
10045,2025-11-13,60.1404,EUR
10045,2025-11-14,60.9834,EUR
10045,2025-11-17,62.0222,EUR
10045,2025-11-18,62.5271,EUR
10045,2025-11-19,63.2867,EUR
10045,2025-11-20,63.7368,EUR
10045,2025-11-21,62.5234,EUR
10045,2025-11-24,61.7043,EUR
10045,2025-11-25,62.8232,EUR
10045,2025-11-26,61.6714,EUR
10045,2025-11-27,60.7059,EUR
10045,2025-11-28,61.0071,EUR
10045,2025-12-01,60.4813,EUR
10045,2025-12-02,59.3861,EUR
10045,2025-12-03,60.016,EUR
10045,2025-12-04,60.542,EUR
10045,2025-12-05,60.4113,EUR
10045,2025-12-08,61.2257,EUR
10045,2025-12-09,61.8992,EUR
10045,2025-12-10,62.2466,EUR
10045,2025-12-11,63.7084,EUR
10045,2025-12-12,61.569,EUR
10045,2025-12-15,60.7209,EUR
10045,2025-12-16,60.2736,EUR
10045,2025-12-17,61.0355,EUR
10045,2025-12-18,61.026,EUR
10045,2025-12-19,60.752,EUR
10045,2025-12-22,61.214,EUR
10045,2025-12-23,62.5616,EUR
10045,2025-12-24,63.1918,EUR
10045,2025-12-25,61.9965,EUR
10045,2025-12-26,61.4623,EUR
10045,2025-12-29,63.2505,EUR
10045,2025-12-30,63.3486,EUR
10045,2025-12-31,59.7754,EUR
10046,2024-12-24,105.1549,EUR
10046,2024-12-25,107.2793,EUR
10046,2024-12-26,102.8652,EUR
10046,2024-12-27,100.7341,EUR
10046,2024-12-30,100.9203,EUR
10046,2024-12-31,100.6027,EUR
10046,2025-01-01,99.4555,EUR
10046,2025-01-02,99.0433,EUR
10046,2025-01-03,99.3279,EUR
10046,2025-01-06,98.0694,EUR
10046,2025-01-07,97.9964,EUR
10046,2025-01-08,97.037,EUR
10046,2025-01-09,96.1029,EUR
10046,2025-01-10,98.7928,EUR
10046,2025-01-13,99.3137,EUR
10046,2025-01-14,98.8755,EUR
10046,2025-01-15,99.5301,EUR
10046,2025-01-16,98.7394,EUR
10046,2025-01-17,98.0275,EUR
10046,2025-01-20,98.6336,EUR
10046,2025-01-21,100.6323,EUR
10046,2025-01-22,101.7766,EUR
10046,2025-01-23,102.2196,EUR
10046,2025-01-24,102.1575,EUR
10046,2025-01-27,101.6978,EUR
10046,2025-01-28,101.8859,EUR
10046,2025-01-29,102.0474,EUR
10046,2025-01-30,101.8772,EUR
10046,2025-01-31,101.9496,EUR
10046,2025-02-03,102.7248,EUR
10046,2025-02-04,101.7142,EUR
10046,2025-02-05,101.8021,EUR
10046,2025-02-06,102.3976,EUR
10046,2025-02-07,102.9061,EUR
10046,2025-02-10,104.8383,EUR
10046,2025-02-11,105.5168,EUR
10046,2025-02-12,107.8548,EUR
10046,2025-02-13,107.4362,EUR
10046,2025-02-14,106.9198,EUR
10046,2025-02-17,104.4593,EUR
10046,2025-02-18,103.6232,EUR
10046,2025-02-19,104.1964,EUR
10046,2025-02-20,103.8498,EUR
10046,2025-02-21,106.0808,EUR
10046,2025-02-24,105.5913,EUR
10046,2025-02-25,105.3784,EUR
10046,2025-02-26,105.5608,EUR
10046,2025-02-27,107.3058,EUR
10046,2025-02-28,107.5853,EUR
10046,2025-03-03,109.6286,EUR
10046,2025-03-04,112.1391,EUR
10046,2025-03-05,111.9451,EUR
10046,2025-03-06,113.0342,EUR
10046,2025-03-07,112.5461,EUR
10046,2025-03-10,113.0795,EUR
10046,2025-03-11,111.6324,EUR
10046,2025-03-12,110.1798,EUR
10046,2025-03-13,108.7903,EUR
10046,2025-03-14,107.8934,EUR
10046,2025-03-17,106.3812,EUR
10046,2025-03-18,105.2258,EUR
10046,2025-03-19,104.2302,EUR
10046,2025-03-20,102.9851,EUR
10046,2025-03-21,103.9611,EUR
10046,2025-03-24,101.3806,EUR
10046,2025-03-25,101.1419,EUR
10046,2025-03-26,101.459,EUR
10046,2025-03-27,103.4722,EUR
10046,2025-03-28,104.8433,EUR
10046,2025-03-31,106.8719,EUR
10046,2025-04-01,105.6175,EUR
10046,2025-04-02,107.9669,EUR
10046,2025-04-03,107.0526,EUR
10046,2025-04-04,108.1405,EUR
10046,2025-04-07,110.515,EUR
10046,2025-04-08,110.503,EUR
10046,2025-04-09,111.8175,EUR
10046,2025-04-10,112.4263,EUR
10046,2025-04-11,110.6469,EUR
10046,2025-04-14,109.9014,EUR
10046,2025-04-15,107.4336,EUR
10046,2025-04-16,106.7596,EUR
10046,2025-04-17,106.7115,EUR
10046,2025-04-18,108.7004,EUR
10046,2025-04-21,109.3426,EUR
10046,2025-04-22,108.4632,EUR
10046,2025-04-23,109.0905,EUR
10046,2025-04-24,106.6004,EUR
10046,2025-04-25,107.2332,EUR
10046,2025-04-28,107.479,EUR
10046,2025-04-29,106.985,EUR
10046,2025-04-30,106.5776,EUR
10046,2025-05-01,108.3594,EUR
10046,2025-05-02,109.7984,EUR
10046,2025-05-05,110.5602,EUR
10046,2025-05-06,109.2016,EUR
10046,2025-05-07,110.2373,EUR
10046,2025-05-08,109.7071,EUR
10046,2025-05-09,111.7253,EUR
10046,2025-05-12,112.127,EUR
10046,2025-05-13,111.9529,EUR
10046,2025-05-14,113.0498,EUR
10046,2025-05-15,110.7424,EUR
10046,2025-05-16,113.8209,EUR
10046,2025-05-19,114.737,EUR
10046,2025-05-20,113.5744,EUR
10046,2025-05-21,113.7329,EUR
10046,2025-05-22,112.5236,EUR
10046,2025-05-23,112.6197,EUR
10046,2025-05-26,111.8229,EUR
10046,2025-05-27,109.9014,EUR
10046,2025-05-28,113.722,EUR
10046,2025-05-29,113.2012,EUR
10046,2025-05-30,113.8802,EUR
10046,2025-06-02,112.8179,EUR
10046,2025-06-03,112.9307,EUR
10046,2025-06-04,117.4295,EUR
10046,2025-06-05,119.074,EUR
10046,2025-06-06,120.6531,EUR
10046,2025-06-09,119.2266,EUR
10046,2025-06-10,120.1711,EUR
10046,2025-06-11,119.4584,EUR
10046,2025-06-12,120.4639,EUR
10046,2025-06-13,120.5466,EUR
10046,2025-06-16,121.2291,EUR
10046,2025-06-17,121.5587,EUR
10046,2025-06-18,119.6849,EUR
10046,2025-06-19,121.3863,EUR
10046,2025-06-20,124.8459,EUR
10046,2025-06-23,123.7533,EUR
10046,2025-06-24,124.7287,EUR
10046,2025-06-25,123.2688,EUR
10046,2025-06-26,120.8405,EUR
10046,2025-06-27,122.4826,EUR
10046,2025-06-30,122.3286,EUR
10046,2025-07-01,122.1257,EUR
10046,2025-07-02,123.5373,EUR
10046,2025-07-03,126.3411,EUR
10046,2025-07-04,125.4897,EUR
10046,2025-07-07,125.278,EUR
10046,2025-07-08,121.6574,EUR
10046,2025-07-09,120.1825,EUR
10046,2025-07-10,117.9618,EUR
10046,2025-07-11,120.7314,EUR
10046,2025-07-14,121.0773,EUR
10046,2025-07-15,120.3621,EUR
10046,2025-07-16,116.5574,EUR
10046,2025-07-17,117.2694,EUR
10046,2025-07-18,116.566,EUR
10046,2025-07-21,116.3011,EUR
10046,2025-07-22,114.9792,EUR
10046,2025-07-23,114.0184,EUR
10046,2025-07-24,116.1412,EUR
10046,2025-07-25,116.6356,EUR
10046,2025-07-28,117.2938,EUR
10046,2025-07-29,116.4969,EUR
10046,2025-07-30,115.5741,EUR
10046,2025-07-31,114.9597,EUR
10046,2025-08-01,113.7806,EUR
10046,2025-08-04,113.9801,EUR
10046,2025-08-05,116.0386,EUR
10046,2025-08-06,119.1398,EUR
10046,2025-08-07,119.8995,EUR
10046,2025-08-08,118.9929,EUR
10046,2025-08-11,116.3036,EUR
10046,2025-08-12,114.7839,EUR
10046,2025-08-13,114.9474,EUR
10046,2025-08-14,114.9621,EUR
10046,2025-08-15,114.1554,EUR
10046,2025-08-18,114.2524,EUR
10046,2025-08-19,113.214,EUR
10046,2025-08-20,112.9893,EUR
10046,2025-08-21,112.8776,EUR
10046,2025-08-22,114.1935,EUR
10046,2025-08-25,111.6948,EUR
10046,2025-08-26,112.17,EUR
10046,2025-08-27,111.1476,EUR
10046,2025-08-28,113.2412,EUR
10046,2025-08-29,113.2164,EUR
10046,2025-09-01,113.1794,EUR
10046,2025-09-02,111.9442,EUR
10046,2025-09-03,112.0746,EUR
10046,2025-09-04,113.5563,EUR
10046,2025-09-05,113.8516,EUR
10046,2025-09-08,112.2918,EUR
10046,2025-09-09,109.3898,EUR
10046,2025-09-10,111.5287,EUR
10046,2025-09-11,108.7919,EUR
10046,2025-09-12,108.6444,EUR
10046,2025-09-15,112.4735,EUR
10046,2025-09-16,111.2528,EUR
10046,2025-09-17,111.3725,EUR
10046,2025-09-18,110.5617,EUR
10046,2025-09-19,107.811,EUR
10046,2025-09-22,106.9501,EUR
10046,2025-09-23,108.8227,EUR
10046,2025-09-24,110.1691,EUR
10046,2025-09-25,111.9095,EUR
10046,2025-09-26,111.7008,EUR
10046,2025-09-29,108.247,EUR
10046,2025-09-30,107.5656,EUR
10046,2025-10-01,106.5362,EUR
10046,2025-10-02,108.2822,EUR
10046,2025-10-03,107.2968,EUR
10046,2025-10-06,107.5955,EUR
10046,2025-10-07,107.3733,EUR
10046,2025-10-08,106.6458,EUR
10046,2025-10-09,110.1085,EUR
10046,2025-10-10,110.7538,EUR
10046,2025-10-13,113.0041,EUR
10046,2025-10-14,113.3722,EUR
10046,2025-10-15,114.0926,EUR
10046,2025-10-16,114.5407,EUR
10046,2025-10-17,114.1085,EUR
10046,2025-10-20,112.2245,EUR
10046,2025-10-21,112.5867,EUR
10046,2025-10-22,113.3817,EUR
10046,2025-10-23,116.689,EUR
10046,2025-10-24,114.9661,EUR
10046,2025-10-27,112.696,EUR
10046,2025-10-28,115.5381,EUR
10046,2025-10-29,114.7017,EUR
10046,2025-10-30,116.6921,EUR
10046,2025-10-31,116.762,EUR
10046,2025-11-03,118.4481,EUR
10046,2025-11-04,114.4846,EUR
10046,2025-11-05,117.4005,EUR
10046,2025-11-06,118.4103,EUR
10046,2025-11-07,118.7615,EUR
10046,2025-11-10,117.0078,EUR
10046,2025-11-11,117.4747,EUR
10046,2025-11-12,117.6412,EUR
10046,2025-11-13,119.7971,EUR
10046,2025-11-14,121.1988,EUR
10046,2025-11-17,121.4468,EUR
10046,2025-11-18,119.571,EUR
10046,2025-11-19,120.675,EUR
10046,2025-11-20,119.8989,EUR
10046,2025-11-21,120.8749,EUR
10046,2025-11-24,120.3928,EUR
10046,2025-11-25,117.8418,EUR
10046,2025-11-26,117.5397,EUR
10046,2025-11-27,117.7412,EUR
10046,2025-11-28,116.1386,EUR
10046,2025-12-01,114.1575,EUR
10046,2025-12-02,114.2516,EUR
10046,2025-12-03,111.2599,EUR
10046,2025-12-04,112.0769,EUR
10046,2025-12-05,110.7684,EUR
10046,2025-12-08,110.9505,EUR
10046,2025-12-09,109.1408,EUR
10046,2025-12-10,110.4525,EUR
10046,2025-12-11,112.2662,EUR
10046,2025-12-12,112.92,EUR
10046,2025-12-15,112.9234,EUR
10046,2025-12-16,113.7815,EUR
10046,2025-12-17,112.5647,EUR
10046,2025-12-18,114.7714,EUR
10046,2025-12-19,112.2628,EUR
10046,2025-12-22,113.1538,EUR
10046,2025-12-23,113.4279,EUR
10046,2025-12-24,114.7507,EUR
10046,2025-12-25,115.3166,EUR
10046,2025-12-26,117.0067,EUR
10046,2025-12-29,118.657,EUR
10046,2025-12-30,118.9766,EUR
10046,2025-12-31,119.7967,EUR
10047,2024-12-24,112.0892,EUR
10047,2024-12-25,111.764,EUR
10047,2024-12-26,112.2072,EUR
10047,2024-12-27,111.0119,EUR
10047,2024-12-30,109.5752,EUR
10047,2024-12-31,110.4468,EUR
10047,2025-01-01,110.7118,EUR
10047,2025-01-02,111.9138,EUR
10047,2025-01-03,111.9301,EUR
10047,2025-01-06,111.876,EUR
10047,2025-01-07,110.9903,EUR
10047,2025-01-08,108.0382,EUR
10047,2025-01-09,108.3623,EUR
10047,2025-01-10,108.98,EUR
10047,2025-01-13,108.1966,EUR
10047,2025-01-14,106.9049,EUR
10047,2025-01-15,107.1798,EUR
10047,2025-01-16,106.3274,EUR
10047,2025-01-17,104.9066,EUR
10047,2025-01-20,104.2291,EUR
10047,2025-01-21,103.4778,EUR
10047,2025-01-22,103.1436,EUR
10047,2025-01-23,103.675,EUR
10047,2025-01-24,104.667,EUR
10047,2025-01-27,102.1853,EUR
10047,2025-01-28,103.658,EUR
10047,2025-01-29,103.894,EUR
10047,2025-01-30,104.3738,EUR
10047,2025-01-31,106.0583,EUR
10047,2025-02-03,108.0554,EUR
10047,2025-02-04,107.7571,EUR
10047,2025-02-05,108.3828,EUR
10047,2025-02-06,108.8503,EUR
10047,2025-02-07,109.8309,EUR
10047,2025-02-10,110.5541,EUR
10047,2025-02-11,111.5668,EUR
10047,2025-02-12,110.0708,EUR
10047,2025-02-13,110.1898,EUR
10047,2025-02-14,110.9155,EUR
10047,2025-02-17,111.379,EUR
10047,2025-02-18,113.4164,EUR
10047,2025-02-19,113.5177,EUR
10047,2025-02-20,114.0989,EUR
10047,2025-02-21,113.5232,EUR
10047,2025-02-24,113.0046,EUR
10047,2025-02-25,113.8245,EUR
10047,2025-02-26,113.7191,EUR
10047,2025-02-27,114.4203,EUR
10047,2025-02-28,114.3482,EUR
10047,2025-03-03,116.2665,EUR
10047,2025-03-04,115.1903,EUR
10047,2025-03-05,115.7248,EUR
10047,2025-03-06,116.3232,EUR
10047,2025-03-07,116.9989,EUR
10047,2025-03-10,117.9425,EUR
10047,2025-03-11,121.4044,EUR
10047,2025-03-12,123.803,EUR
10047,2025-03-13,123.8882,EUR
10047,2025-03-14,126.0949,EUR
10047,2025-03-17,126.4508,EUR
10047,2025-03-18,127.0719,EUR
10047,2025-03-19,127.4617,EUR
10047,2025-03-20,127.2251,EUR
10047,2025-03-21,125.9852,EUR
10047,2025-03-24,127.7512,EUR
10047,2025-03-25,127.227,EUR
10047,2025-03-26,127.5668,EUR
10047,2025-03-27,126.8423,EUR
10047,2025-03-28,126.7851,EUR
10047,2025-03-31,125.8633,EUR
10047,2025-04-01,126.177,EUR
10047,2025-04-02,123.8295,EUR
10047,2025-04-03,125.2631,EUR
10047,2025-04-04,125.0385,EUR
10047,2025-04-07,124.4936,EUR
10047,2025-04-08,123.8657,EUR
10047,2025-04-09,124.4789,EUR
10047,2025-04-10,123.1516,EUR
10047,2025-04-11,122.83,EUR
10047,2025-04-14,123.713,EUR
10047,2025-04-15,123.6077,EUR
10047,2025-04-16,122.5504,EUR
10047,2025-04-17,122.5727,EUR
10047,2025-04-18,125.9529,EUR
10047,2025-04-21,127.7765,EUR
10047,2025-04-22,127.9687,EUR
10047,2025-04-23,128.1697,EUR
10047,2025-04-24,129.169,EUR
10047,2025-04-25,126.2482,EUR
10047,2025-04-28,128.6031,EUR
10047,2025-04-29,126.7326,EUR
10047,2025-04-30,124.9932,EUR
10047,2025-05-01,122.1866,EUR
10047,2025-05-02,122.1861,EUR
10047,2025-05-05,120.375,EUR
10047,2025-05-06,120.5277,EUR
10047,2025-05-07,118.9776,EUR
10047,2025-05-08,118.1403,EUR
10047,2025-05-09,117.4955,EUR
10047,2025-05-12,118.5586,EUR
10047,2025-05-13,119.6758,EUR
10047,2025-05-14,118.5912,EUR
10047,2025-05-15,119.189,EUR
10047,2025-05-16,118.6563,EUR
10047,2025-05-19,118.1578,EUR
10047,2025-05-20,118.3722,EUR
10047,2025-05-21,118.5468,EUR
10047,2025-05-22,116.8064,EUR
10047,2025-05-23,116.3404,EUR
10047,2025-05-26,118.3723,EUR
10047,2025-05-27,118.1271,EUR
10047,2025-05-28,118.4788,EUR
10047,2025-05-29,118.928,EUR
10047,2025-05-30,118.5307,EUR
10047,2025-06-02,118.3943,EUR
10047,2025-06-03,118.425,EUR
10047,2025-06-04,116.975,EUR
10047,2025-06-05,117.176,EUR
10047,2025-06-06,116.2395,EUR
10047,2025-06-09,116.4967,EUR
10047,2025-06-10,116.8071,EUR
10047,2025-06-11,115.9138,EUR
10047,2025-06-12,116.7599,EUR
10047,2025-06-13,117.1658,EUR
10047,2025-06-16,118.5105,EUR
10047,2025-06-17,117.439,EUR
10047,2025-06-18,118.7314,EUR
10047,2025-06-19,119.7673,EUR
10047,2025-06-20,119.4139,EUR
10047,2025-06-23,117.473,EUR
10047,2025-06-24,117.5,EUR
10047,2025-06-25,116.7378,EUR
10047,2025-06-26,115.7695,EUR
10047,2025-06-27,116.3015,EUR
10047,2025-06-30,118.4738,EUR
10047,2025-07-01,118.6752,EUR
10047,2025-07-02,119.863,EUR
10047,2025-07-03,123.5925,EUR
10047,2025-07-04,125.1366,EUR
10047,2025-07-07,124.0289,EUR
10047,2025-07-08,123.4577,EUR
10047,2025-07-09,122.5759,EUR
10047,2025-07-10,122.8787,EUR
10047,2025-07-11,123.5523,EUR
10047,2025-07-14,123.7015,EUR
10047,2025-07-15,125.4114,EUR
10047,2025-07-16,127.4463,EUR
10047,2025-07-17,127.3639,EUR
10047,2025-07-18,127.041,EUR
10047,2025-07-21,127.8451,EUR
10047,2025-07-22,129.2273,EUR
10047,2025-07-23,129.9887,EUR
10047,2025-07-24,131.6947,EUR
10047,2025-07-25,132.2055,EUR
10047,2025-07-28,133.335,EUR
10047,2025-07-29,132.8829,EUR
10047,2025-07-30,134.0163,EUR
10047,2025-07-31,135.4784,EUR
10047,2025-08-01,133.9745,EUR
10047,2025-08-04,134.8137,EUR
10047,2025-08-05,136.1335,EUR
10047,2025-08-06,135.6741,EUR
10047,2025-08-07,135.6718,EUR
10047,2025-08-08,134.3526,EUR
10047,2025-08-11,134.4009,EUR
10047,2025-08-12,136.3776,EUR
10047,2025-08-13,137.3982,EUR
10047,2025-08-14,140.1348,EUR
10047,2025-08-15,140.1994,EUR
10047,2025-08-18,139.1501,EUR
10047,2025-08-19,139.7918,EUR
10047,2025-08-20,138.9596,EUR
10047,2025-08-21,138.3274,EUR
10047,2025-08-22,139.9448,EUR
10047,2025-08-25,140.4393,EUR
10047,2025-08-26,142.6036,EUR
10047,2025-08-27,141.3427,EUR
10047,2025-08-28,142.8996,EUR
10047,2025-08-29,142.9358,EUR
10047,2025-09-01,143.1363,EUR
10047,2025-09-02,143.7271,EUR
10047,2025-09-03,144.1434,EUR
10047,2025-09-04,141.7713,EUR
10047,2025-09-05,142.8553,EUR
10047,2025-09-08,144.5945,EUR
10047,2025-09-09,143.0935,EUR
10047,2025-09-10,145.4241,EUR
10047,2025-09-11,146.9582,EUR
10047,2025-09-12,147.3627,EUR
10047,2025-09-15,145.282,EUR
10047,2025-09-16,147.1245,EUR
10047,2025-09-17,146.1655,EUR
10047,2025-09-18,146.0022,EUR
10047,2025-09-19,149.9596,EUR
10047,2025-09-22,150.6645,EUR
10047,2025-09-23,149.3594,EUR
10047,2025-09-24,150.8367,EUR
10047,2025-09-25,149.9965,EUR
10047,2025-09-26,149.8562,EUR
10047,2025-09-29,147.8657,EUR
10047,2025-09-30,147.4772,EUR
10047,2025-10-01,145.7805,EUR
10047,2025-10-02,146.1403,EUR
10047,2025-10-03,145.5751,EUR
10047,2025-10-06,144.7426,EUR
10047,2025-10-07,143.8744,EUR
10047,2025-10-08,145.1968,EUR
10047,2025-10-09,147.02,EUR
10047,2025-10-10,147.6983,EUR
10047,2025-10-13,148.403,EUR
10047,2025-10-14,148.8192,EUR
10047,2025-10-15,148.6676,EUR
10047,2025-10-16,150.0051,EUR
10047,2025-10-17,154.1211,EUR
10047,2025-10-20,155.2309,EUR
10047,2025-10-21,154.7261,EUR
10047,2025-10-22,155.7061,EUR
10047,2025-10-23,155.0414,EUR
10047,2025-10-24,153.1692,EUR
10047,2025-10-27,155.6957,EUR
10047,2025-10-28,155.2918,EUR
10047,2025-10-29,155.5731,EUR
10047,2025-10-30,155.348,EUR
10047,2025-10-31,157.777,EUR
10047,2025-11-03,157.3434,EUR
10047,2025-11-04,158.278,EUR
10047,2025-11-05,158.553,EUR
10047,2025-11-06,161.2047,EUR
10047,2025-11-07,161.1853,EUR
10047,2025-11-10,162.7111,EUR
10047,2025-11-11,164.6436,EUR
10047,2025-11-12,165.2682,EUR
10047,2025-11-13,165.7303,EUR
10047,2025-11-14,166.1315,EUR
10047,2025-11-17,168.4915,EUR
10047,2025-11-18,168.1634,EUR
10047,2025-11-19,166.5548,EUR
10047,2025-11-20,167.5386,EUR
10047,2025-11-21,165.8573,EUR
10047,2025-11-24,165.8714,EUR
10047,2025-11-25,166.7444,EUR
10047,2025-11-26,165.19,EUR
10047,2025-11-27,165.7823,EUR
10047,2025-11-28,166.773,EUR
10047,2025-12-01,168.1869,EUR
10047,2025-12-02,169.3235,EUR
10047,2025-12-03,172.048,EUR
10047,2025-12-04,172.3911,EUR
10047,2025-12-05,175.6962,EUR
10047,2025-12-08,177.2592,EUR
10047,2025-12-09,179.1617,EUR
10047,2025-12-10,180.1595,EUR
10047,2025-12-11,181.2894,EUR
10047,2025-12-12,180.4531,EUR
10047,2025-12-15,180.2678,EUR
10047,2025-12-16,177.6062,EUR
10047,2025-12-17,177.3211,EUR
10047,2025-12-18,177.9718,EUR
10047,2025-12-19,176.8071,EUR
10047,2025-12-22,177.1219,EUR
10047,2025-12-23,176.8849,EUR
10047,2025-12-24,178.7571,EUR
10047,2025-12-25,175.6161,EUR
10047,2025-12-26,176.2133,EUR
10047,2025-12-29,174.5584,EUR
10047,2025-12-30,175.1966,EUR
10047,2025-12-31,174.7399,EUR
10048,2024-12-24,148.5098,EUR
10048,2024-12-25,149.2924,EUR
10048,2024-12-26,149.5249,EUR
10048,2024-12-27,149.4064,EUR
10048,2024-12-30,148.5069,EUR
10048,2024-12-31,148.6055,EUR
10048,2025-01-01,148.9058,EUR
10048,2025-01-02,151.6289,EUR
10048,2025-01-03,148.8384,EUR
10048,2025-01-06,149.0983,EUR
10048,2025-01-07,147.9394,EUR
10048,2025-01-08,152.1002,EUR
10048,2025-01-09,156.6369,EUR
10048,2025-01-10,155.9659,EUR
10048,2025-01-13,158.0682,EUR
10048,2025-01-14,154.6887,EUR
10048,2025-01-15,157.8769,EUR
10048,2025-01-16,156.8106,EUR
10048,2025-01-17,154.5281,EUR
10048,2025-01-20,153.8973,EUR
10048,2025-01-21,154.6513,EUR
10048,2025-01-22,152.8493,EUR
10048,2025-01-23,150.1609,EUR
10048,2025-01-24,152.3709,EUR
10048,2025-01-27,151.4094,EUR
10048,2025-01-28,155.3874,EUR
10048,2025-01-29,153.8187,EUR
10048,2025-01-30,153.146,EUR
10048,2025-01-31,154.8172,EUR
10048,2025-02-03,154.156,EUR
10048,2025-02-04,152.9603,EUR
10048,2025-02-05,154.064,EUR
10048,2025-02-06,155.367,EUR
10048,2025-02-07,157.7008,EUR
10048,2025-02-10,158.1314,EUR
10048,2025-02-11,153.7225,EUR
10048,2025-02-12,154.4981,EUR
10048,2025-02-13,156.9898,EUR
10048,2025-02-14,155.0849,EUR
10048,2025-02-17,157.5828,EUR
10048,2025-02-18,156.34,EUR
10048,2025-02-19,156.4857,EUR
10048,2025-02-20,155.7821,EUR
10048,2025-02-21,154.1368,EUR
10048,2025-02-24,152.6491,EUR
10048,2025-02-25,154.3552,EUR
10048,2025-02-26,156.7306,EUR
10048,2025-02-27,155.7643,EUR
10048,2025-02-28,152.0708,EUR
10048,2025-03-03,151.4257,EUR
10048,2025-03-04,153.857,EUR
10048,2025-03-05,154.7499,EUR
10048,2025-03-06,154.2626,EUR
10048,2025-03-07,154.2023,EUR
10048,2025-03-10,152.2979,EUR
10048,2025-03-11,154.5382,EUR
10048,2025-03-12,156.8075,EUR
10048,2025-03-13,160.1326,EUR
10048,2025-03-14,161.0331,EUR
10048,2025-03-17,162.0394,EUR
10048,2025-03-18,163.6847,EUR
10048,2025-03-19,164.0376,EUR
10048,2025-03-20,164.0989,EUR
10048,2025-03-21,164.2119,EUR
10048,2025-03-24,162.1687,EUR
10048,2025-03-25,162.6076,EUR
10048,2025-03-26,164.3301,EUR
10048,2025-03-27,159.2189,EUR
10048,2025-03-28,162.5531,EUR
10048,2025-03-31,159.3084,EUR
10048,2025-04-01,158.2778,EUR
10048,2025-04-02,157.2672,EUR
10048,2025-04-03,155.6881,EUR
10048,2025-04-04,156.7796,EUR
10048,2025-04-07,158.101,EUR
10048,2025-04-08,157.6848,EUR
10048,2025-04-09,155.81,EUR
10048,2025-04-10,154.6842,EUR
10048,2025-04-11,158.5992,EUR
10048,2025-04-14,159.3705,EUR
10048,2025-04-15,163.5067,EUR
10048,2025-04-16,164.3791,EUR
10048,2025-04-17,167.4079,EUR
10048,2025-04-18,164.9779,EUR
10048,2025-04-21,164.7438,EUR
10048,2025-04-22,166.1113,EUR
10048,2025-04-23,170.0994,EUR
10048,2025-04-24,171.4871,EUR
10048,2025-04-25,171.3347,EUR
10048,2025-04-28,170.7275,EUR
10048,2025-04-29,174.4586,EUR
10048,2025-04-30,175.1333,EUR
10048,2025-05-01,174.0717,EUR
10048,2025-05-02,174.8792,EUR
10048,2025-05-05,174.1196,EUR
10048,2025-05-06,174.2994,EUR
10048,2025-05-07,175.4815,EUR
10048,2025-05-08,178.0284,EUR
10048,2025-05-09,177.3396,EUR
10048,2025-05-12,177.132,EUR
10048,2025-05-13,170.3662,EUR
10048,2025-05-14,168.1814,EUR
10048,2025-05-15,170.7334,EUR
10048,2025-05-16,169.8455,EUR
10048,2025-05-19,170.9547,EUR
10048,2025-05-20,169.7714,EUR
10048,2025-05-21,170.2391,EUR
10048,2025-05-22,172.6785,EUR
10048,2025-05-23,170.1328,EUR
10048,2025-05-26,171.8791,EUR
10048,2025-05-27,173.2383,EUR
10048,2025-05-28,170.6811,EUR
10048,2025-05-29,170.2236,EUR
10048,2025-05-30,169.0009,EUR
10048,2025-06-02,174.572,EUR
10048,2025-06-03,176.0134,EUR
10048,2025-06-04,176.197,EUR
10048,2025-06-05,174.7479,EUR
10048,2025-06-06,172.4174,EUR
10048,2025-06-09,170.2313,EUR
10048,2025-06-10,171.1571,EUR
10048,2025-06-11,168.3694,EUR
10048,2025-06-12,168.6004,EUR
10048,2025-06-13,166.8759,EUR
10048,2025-06-16,166.5389,EUR
10048,2025-06-17,167.4448,EUR
10048,2025-06-18,168.1705,EUR
10048,2025-06-19,166.8373,EUR
10048,2025-06-20,162.3464,EUR
10048,2025-06-23,160.8842,EUR
10048,2025-06-24,159.3476,EUR
10048,2025-06-25,158.0976,EUR
10048,2025-06-26,157.0291,EUR
10048,2025-06-27,162.031,EUR
10048,2025-06-30,165.942,EUR
10048,2025-07-01,167.5929,EUR
10048,2025-07-02,169.2522,EUR
10048,2025-07-03,165.9524,EUR
10048,2025-07-04,164.8754,EUR
10048,2025-07-07,168.7417,EUR
10048,2025-07-08,168.7671,EUR
10048,2025-07-09,170.0013,EUR
10048,2025-07-10,171.6562,EUR
10048,2025-07-11,171.4496,EUR
10048,2025-07-14,173.7927,EUR
10048,2025-07-15,173.6564,EUR
10048,2025-07-16,174.8946,EUR
10048,2025-07-17,179.2233,EUR
10048,2025-07-18,177.0642,EUR
10048,2025-07-21,179.4674,EUR
10048,2025-07-22,176.9972,EUR
10048,2025-07-23,176.7824,EUR
10048,2025-07-24,173.1459,EUR
10048,2025-07-25,173.444,EUR
10048,2025-07-28,175.521,EUR
10048,2025-07-29,171.8587,EUR
10048,2025-07-30,170.272,EUR
10048,2025-07-31,169.6598,EUR
10048,2025-08-01,169.5479,EUR
10048,2025-08-04,167.7427,EUR
10048,2025-08-05,171.4704,EUR
10048,2025-08-06,170.2805,EUR
10048,2025-08-07,167.7158,EUR
10048,2025-08-08,167.8882,EUR
10048,2025-08-11,168.5217,EUR
10048,2025-08-12,171.1778,EUR
10048,2025-08-13,171.1086,EUR
10048,2025-08-14,171.3417,EUR
10048,2025-08-15,171.7353,EUR
10048,2025-08-18,173.2942,EUR
10048,2025-08-19,173.6568,EUR
10048,2025-08-20,174.8841,EUR
10048,2025-08-21,171.8678,EUR
10048,2025-08-22,175.2601,EUR
10048,2025-08-25,173.5327,EUR
10048,2025-08-26,175.2379,EUR
10048,2025-08-27,177.7548,EUR
10048,2025-08-28,176.4872,EUR
10048,2025-08-29,175.135,EUR
10048,2025-09-01,177.9736,EUR
10048,2025-09-02,181.3386,EUR
10048,2025-09-03,183.5281,EUR
10048,2025-09-04,183.7005,EUR
10048,2025-09-05,182.3063,EUR
10048,2025-09-08,185.0275,EUR
10048,2025-09-09,186.9716,EUR
10048,2025-09-10,188.3874,EUR
10048,2025-09-11,191.1425,EUR
10048,2025-09-12,191.3598,EUR
10048,2025-09-15,190.3547,EUR
10048,2025-09-16,189.531,EUR
10048,2025-09-17,193.9516,EUR
10048,2025-09-18,193.5129,EUR
10048,2025-09-19,196.9601,EUR
10048,2025-09-22,198.3127,EUR
10048,2025-09-23,199.3241,EUR
10048,2025-09-24,200.9753,EUR
10048,2025-09-25,199.4929,EUR
10048,2025-09-26,199.9939,EUR
10048,2025-09-29,199.4974,EUR
10048,2025-09-30,196.7152,EUR
10048,2025-10-01,197.9238,EUR
10048,2025-10-02,193.4397,EUR
10048,2025-10-03,194.8359,EUR
10048,2025-10-06,196.066,EUR
10048,2025-10-07,196.8326,EUR
10048,2025-10-08,199.8803,EUR
10048,2025-10-09,200.7496,EUR
10048,2025-10-10,202.1009,EUR
10048,2025-10-13,202.7936,EUR
10048,2025-10-14,207.7729,EUR
10048,2025-10-15,207.1166,EUR
10048,2025-10-16,206.8024,EUR
10048,2025-10-17,205.4652,EUR
10048,2025-10-20,207.3166,EUR
10048,2025-10-21,206.0284,EUR
10048,2025-10-22,206.5406,EUR
10048,2025-10-23,210.5963,EUR
10048,2025-10-24,212.3966,EUR
10048,2025-10-27,214.7466,EUR
10048,2025-10-28,214.1212,EUR
10048,2025-10-29,209.9379,EUR
10048,2025-10-30,210.9269,EUR
10048,2025-10-31,201.7532,EUR
10048,2025-11-03,204.573,EUR
10048,2025-11-04,201.9001,EUR
10048,2025-11-05,197.1858,EUR
10048,2025-11-06,198.2743,EUR
10048,2025-11-07,199.5789,EUR
10048,2025-11-10,198.7777,EUR
10048,2025-11-11,200.3136,EUR
10048,2025-11-12,204.5547,EUR
10048,2025-11-13,205.3319,EUR
10048,2025-11-14,205.9753,EUR
10048,2025-11-17,205.729,EUR
10048,2025-11-18,206.8074,EUR
10048,2025-11-19,208.3622,EUR
10048,2025-11-20,208.3197,EUR
10048,2025-11-21,200.4849,EUR
10048,2025-11-24,200.6056,EUR
10048,2025-11-25,202.0643,EUR
10048,2025-11-26,203.7276,EUR
10048,2025-11-27,201.925,EUR
10048,2025-11-28,196.0145,EUR
10048,2025-12-01,196.2253,EUR
10048,2025-12-02,194.1226,EUR
10048,2025-12-03,194.8475,EUR
10048,2025-12-04,195.664,EUR
10048,2025-12-05,194.4822,EUR
10048,2025-12-08,196.4674,EUR
10048,2025-12-09,199.9666,EUR
10048,2025-12-10,200.7379,EUR
10048,2025-12-11,198.2178,EUR
10048,2025-12-12,198.4185,EUR
10048,2025-12-15,195.628,EUR
10048,2025-12-16,193.6534,EUR
10048,2025-12-17,192.4341,EUR
10048,2025-12-18,193.2358,EUR
10048,2025-12-19,192.3866,EUR
10048,2025-12-22,194.2851,EUR
10048,2025-12-23,196.3684,EUR
10048,2025-12-24,194.5357,EUR
10048,2025-12-25,193.1022,EUR
10048,2025-12-26,195.3674,EUR
10048,2025-12-29,196.3239,EUR
10048,2025-12-30,195.0575,EUR
10048,2025-12-31,196.8132,EUR
10049,2024-12-24,99.9831,CAD
10049,2024-12-25,100.0122,CAD
10049,2024-12-26,99.8748,CAD
10049,2024-12-27,100.5437,CAD
10049,2024-12-30,100.8236,CAD
10049,2024-12-31,100.7941,CAD
10049,2025-01-01,100.1317,CAD
10049,2025-01-02,99.9483,CAD
10049,2025-01-03,100.2094,CAD
10049,2025-01-06,100.2913,CAD
10049,2025-01-07,99.9502,CAD
10049,2025-01-08,100.1306,CAD
10049,2025-01-09,99.7978,CAD
10049,2025-01-10,100.2417,CAD
10049,2025-01-13,100.3704,CAD
10049,2025-01-14,101.0316,CAD
10049,2025-01-15,100.9543,CAD
10049,2025-01-16,100.7851,CAD
10049,2025-01-17,101.0668,CAD
10049,2025-01-20,100.6089,CAD
10049,2025-01-21,101.057,CAD
10049,2025-01-22,101.3116,CAD
10049,2025-01-23,102.1498,CAD
10049,2025-01-24,102.3219,CAD
10049,2025-01-27,102.0143,CAD
10049,2025-01-28,101.8989,CAD
10049,2025-01-29,102.0064,CAD
10049,2025-01-30,101.6951,CAD
10049,2025-01-31,101.4425,CAD
10049,2025-02-03,100.9671,CAD
10049,2025-02-04,100.6865,CAD
10049,2025-02-05,100.4359,CAD
10049,2025-02-06,100.8421,CAD
10049,2025-02-07,100.6187,CAD
10049,2025-02-10,100.1714,CAD
10049,2025-02-11,100.1036,CAD
10049,2025-02-12,100.1162,CAD
10049,2025-02-13,99.8741,CAD
10049,2025-02-14,100.3545,CAD
10049,2025-02-17,99.7758,CAD
10049,2025-02-18,99.4761,CAD
10049,2025-02-19,99.1035,CAD
10049,2025-02-20,99.4895,CAD
10049,2025-02-21,99.5038,CAD
10049,2025-02-24,99.4948,CAD
10049,2025-02-25,99.7357,CAD
10049,2025-02-26,99.5825,CAD
10049,2025-02-27,99.035,CAD
10049,2025-02-28,98.8897,CAD
10049,2025-03-03,98.8515,CAD
10049,2025-03-04,99.2283,CAD
10049,2025-03-05,98.5759,CAD
10049,2025-03-06,99.0321,CAD
10049,2025-03-07,99.7421,CAD
10049,2025-03-10,99.8028,CAD
10049,2025-03-11,99.1205,CAD
10049,2025-03-12,98.9443,CAD
10049,2025-03-13,98.9884,CAD
10049,2025-03-14,98.3567,CAD
10049,2025-03-17,98.4845,CAD
10049,2025-03-18,97.8242,CAD
10049,2025-03-19,97.5977,CAD
10049,2025-03-20,96.6065,CAD
10049,2025-03-21,97.0277,CAD
10049,2025-03-24,97.3219,CAD
10049,2025-03-25,97.0344,CAD
10049,2025-03-26,97.1428,CAD
10049,2025-03-27,97.6376,CAD
10049,2025-03-28,96.8243,CAD
10049,2025-03-31,97.1897,CAD
10049,2025-04-01,97.1167,CAD
10049,2025-04-02,96.9627,CAD
10049,2025-04-03,97.0443,CAD
10049,2025-04-04,96.8323,CAD
10049,2025-04-07,97.2412,CAD
10049,2025-04-08,96.6452,CAD
10049,2025-04-09,96.6842,CAD
10049,2025-04-10,97.2229,CAD
10049,2025-04-11,96.8705,CAD
10049,2025-04-14,97.8373,CAD
10049,2025-04-15,98.379,CAD
10049,2025-04-16,98.3004,CAD
10049,2025-04-17,98.7396,CAD
10049,2025-04-18,98.5116,CAD
10049,2025-04-21,98.3081,CAD
10049,2025-04-22,97.8677,CAD
10049,2025-04-23,98.1559,CAD
10049,2025-04-24,98.9428,CAD
10049,2025-04-25,99.2047,CAD
10049,2025-04-28,98.4256,CAD
10049,2025-04-29,97.9857,CAD
10049,2025-04-30,97.8879,CAD
10049,2025-05-01,97.498,CAD
10049,2025-05-02,97.1747,CAD
10049,2025-05-05,96.6894,CAD
10049,2025-05-06,96.8113,CAD
10049,2025-05-07,96.5563,CAD
10049,2025-05-08,96.6099,CAD
10049,2025-05-09,96.4675,CAD
10049,2025-05-12,96.7385,CAD
10049,2025-05-13,96.9635,CAD
10049,2025-05-14,96.9843,CAD
10049,2025-05-15,97.4168,CAD
10049,2025-05-16,97.1012,CAD
10049,2025-05-19,96.5331,CAD
10049,2025-05-20,96.1967,CAD
10049,2025-05-21,96.6174,CAD
10049,2025-05-22,96.069,CAD
10049,2025-05-23,96.2434,CAD
10049,2025-05-26,96.4126,CAD
10049,2025-05-27,96.7811,CAD
10049,2025-05-28,96.9503,CAD
10049,2025-05-29,97.6608,CAD
10049,2025-05-30,97.4886,CAD
10049,2025-06-02,97.367,CAD
10049,2025-06-03,97.4069,CAD
10049,2025-06-04,97.3565,CAD
10049,2025-06-05,97.2287,CAD
10049,2025-06-06,97.2078,CAD
10049,2025-06-09,97.3146,CAD
10049,2025-06-10,97.483,CAD
10049,2025-06-11,97.2594,CAD
10049,2025-06-12,96.7295,CAD
10049,2025-06-13,96.3276,CAD
10049,2025-06-16,96.4182,CAD
10049,2025-06-17,96.6407,CAD
10049,2025-06-18,96.3519,CAD
10049,2025-06-19,96.2503,CAD
10049,2025-06-20,96.2374,CAD
10049,2025-06-23,95.9679,CAD
10049,2025-06-24,95.6427,CAD
10049,2025-06-25,95.5414,CAD
10049,2025-06-26,95.5911,CAD
10049,2025-06-27,96.1894,CAD
10049,2025-06-30,96.325,CAD
10049,2025-07-01,95.885,CAD
10049,2025-07-02,96.1584,CAD
10049,2025-07-03,95.8358,CAD
10049,2025-07-04,95.8642,CAD
10049,2025-07-07,95.8365,CAD
10049,2025-07-08,95.3445,CAD
10049,2025-07-09,95.4,CAD
10049,2025-07-10,95.6492,CAD
10049,2025-07-11,95.5961,CAD
10049,2025-07-14,95.4929,CAD
10049,2025-07-15,95.4255,CAD
10049,2025-07-16,95.0954,CAD
10049,2025-07-17,95.6201,CAD
10049,2025-07-18,96.0542,CAD
10049,2025-07-21,96.3824,CAD
10049,2025-07-22,96.9573,CAD
10049,2025-07-23,97.2313,CAD
10049,2025-07-24,97.9529,CAD
10049,2025-07-25,98.4268,CAD
10049,2025-07-28,98.7144,CAD
10049,2025-07-29,98.4712,CAD
10049,2025-07-30,98.6695,CAD
10049,2025-07-31,99.1957,CAD
10049,2025-08-01,98.9354,CAD
10049,2025-08-04,98.9394,CAD
10049,2025-08-05,98.207,CAD
10049,2025-08-06,98.3012,CAD
10049,2025-08-07,98.0629,CAD
10049,2025-08-08,98.4589,CAD
10049,2025-08-11,98.1617,CAD
10049,2025-08-12,98.2387,CAD
10049,2025-08-13,98.1556,CAD
10049,2025-08-14,97.8645,CAD
10049,2025-08-15,97.7186,CAD
10049,2025-08-18,98.4607,CAD
10049,2025-08-19,98.13,CAD
10049,2025-08-20,97.6928,CAD
10049,2025-08-21,97.4471,CAD
10049,2025-08-22,97.6616,CAD
10049,2025-08-25,98.0481,CAD
10049,2025-08-26,97.9674,CAD
10049,2025-08-27,97.3236,CAD
10049,2025-08-28,96.9072,CAD
10049,2025-08-29,97.4991,CAD
10049,2025-09-01,97.3757,CAD
10049,2025-09-02,97.7027,CAD
10049,2025-09-03,98.0152,CAD
10049,2025-09-04,98.0677,CAD
10049,2025-09-05,98.1774,CAD
10049,2025-09-08,98.7145,CAD
10049,2025-09-09,97.4972,CAD
10049,2025-09-10,97.8153,CAD
10049,2025-09-11,98.1777,CAD
10049,2025-09-12,97.4971,CAD
10049,2025-09-15,97.5558,CAD
10049,2025-09-16,97.3685,CAD
10049,2025-09-17,97.7632,CAD
10049,2025-09-18,97.8257,CAD
10049,2025-09-19,98.322,CAD
10049,2025-09-22,97.77,CAD
10049,2025-09-23,97.5157,CAD
10049,2025-09-24,97.5322,CAD
10049,2025-09-25,97.9127,CAD
10049,2025-09-26,98.118,CAD
10049,2025-09-29,98.3958,CAD
10049,2025-09-30,98.7295,CAD
10049,2025-10-01,98.4786,CAD
10049,2025-10-02,98.7983,CAD
10049,2025-10-03,98.7474,CAD
10049,2025-10-06,98.31,CAD
10049,2025-10-07,98.7997,CAD
10049,2025-10-08,98.9097,CAD
10049,2025-10-09,98.5367,CAD
10049,2025-10-10,99.3834,CAD
10049,2025-10-13,99.2109,CAD
10049,2025-10-14,98.9165,CAD
10049,2025-10-15,99.0698,CAD
10049,2025-10-16,99.6094,CAD
10049,2025-10-17,100.4956,CAD
10049,2025-10-20,100.8451,CAD
10049,2025-10-21,101.3782,CAD
10049,2025-10-22,101.7413,CAD
10049,2025-10-23,101.0349,CAD
10049,2025-10-24,101.156,CAD
10049,2025-10-27,101.5251,CAD
10049,2025-10-28,101.3853,CAD
10049,2025-10-29,101.6122,CAD
10049,2025-10-30,101.4163,CAD
10049,2025-10-31,101.5564,CAD
10049,2025-11-03,102.2962,CAD
10049,2025-11-04,102.178,CAD
10049,2025-11-05,102.2527,CAD
10049,2025-11-06,102.7662,CAD
10049,2025-11-07,103.3879,CAD
10049,2025-11-10,103.8343,CAD
10049,2025-11-11,103.9983,CAD
10049,2025-11-12,104.1123,CAD
10049,2025-11-13,104.9621,CAD
10049,2025-11-14,104.5123,CAD
10049,2025-11-17,104.4136,CAD
10049,2025-11-18,104.6639,CAD
10049,2025-11-19,104.7393,CAD
10049,2025-11-20,104.6349,CAD
10049,2025-11-21,104.4777,CAD
10049,2025-11-24,105.0674,CAD
10049,2025-11-25,105.2125,CAD
10049,2025-11-26,105.2625,CAD
10049,2025-11-27,105.6358,CAD
10049,2025-11-28,105.8602,CAD
10049,2025-12-01,105.9625,CAD
10049,2025-12-02,105.3236,CAD
10049,2025-12-03,105.1057,CAD
10049,2025-12-04,104.9072,CAD
10049,2025-12-05,104.6584,CAD
10049,2025-12-08,104.2612,CAD
10049,2025-12-09,103.9018,CAD
10049,2025-12-10,103.7982,CAD
10049,2025-12-11,103.7045,CAD
10049,2025-12-12,103.7219,CAD
10049,2025-12-15,103.4471,CAD
10049,2025-12-16,103.4096,CAD
10049,2025-12-17,103.9271,CAD
10049,2025-12-18,103.9668,CAD
10049,2025-12-19,103.6554,CAD
10049,2025-12-22,103.5809,CAD
10049,2025-12-23,103.239,CAD
10049,2025-12-24,103.9361,CAD
10049,2025-12-25,103.4601,CAD
10049,2025-12-26,104.2296,CAD
10049,2025-12-29,104.0649,CAD
10049,2025-12-30,103.2989,CAD
10049,2025-12-31,103.7485,CAD
10050,2024-12-24,101.3439,EUR
10050,2024-12-25,101.2819,EUR
10050,2024-12-26,101.8021,EUR
10050,2024-12-27,101.5144,EUR
10050,2024-12-30,102.0404,EUR
10050,2024-12-31,101.9816,EUR
10050,2025-01-01,101.7154,EUR
10050,2025-01-02,101.4986,EUR
10050,2025-01-03,101.6311,EUR
10050,2025-01-06,101.5355,EUR
10050,2025-01-07,102.044,EUR
10050,2025-01-08,101.6778,EUR
10050,2025-01-09,101.7815,EUR
10050,2025-01-10,101.9229,EUR
10050,2025-01-13,100.8673,EUR
10050,2025-01-14,100.1538,EUR
10050,2025-01-15,100.2579,EUR
10050,2025-01-16,99.7759,EUR
10050,2025-01-17,100.2337,EUR
10050,2025-01-20,100.2909,EUR
10050,2025-01-21,100.0242,EUR
10050,2025-01-22,99.605,EUR
10050,2025-01-23,99.4019,EUR
10050,2025-01-24,99.4963,EUR
10050,2025-01-27,99.5245,EUR
10050,2025-01-28,100.0497,EUR
10050,2025-01-29,99.8618,EUR
10050,2025-01-30,99.8809,EUR
10050,2025-01-31,100.0062,EUR
10050,2025-02-03,100.2468,EUR
10050,2025-02-04,100.8128,EUR
10050,2025-02-05,101.3258,EUR
10050,2025-02-06,101.807,EUR
10050,2025-02-07,102.2002,EUR
10050,2025-02-10,102.0456,EUR
10050,2025-02-11,101.7629,EUR
10050,2025-02-12,101.9156,EUR
10050,2025-02-13,101.124,EUR
10050,2025-02-14,101.3385,EUR
10050,2025-02-17,101.5536,EUR
10050,2025-02-18,101.636,EUR
10050,2025-02-19,101.7409,EUR
10050,2025-02-20,100.8608,EUR
10050,2025-02-21,100.6455,EUR
10050,2025-02-24,100.613,EUR
10050,2025-02-25,100.8887,EUR
10050,2025-02-26,101.3248,EUR
10050,2025-02-27,100.8782,EUR
10050,2025-02-28,101.173,EUR
10050,2025-03-03,101.0208,EUR
10050,2025-03-04,100.5188,EUR
10050,2025-03-05,100.6977,EUR
10050,2025-03-06,100.486,EUR
10050,2025-03-07,100.8188,EUR
10050,2025-03-10,100.6521,EUR
10050,2025-03-11,99.4856,EUR
10050,2025-03-12,99.3564,EUR
10050,2025-03-13,99.832,EUR
10050,2025-03-14,99.8918,EUR
10050,2025-03-17,100.0987,EUR
10050,2025-03-18,100.4025,EUR
10050,2025-03-19,100.2337,EUR
10050,2025-03-20,99.796,EUR
10050,2025-03-21,100.0375,EUR
10050,2025-03-24,99.7272,EUR
10050,2025-03-25,99.7318,EUR
10050,2025-03-26,100.0692,EUR
10050,2025-03-27,100.4808,EUR
10050,2025-03-28,100.1145,EUR
10050,2025-03-31,100.8148,EUR
10050,2025-04-01,100.0984,EUR
10050,2025-04-02,100.2444,EUR
10050,2025-04-03,100.119,EUR
10050,2025-04-04,100.7063,EUR
10050,2025-04-07,99.8412,EUR
10050,2025-04-08,99.5069,EUR
10050,2025-04-09,99.8455,EUR
10050,2025-04-10,100.0539,EUR
10050,2025-04-11,100.4167,EUR
10050,2025-04-14,100.2208,EUR
10050,2025-04-15,99.9616,EUR
10050,2025-04-16,100.0031,EUR
10050,2025-04-17,99.932,EUR
10050,2025-04-18,99.6839,EUR
10050,2025-04-21,99.9669,EUR
10050,2025-04-22,99.5873,EUR
10050,2025-04-23,99.277,EUR
10050,2025-04-24,99.2789,EUR
10050,2025-04-25,99.8716,EUR
10050,2025-04-28,99.2902,EUR
10050,2025-04-29,99.3072,EUR
10050,2025-04-30,98.8834,EUR
10050,2025-05-01,99.0724,EUR
10050,2025-05-02,99.2152,EUR
10050,2025-05-05,99.2595,EUR
10050,2025-05-06,99.1993,EUR
10050,2025-05-07,97.7225,EUR
10050,2025-05-08,98.148,EUR
10050,2025-05-09,98.4486,EUR
10050,2025-05-12,98.3835,EUR
10050,2025-05-13,98.6465,EUR
10050,2025-05-14,98.4873,EUR
10050,2025-05-15,98.3864,EUR
10050,2025-05-16,98.508,EUR
10050,2025-05-19,97.8106,EUR
10050,2025-05-20,98.3821,EUR
10050,2025-05-21,98.468,EUR
10050,2025-05-22,98.7269,EUR
10050,2025-05-23,98.6852,EUR
10050,2025-05-26,99.0634,EUR
10050,2025-05-27,98.8017,EUR
10050,2025-05-28,98.8651,EUR
10050,2025-05-29,99.1959,EUR
10050,2025-05-30,98.9733,EUR
10050,2025-06-02,99.3646,EUR
10050,2025-06-03,98.2689,EUR
10050,2025-06-04,98.9254,EUR
10050,2025-06-05,98.1613,EUR
10050,2025-06-06,98.89,EUR
10050,2025-06-09,98.8605,EUR
10050,2025-06-10,98.994,EUR
10050,2025-06-11,98.8906,EUR
10050,2025-06-12,99.0574,EUR
10050,2025-06-13,98.7358,EUR
10050,2025-06-16,98.4239,EUR
10050,2025-06-17,98.0748,EUR
10050,2025-06-18,98.451,EUR
10050,2025-06-19,97.7683,EUR
10050,2025-06-20,98.1884,EUR
10050,2025-06-23,98.9415,EUR
10050,2025-06-24,99.1434,EUR
10050,2025-06-25,99.9503,EUR
10050,2025-06-26,100.5591,EUR
10050,2025-06-27,100.0375,EUR
10050,2025-06-30,99.775,EUR
10050,2025-07-01,99.7088,EUR
10050,2025-07-02,100.2311,EUR
10050,2025-07-03,99.7737,EUR
10050,2025-07-04,99.3659,EUR
10050,2025-07-07,99.5519,EUR
10050,2025-07-08,100.1606,EUR
10050,2025-07-09,99.4077,EUR
10050,2025-07-10,99.332,EUR
10050,2025-07-11,99.3945,EUR
10050,2025-07-14,99.3385,EUR
10050,2025-07-15,99.5696,EUR
10050,2025-07-16,99.6362,EUR
10050,2025-07-17,99.5532,EUR
10050,2025-07-18,99.5156,EUR
10050,2025-07-21,100.0331,EUR
10050,2025-07-22,99.1176,EUR
10050,2025-07-23,98.806,EUR
10050,2025-07-24,98.5793,EUR
10050,2025-07-25,98.9931,EUR
10050,2025-07-28,98.8184,EUR
10050,2025-07-29,99.1524,EUR
10050,2025-07-30,98.757,EUR
10050,2025-07-31,98.3114,EUR
10050,2025-08-01,98.8049,EUR
10050,2025-08-04,98.8571,EUR
10050,2025-08-05,98.3745,EUR
10050,2025-08-06,98.0075,EUR
10050,2025-08-07,98.1953,EUR
10050,2025-08-08,98.125,EUR
10050,2025-08-11,98.2351,EUR
10050,2025-08-12,98.1751,EUR
10050,2025-08-13,98.8925,EUR
10050,2025-08-14,98.4679,EUR
10050,2025-08-15,98.2925,EUR
10050,2025-08-18,97.9634,EUR
10050,2025-08-19,98.6414,EUR
10050,2025-08-20,98.9973,EUR
10050,2025-08-21,99.0664,EUR
10050,2025-08-22,99.0102,EUR
10050,2025-08-25,99.7752,EUR
10050,2025-08-26,99.8863,EUR
10050,2025-08-27,99.7792,EUR
10050,2025-08-28,99.4097,EUR
10050,2025-08-29,98.1497,EUR
10050,2025-09-01,98.5227,EUR
10050,2025-09-02,98.4491,EUR
10050,2025-09-03,97.8219,EUR
10050,2025-09-04,97.9752,EUR
10050,2025-09-05,97.2847,EUR
10050,2025-09-08,97.2733,EUR
10050,2025-09-09,97.0212,EUR
10050,2025-09-10,97.119,EUR
10050,2025-09-11,96.8217,EUR
10050,2025-09-12,97.0906,EUR
10050,2025-09-15,96.817,EUR
10050,2025-09-16,96.9723,EUR
10050,2025-09-17,96.2918,EUR
10050,2025-09-18,96.7296,EUR
10050,2025-09-19,96.8175,EUR
10050,2025-09-22,96.9499,EUR
10050,2025-09-23,97.6575,EUR
10050,2025-09-24,97.711,EUR
10050,2025-09-25,97.4663,EUR
10050,2025-09-26,97.4788,EUR
10050,2025-09-29,97.2401,EUR
10050,2025-09-30,97.5693,EUR
10050,2025-10-01,98.2351,EUR
10050,2025-10-02,98.6204,EUR
10050,2025-10-03,98.5473,EUR
10050,2025-10-06,98.2219,EUR
10050,2025-10-07,98.6815,EUR
10050,2025-10-08,98.6813,EUR
10050,2025-10-09,98.5067,EUR
10050,2025-10-10,98.6567,EUR
10050,2025-10-13,98.2519,EUR
10050,2025-10-14,98.9869,EUR
10050,2025-10-15,99.1274,EUR
10050,2025-10-16,98.9139,EUR
10050,2025-10-17,99.4055,EUR
10050,2025-10-20,99.1848,EUR
10050,2025-10-21,99.1982,EUR
10050,2025-10-22,99.6101,EUR
10050,2025-10-23,100.0547,EUR
10050,2025-10-24,100.1837,EUR
10050,2025-10-27,100.3949,EUR
10050,2025-10-28,100.2427,EUR
10050,2025-10-29,99.8772,EUR
10050,2025-10-30,100.6711,EUR
10050,2025-10-31,100.963,EUR
10050,2025-11-03,101.4056,EUR
10050,2025-11-04,101.4246,EUR
10050,2025-11-05,101.567,EUR
10050,2025-11-06,101.66,EUR
10050,2025-11-07,101.702,EUR
10050,2025-11-10,102.5248,EUR
10050,2025-11-11,102.349,EUR
10050,2025-11-12,102.2995,EUR
10050,2025-11-13,102.4444,EUR
10050,2025-11-14,102.1407,EUR
10050,2025-11-17,102.5562,EUR
10050,2025-11-18,103.0905,EUR
10050,2025-11-19,102.5338,EUR
10050,2025-11-20,102.0817,EUR
10050,2025-11-21,101.6305,EUR
10050,2025-11-24,100.9144,EUR
10050,2025-11-25,101.0466,EUR
10050,2025-11-26,101.8234,EUR
10050,2025-11-27,101.5106,EUR
10050,2025-11-28,101.3411,EUR
10050,2025-12-01,101.557,EUR
10050,2025-12-02,101.2906,EUR
10050,2025-12-03,101.169,EUR
10050,2025-12-04,101.0805,EUR
10050,2025-12-05,101.2381,EUR
10050,2025-12-08,101.8753,EUR
10050,2025-12-09,101.962,EUR
10050,2025-12-10,101.8273,EUR
10050,2025-12-11,101.9744,EUR
10050,2025-12-12,102.1284,EUR
10050,2025-12-15,101.8358,EUR
10050,2025-12-16,102.4133,EUR
10050,2025-12-17,102.3586,EUR
10050,2025-12-18,101.9859,EUR
10050,2025-12-19,101.5007,EUR
10050,2025-12-22,101.7272,EUR
10050,2025-12-23,101.4899,EUR
10050,2025-12-24,101.5272,EUR
10050,2025-12-25,101.7161,EUR
10050,2025-12-26,102.2975,EUR
10050,2025-12-29,103.0242,EUR
10050,2025-12-30,103.3072,EUR
10050,2025-12-31,102.5314,EUR
10051,2024-12-24,102.743,EUR
10051,2024-12-25,102.8675,EUR
10051,2024-12-26,103.121,EUR
10051,2024-12-27,102.9789,EUR
10051,2024-12-30,103.431,EUR
10051,2024-12-31,103.1725,EUR
10051,2025-01-01,103.5202,EUR
10051,2025-01-02,103.3902,EUR
10051,2025-01-03,103.1919,EUR
10051,2025-01-06,102.8384,EUR
10051,2025-01-07,103.1348,EUR
10051,2025-01-08,102.8055,EUR
10051,2025-01-09,102.9539,EUR
10051,2025-01-10,102.0968,EUR
10051,2025-01-13,102.4446,EUR
10051,2025-01-14,102.8941,EUR
10051,2025-01-15,103.0851,EUR
10051,2025-01-16,102.9121,EUR
10051,2025-01-17,102.5702,EUR
10051,2025-01-20,102.3208,EUR
10051,2025-01-21,102.5095,EUR
10051,2025-01-22,102.7105,EUR
10051,2025-01-23,103.0094,EUR
10051,2025-01-24,103.5748,EUR
10051,2025-01-27,103.1309,EUR
10051,2025-01-28,102.6739,EUR
10051,2025-01-29,101.8528,EUR
10051,2025-01-30,101.3362,EUR
10051,2025-01-31,101.563,EUR
10051,2025-02-03,101.5165,EUR
10051,2025-02-04,101.445,EUR
10051,2025-02-05,101.2361,EUR
10051,2025-02-06,101.112,EUR
10051,2025-02-07,101.0738,EUR
10051,2025-02-10,101.4988,EUR
10051,2025-02-11,101.4434,EUR
10051,2025-02-12,101.4371,EUR
10051,2025-02-13,101.9058,EUR
10051,2025-02-14,102.2662,EUR
10051,2025-02-17,102.5305,EUR
10051,2025-02-18,102.652,EUR
10051,2025-02-19,102.6071,EUR
10051,2025-02-20,102.4389,EUR
10051,2025-02-21,101.9649,EUR
10051,2025-02-24,101.4164,EUR
10051,2025-02-25,101.5619,EUR
10051,2025-02-26,100.891,EUR
10051,2025-02-27,100.5237,EUR
10051,2025-02-28,100.7654,EUR
10051,2025-03-03,100.7131,EUR
10051,2025-03-04,100.7275,EUR
10051,2025-03-05,100.5096,EUR
10051,2025-03-06,100.6332,EUR
10051,2025-03-07,100.2969,EUR
10051,2025-03-10,99.6332,EUR
10051,2025-03-11,99.8763,EUR
10051,2025-03-12,100.0571,EUR
10051,2025-03-13,99.816,EUR
10051,2025-03-14,99.7602,EUR
10051,2025-03-17,100.4649,EUR
10051,2025-03-18,99.9719,EUR
10051,2025-03-19,99.398,EUR
10051,2025-03-20,99.1395,EUR
10051,2025-03-21,98.9089,EUR
10051,2025-03-24,98.4663,EUR
10051,2025-03-25,99.2678,EUR
10051,2025-03-26,99.5397,EUR
10051,2025-03-27,99.6794,EUR
10051,2025-03-28,99.1193,EUR
10051,2025-03-31,98.864,EUR
10051,2025-04-01,98.5164,EUR
10051,2025-04-02,98.2735,EUR
10051,2025-04-03,98.45,EUR
10051,2025-04-04,98.5951,EUR
10051,2025-04-07,98.7143,EUR
10051,2025-04-08,99.3547,EUR
10051,2025-04-09,99.3648,EUR
10051,2025-04-10,99.698,EUR
10051,2025-04-11,99.6433,EUR
10051,2025-04-14,100.1815,EUR
10051,2025-04-15,100.0174,EUR
10051,2025-04-16,100.3476,EUR
10051,2025-04-17,100.4463,EUR
10051,2025-04-18,100.7184,EUR
10051,2025-04-21,100.3347,EUR
10051,2025-04-22,100.103,EUR
10051,2025-04-23,99.9268,EUR
10051,2025-04-24,99.4335,EUR
10051,2025-04-25,100.0822,EUR
10051,2025-04-28,99.8887,EUR
10051,2025-04-29,99.5152,EUR
10051,2025-04-30,99.7825,EUR
10051,2025-05-01,100.099,EUR
10051,2025-05-02,100.3302,EUR
10051,2025-05-05,100.4849,EUR
10051,2025-05-06,100.454,EUR
10051,2025-05-07,99.5491,EUR
10051,2025-05-08,100.6927,EUR
10051,2025-05-09,100.5221,EUR
10051,2025-05-12,100.6199,EUR
10051,2025-05-13,100.5083,EUR
10051,2025-05-14,100.1585,EUR
10051,2025-05-15,99.9344,EUR
10051,2025-05-16,99.9556,EUR
10051,2025-05-19,100.3476,EUR
10051,2025-05-20,100.3251,EUR
10051,2025-05-21,100.6667,EUR
10051,2025-05-22,101.0573,EUR
10051,2025-05-23,100.0472,EUR
10051,2025-05-26,100.0054,EUR
10051,2025-05-27,100.3773,EUR
10051,2025-05-28,100.7806,EUR
10051,2025-05-29,100.8501,EUR
10051,2025-05-30,100.5792,EUR
10051,2025-06-02,100.5999,EUR
10051,2025-06-03,100.3968,EUR
10051,2025-06-04,100.0731,EUR
10051,2025-06-05,100.2359,EUR
10051,2025-06-06,100.3446,EUR
10051,2025-06-09,100.5578,EUR
10051,2025-06-10,100.4827,EUR
10051,2025-06-11,100.4292,EUR
10051,2025-06-12,100.2945,EUR
10051,2025-06-13,100.493,EUR
10051,2025-06-16,101.436,EUR
10051,2025-06-17,101.1139,EUR
10051,2025-06-18,101.0518,EUR
10051,2025-06-19,101.4192,EUR
10051,2025-06-20,102.2287,EUR
10051,2025-06-23,102.2272,EUR
10051,2025-06-24,101.5014,EUR
10051,2025-06-25,101.4368,EUR
10051,2025-06-26,101.7543,EUR
10051,2025-06-27,101.8641,EUR
10051,2025-06-30,102.1752,EUR
10051,2025-07-01,101.3565,EUR
10051,2025-07-02,100.9883,EUR
10051,2025-07-03,100.7932,EUR
10051,2025-07-04,100.1017,EUR
10051,2025-07-07,100.7928,EUR
10051,2025-07-08,100.7366,EUR
10051,2025-07-09,100.8351,EUR
10051,2025-07-10,101.1696,EUR
10051,2025-07-11,101.32,EUR
10051,2025-07-14,101.1477,EUR
10051,2025-07-15,100.7158,EUR
10051,2025-07-16,100.4331,EUR
10051,2025-07-17,100.2023,EUR
10051,2025-07-18,100.102,EUR
10051,2025-07-21,99.7091,EUR
10051,2025-07-22,99.6245,EUR
10051,2025-07-23,99.8566,EUR
10051,2025-07-24,99.9956,EUR
10051,2025-07-25,99.5293,EUR
10051,2025-07-28,98.5618,EUR
10051,2025-07-29,98.9653,EUR
10051,2025-07-30,99.3199,EUR
10051,2025-07-31,99.4573,EUR
10051,2025-08-01,99.2904,EUR
10051,2025-08-04,99.7224,EUR
10051,2025-08-05,100.2072,EUR
10051,2025-08-06,100.1971,EUR
10051,2025-08-07,99.9102,EUR
10051,2025-08-08,100.2351,EUR
10051,2025-08-11,100.3785,EUR
10051,2025-08-12,100.6783,EUR
10051,2025-08-13,101.2304,EUR
10051,2025-08-14,100.856,EUR
10051,2025-08-15,101.3886,EUR
10051,2025-08-18,101.776,EUR
10051,2025-08-19,102.1461,EUR
10051,2025-08-20,102.0665,EUR
10051,2025-08-21,101.0955,EUR
10051,2025-08-22,101.2001,EUR
10051,2025-08-25,101.3387,EUR
10051,2025-08-26,101.3594,EUR
10051,2025-08-27,101.0414,EUR
10051,2025-08-28,100.4125,EUR
10051,2025-08-29,100.2552,EUR
10051,2025-09-01,100.3907,EUR
10051,2025-09-02,99.7071,EUR
10051,2025-09-03,100.6193,EUR
10051,2025-09-04,100.4214,EUR
10051,2025-09-05,100.8197,EUR
10051,2025-09-08,101.1445,EUR
10051,2025-09-09,101.1856,EUR
10051,2025-09-10,101.1538,EUR
10051,2025-09-11,100.891,EUR
10051,2025-09-12,101.1525,EUR
10051,2025-09-15,100.6049,EUR
10051,2025-09-16,100.7798,EUR
10051,2025-09-17,100.293,EUR
10051,2025-09-18,100.2989,EUR
10051,2025-09-19,100.5359,EUR
10051,2025-09-22,100.4623,EUR
10051,2025-09-23,100.098,EUR
10051,2025-09-24,100.5024,EUR
10051,2025-09-25,100.6349,EUR
10051,2025-09-26,100.6597,EUR
10051,2025-09-29,100.9427,EUR
10051,2025-09-30,101.6203,EUR
10051,2025-10-01,101.4036,EUR
10051,2025-10-02,100.3583,EUR
10051,2025-10-03,99.7954,EUR
10051,2025-10-06,99.8494,EUR
10051,2025-10-07,99.5154,EUR
10051,2025-10-08,99.0704,EUR
10051,2025-10-09,99.3326,EUR
10051,2025-10-10,99.6432,EUR
10051,2025-10-13,99.4088,EUR
10051,2025-10-14,99.2566,EUR
10051,2025-10-15,99.2435,EUR
10051,2025-10-16,99.2159,EUR
10051,2025-10-17,99.316,EUR
10051,2025-10-20,100.0227,EUR
10051,2025-10-21,100.2058,EUR
10051,2025-10-22,100.6481,EUR
10051,2025-10-23,100.786,EUR
10051,2025-10-24,101.3439,EUR
10051,2025-10-27,101.4869,EUR
10051,2025-10-28,100.9221,EUR
10051,2025-10-29,100.6416,EUR
10051,2025-10-30,100.4671,EUR
10051,2025-10-31,100.8835,EUR
10051,2025-11-03,100.7145,EUR
10051,2025-11-04,100.3188,EUR
10051,2025-11-05,100.769,EUR
10051,2025-11-06,100.8885,EUR
10051,2025-11-07,101.0949,EUR
10051,2025-11-10,101.3644,EUR
10051,2025-11-11,101.5191,EUR
10051,2025-11-12,102.1105,EUR
10051,2025-11-13,101.82,EUR
10051,2025-11-14,102.313,EUR
10051,2025-11-17,102.059,EUR
10051,2025-11-18,102.1397,EUR
10051,2025-11-19,102.3938,EUR
10051,2025-11-20,103.2607,EUR
10051,2025-11-21,102.9711,EUR
10051,2025-11-24,102.906,EUR
10051,2025-11-25,103.097,EUR
10051,2025-11-26,102.6618,EUR
10051,2025-11-27,102.7998,EUR
10051,2025-11-28,103.7877,EUR
10051,2025-12-01,103.3261,EUR
10051,2025-12-02,103.5327,EUR
10051,2025-12-03,103.3354,EUR
10051,2025-12-04,103.8015,EUR
10051,2025-12-05,104.0014,EUR
10051,2025-12-08,104.5632,EUR
10051,2025-12-09,104.9672,EUR
10051,2025-12-10,105.5512,EUR
10051,2025-12-11,104.6731,EUR
10051,2025-12-12,104.8749,EUR
10051,2025-12-15,104.2632,EUR
10051,2025-12-16,104.3047,EUR
10051,2025-12-17,104.2939,EUR
10051,2025-12-18,104.3256,EUR
10051,2025-12-19,104.777,EUR
10051,2025-12-22,104.4864,EUR
10051,2025-12-23,103.9786,EUR
10051,2025-12-24,103.4285,EUR
10051,2025-12-25,103.1506,EUR
10051,2025-12-26,102.6803,EUR
10051,2025-12-29,102.668,EUR
10051,2025-12-30,102.2974,EUR
10051,2025-12-31,101.8175,EUR
10052,2024-12-24,104.2585,CAD
10052,2024-12-25,104.656,CAD
10052,2024-12-26,103.9672,CAD
10052,2024-12-27,103.824,CAD
10052,2024-12-30,103.5808,CAD
10052,2024-12-31,103.4633,CAD
10052,2025-01-01,103.5483,CAD
10052,2025-01-02,104.4324,CAD
10052,2025-01-03,104.3817,CAD
10052,2025-01-06,104.3583,CAD
10052,2025-01-07,104.2663,CAD
10052,2025-01-08,104.3918,CAD
10052,2025-01-09,104.3185,CAD
10052,2025-01-10,104.131,CAD
10052,2025-01-13,104.1893,CAD
10052,2025-01-14,104.5652,CAD
10052,2025-01-15,104.7082,CAD
10052,2025-01-16,104.1188,CAD
10052,2025-01-17,104.4351,CAD
10052,2025-01-20,104.6585,CAD
10052,2025-01-21,104.6198,CAD
10052,2025-01-22,105.0019,CAD
10052,2025-01-23,105.4787,CAD
10052,2025-01-24,105.1783,CAD
10052,2025-01-27,105.1154,CAD
10052,2025-01-28,104.6635,CAD
10052,2025-01-29,104.6267,CAD
10052,2025-01-30,104.2169,CAD
10052,2025-01-31,103.7867,CAD
10052,2025-02-03,103.4476,CAD
10052,2025-02-04,103.1516,CAD
10052,2025-02-05,103.1419,CAD
10052,2025-02-06,102.9597,CAD
10052,2025-02-07,103.3272,CAD
10052,2025-02-10,102.9091,CAD
10052,2025-02-11,103.0849,CAD
10052,2025-02-12,102.8615,CAD
10052,2025-02-13,102.9118,CAD
10052,2025-02-14,102.3962,CAD
10052,2025-02-17,102.2838,CAD
10052,2025-02-18,102.1952,CAD
10052,2025-02-19,102.4433,CAD
10052,2025-02-20,102.2281,CAD
10052,2025-02-21,102.3556,CAD
10052,2025-02-24,101.8401,CAD
10052,2025-02-25,101.9638,CAD
10052,2025-02-26,101.6048,CAD
10052,2025-02-27,101.7627,CAD
10052,2025-02-28,101.8256,CAD
10052,2025-03-03,101.8,CAD
10052,2025-03-04,101.735,CAD
10052,2025-03-05,102.2864,CAD
10052,2025-03-06,102.4628,CAD
10052,2025-03-07,101.855,CAD
10052,2025-03-10,102.3001,CAD
10052,2025-03-11,102.97,CAD
10052,2025-03-12,102.8154,CAD
10052,2025-03-13,102.7243,CAD
10052,2025-03-14,102.5289,CAD
10052,2025-03-17,102.2658,CAD
10052,2025-03-18,101.7878,CAD
10052,2025-03-19,101.566,CAD
10052,2025-03-20,101.9136,CAD
10052,2025-03-21,101.8467,CAD
10052,2025-03-24,101.8303,CAD
10052,2025-03-25,101.8535,CAD
10052,2025-03-26,101.5546,CAD
10052,2025-03-27,101.3852,CAD
10052,2025-03-28,100.9521,CAD
10052,2025-03-31,100.8149,CAD
10052,2025-04-01,100.6085,CAD
10052,2025-04-02,100.3277,CAD
10052,2025-04-03,100.8173,CAD
10052,2025-04-04,100.4826,CAD
10052,2025-04-07,100.317,CAD
10052,2025-04-08,100.4987,CAD
10052,2025-04-09,100.2464,CAD
10052,2025-04-10,100.531,CAD
10052,2025-04-11,99.9055,CAD
10052,2025-04-14,99.5285,CAD
10052,2025-04-15,99.0444,CAD
10052,2025-04-16,99.2758,CAD
10052,2025-04-17,99.4541,CAD
10052,2025-04-18,99.949,CAD
10052,2025-04-21,99.7804,CAD
10052,2025-04-22,100.4266,CAD
10052,2025-04-23,100.773,CAD
10052,2025-04-24,100.5247,CAD
10052,2025-04-25,100.1018,CAD
10052,2025-04-28,100.1752,CAD
10052,2025-04-29,99.8767,CAD
10052,2025-04-30,99.8252,CAD
10052,2025-05-01,100.0589,CAD
10052,2025-05-02,100.4206,CAD
10052,2025-05-05,100.949,CAD
10052,2025-05-06,100.3609,CAD
10052,2025-05-07,100.9607,CAD
10052,2025-05-08,101.0411,CAD
10052,2025-05-09,100.6679,CAD
10052,2025-05-12,100.9003,CAD
10052,2025-05-13,100.7304,CAD
10052,2025-05-14,100.4267,CAD
10052,2025-05-15,100.4185,CAD
10052,2025-05-16,100.1757,CAD
10052,2025-05-19,100.3424,CAD
10052,2025-05-20,100.5031,CAD
10052,2025-05-21,100.6696,CAD
10052,2025-05-22,100.8545,CAD
10052,2025-05-23,101.1047,CAD
10052,2025-05-26,101.2322,CAD
10052,2025-05-27,101.3321,CAD
10052,2025-05-28,101.1671,CAD
10052,2025-05-29,100.8769,CAD
10052,2025-05-30,100.969,CAD
10052,2025-06-02,101.174,CAD
10052,2025-06-03,100.47,CAD
10052,2025-06-04,100.1124,CAD
10052,2025-06-05,100.2062,CAD
10052,2025-06-06,100.568,CAD
10052,2025-06-09,100.3,CAD
10052,2025-06-10,100.5519,CAD
10052,2025-06-11,101.3658,CAD
10052,2025-06-12,101.2805,CAD
10052,2025-06-13,101.8474,CAD
10052,2025-06-16,101.7917,CAD
10052,2025-06-17,102.0879,CAD
10052,2025-06-18,101.7747,CAD
10052,2025-06-19,101.3494,CAD
10052,2025-06-20,101.3911,CAD
10052,2025-06-23,101.4979,CAD
10052,2025-06-24,101.7488,CAD
10052,2025-06-25,101.4857,CAD
10052,2025-06-26,101.1503,CAD
10052,2025-06-27,101.4005,CAD
10052,2025-06-30,101.8798,CAD
10052,2025-07-01,101.7451,CAD
10052,2025-07-02,101.6836,CAD
10052,2025-07-03,102.6659,CAD
10052,2025-07-04,102.8216,CAD
10052,2025-07-07,103.0442,CAD
10052,2025-07-08,102.8333,CAD
10052,2025-07-09,103.2084,CAD
10052,2025-07-10,103.4621,CAD
10052,2025-07-11,103.4702,CAD
10052,2025-07-14,103.3306,CAD
10052,2025-07-15,102.8881,CAD
10052,2025-07-16,102.9013,CAD
10052,2025-07-17,103.3172,CAD
10052,2025-07-18,103.1944,CAD
10052,2025-07-21,102.7752,CAD
10052,2025-07-22,103.007,CAD
10052,2025-07-23,102.5998,CAD
10052,2025-07-24,101.7192,CAD
10052,2025-07-25,101.8095,CAD
10052,2025-07-28,102.0289,CAD
10052,2025-07-29,102.635,CAD
10052,2025-07-30,103.2537,CAD
10052,2025-07-31,103.1494,CAD
10052,2025-08-01,102.5855,CAD
10052,2025-08-04,102.1891,CAD
10052,2025-08-05,101.9308,CAD
10052,2025-08-06,102.1453,CAD
10052,2025-08-07,102.3071,CAD
10052,2025-08-08,102.2628,CAD
10052,2025-08-11,102.5935,CAD
10052,2025-08-12,102.79,CAD
10052,2025-08-13,102.7671,CAD
10052,2025-08-14,102.2893,CAD
10052,2025-08-15,102.3865,CAD
10052,2025-08-18,102.2256,CAD
10052,2025-08-19,101.9924,CAD
10052,2025-08-20,101.9177,CAD
10052,2025-08-21,101.7514,CAD
10052,2025-08-22,101.3216,CAD
10052,2025-08-25,101.4826,CAD
10052,2025-08-26,101.4813,CAD
10052,2025-08-27,101.3594,CAD
10052,2025-08-28,101.3333,CAD
10052,2025-08-29,101.7385,CAD
10052,2025-09-01,101.2914,CAD
10052,2025-09-02,101.1107,CAD
10052,2025-09-03,101.619,CAD
10052,2025-09-04,101.6302,CAD
10052,2025-09-05,102.066,CAD
10052,2025-09-08,102.4981,CAD
10052,2025-09-09,103.1401,CAD
10052,2025-09-10,103.6889,CAD
10052,2025-09-11,103.3877,CAD
10052,2025-09-12,103.5176,CAD
10052,2025-09-15,103.7999,CAD
10052,2025-09-16,103.2925,CAD
10052,2025-09-17,103.5183,CAD
10052,2025-09-18,103.7088,CAD
10052,2025-09-19,103.3517,CAD
10052,2025-09-22,103.2596,CAD
10052,2025-09-23,103.3736,CAD
10052,2025-09-24,103.2347,CAD
10052,2025-09-25,103.1483,CAD
10052,2025-09-26,103.0321,CAD
10052,2025-09-29,103.2249,CAD
10052,2025-09-30,103.0772,CAD
10052,2025-10-01,102.8769,CAD
10052,2025-10-02,102.9972,CAD
10052,2025-10-03,103.0767,CAD
10052,2025-10-06,103.164,CAD
10052,2025-10-07,103.3537,CAD
10052,2025-10-08,103.681,CAD
10052,2025-10-09,103.2657,CAD
10052,2025-10-10,103.2565,CAD
10052,2025-10-13,103.774,CAD
10052,2025-10-14,103.9116,CAD
10052,2025-10-15,104.3082,CAD
10052,2025-10-16,104.8107,CAD
10052,2025-10-17,105.0557,CAD
10052,2025-10-20,105.1688,CAD
10052,2025-10-21,104.9375,CAD
10052,2025-10-22,105.1635,CAD
10052,2025-10-23,104.2765,CAD
10052,2025-10-24,104.1081,CAD
10052,2025-10-27,104.3003,CAD
10052,2025-10-28,104.6494,CAD
10052,2025-10-29,105.1179,CAD
10052,2025-10-30,105.2801,CAD
10052,2025-10-31,105.0492,CAD
10052,2025-11-03,104.9029,CAD
10052,2025-11-04,104.4093,CAD
10052,2025-11-05,104.8651,CAD
10052,2025-11-06,104.6332,CAD
10052,2025-11-07,104.5024,CAD
10052,2025-11-10,105.3812,CAD
10052,2025-11-11,105.3427,CAD
10052,2025-11-12,105.038,CAD
10052,2025-11-13,105.1449,CAD
10052,2025-11-14,104.6873,CAD
10052,2025-11-17,104.4824,CAD
10052,2025-11-18,104.0448,CAD
10052,2025-11-19,103.9836,CAD
10052,2025-11-20,104.1375,CAD
10052,2025-11-21,104.0875,CAD
10052,2025-11-24,103.6951,CAD
10052,2025-11-25,103.3593,CAD
10052,2025-11-26,103.1904,CAD
10052,2025-11-27,103.5931,CAD
10052,2025-11-28,103.7893,CAD
10052,2025-12-01,102.8767,CAD
10052,2025-12-02,103.4446,CAD
10052,2025-12-03,103.0273,CAD
10052,2025-12-04,102.68,CAD
10052,2025-12-05,102.2582,CAD
10052,2025-12-08,102.332,CAD
10052,2025-12-09,102.6675,CAD
10052,2025-12-10,102.9808,CAD
10052,2025-12-11,103.3153,CAD
10052,2025-12-12,104.2701,CAD
10052,2025-12-15,105.0873,CAD
10052,2025-12-16,104.9608,CAD
10052,2025-12-17,104.7661,CAD
10052,2025-12-18,104.953,CAD
10052,2025-12-19,104.8954,CAD
10052,2025-12-22,105.1599,CAD
10052,2025-12-23,105.7115,CAD
10052,2025-12-24,105.5813,CAD
10052,2025-12-25,105.4257,CAD
10052,2025-12-26,105.5194,CAD
10052,2025-12-29,105.6262,CAD
10052,2025-12-30,105.4802,CAD
10052,2025-12-31,105.007,CAD
10053,2024-12-24,96.4653,EUR
10053,2024-12-25,96.8088,EUR
10053,2024-12-26,96.7861,EUR
10053,2024-12-27,96.9397,EUR
10053,2024-12-30,97.3826,EUR
10053,2024-12-31,97.2203,EUR
10053,2025-01-01,96.9549,EUR
10053,2025-01-02,97.041,EUR
10053,2025-01-03,96.4536,EUR
10053,2025-01-06,96.3686,EUR
10053,2025-01-07,96.5762,EUR
10053,2025-01-08,95.9373,EUR
10053,2025-01-09,95.29,EUR
10053,2025-01-10,95.7758,EUR
10053,2025-01-13,95.8181,EUR
10053,2025-01-14,95.2603,EUR
10053,2025-01-15,95.7122,EUR
10053,2025-01-16,95.5826,EUR
10053,2025-01-17,95.8281,EUR
10053,2025-01-20,95.6336,EUR
10053,2025-01-21,95.6791,EUR
10053,2025-01-22,95.5629,EUR
10053,2025-01-23,95.1119,EUR
10053,2025-01-24,94.6226,EUR
10053,2025-01-27,94.2398,EUR
10053,2025-01-28,93.9718,EUR
10053,2025-01-29,93.7681,EUR
10053,2025-01-30,93.6193,EUR
10053,2025-01-31,93.7454,EUR
10053,2025-02-03,93.701,EUR
10053,2025-02-04,93.4808,EUR
10053,2025-02-05,93.1553,EUR
10053,2025-02-06,92.9306,EUR
10053,2025-02-07,93.4151,EUR
10053,2025-02-10,93.6769,EUR
10053,2025-02-11,93.0395,EUR
10053,2025-02-12,93.2762,EUR
10053,2025-02-13,92.9612,EUR
10053,2025-02-14,92.5271,EUR
10053,2025-02-17,92.7931,EUR
10053,2025-02-18,92.9889,EUR
10053,2025-02-19,93.2661,EUR
10053,2025-02-20,92.652,EUR
10053,2025-02-21,92.7033,EUR
10053,2025-02-24,92.3189,EUR
10053,2025-02-25,92.4624,EUR
10053,2025-02-26,92.4655,EUR
10053,2025-02-27,92.6281,EUR
10053,2025-02-28,92.8265,EUR
10053,2025-03-03,92.9344,EUR
10053,2025-03-04,92.1634,EUR
10053,2025-03-05,92.0742,EUR
10053,2025-03-06,92.124,EUR
10053,2025-03-07,92.8671,EUR
10053,2025-03-10,92.7923,EUR
10053,2025-03-11,92.6542,EUR
10053,2025-03-12,92.816,EUR
10053,2025-03-13,93.2667,EUR
10053,2025-03-14,93.503,EUR
10053,2025-03-17,93.511,EUR
10053,2025-03-18,92.9098,EUR
10053,2025-03-19,92.7419,EUR
10053,2025-03-20,92.9969,EUR
10053,2025-03-21,93.0095,EUR
10053,2025-03-24,92.2464,EUR
10053,2025-03-25,91.8657,EUR
10053,2025-03-26,92.0531,EUR
10053,2025-03-27,92.0317,EUR
10053,2025-03-28,91.7041,EUR
10053,2025-03-31,91.9417,EUR
10053,2025-04-01,92.0592,EUR
10053,2025-04-02,92.661,EUR
10053,2025-04-03,93.1335,EUR
10053,2025-04-04,92.1026,EUR
10053,2025-04-07,92.1956,EUR
10053,2025-04-08,92.3838,EUR
10053,2025-04-09,91.9806,EUR
10053,2025-04-10,91.8631,EUR
10053,2025-04-11,91.7196,EUR
10053,2025-04-14,91.6882,EUR
10053,2025-04-15,91.8313,EUR
10053,2025-04-16,92.2244,EUR
10053,2025-04-17,92.2474,EUR
10053,2025-04-18,91.8889,EUR
10053,2025-04-21,91.6277,EUR
10053,2025-04-22,90.6811,EUR
10053,2025-04-23,90.6164,EUR
10053,2025-04-24,90.9821,EUR
10053,2025-04-25,90.8674,EUR
10053,2025-04-28,90.5141,EUR
10053,2025-04-29,90.3427,EUR
10053,2025-04-30,90.6794,EUR
10053,2025-05-01,90.8331,EUR
10053,2025-05-02,90.183,EUR
10053,2025-05-05,90.5811,EUR
10053,2025-05-06,90.8644,EUR
10053,2025-05-07,90.2744,EUR
10053,2025-05-08,90.1441,EUR
10053,2025-05-09,89.922,EUR
10053,2025-05-12,89.3453,EUR
10053,2025-05-13,89.1151,EUR
10053,2025-05-14,89.5091,EUR
10053,2025-05-15,89.8079,EUR
10053,2025-05-16,89.1723,EUR
10053,2025-05-19,89.23,EUR
10053,2025-05-20,89.0994,EUR
10053,2025-05-21,89.4022,EUR
10053,2025-05-22,89.7647,EUR
10053,2025-05-23,90.1459,EUR
10053,2025-05-26,89.8037,EUR
10053,2025-05-27,89.2299,EUR
10053,2025-05-28,89.1035,EUR
10053,2025-05-29,88.4774,EUR
10053,2025-05-30,88.3358,EUR
10053,2025-06-02,88.4047,EUR
10053,2025-06-03,88.119,EUR
10053,2025-06-04,88.2202,EUR
10053,2025-06-05,88.2734,EUR
10053,2025-06-06,88.7559,EUR
10053,2025-06-09,88.4974,EUR
10053,2025-06-10,88.507,EUR
10053,2025-06-11,88.4846,EUR
10053,2025-06-12,88.4725,EUR
10053,2025-06-13,88.2383,EUR
10053,2025-06-16,88.2615,EUR
10053,2025-06-17,88.3763,EUR
10053,2025-06-18,88.6461,EUR
10053,2025-06-19,89.4855,EUR
10053,2025-06-20,89.6439,EUR
10053,2025-06-23,89.8622,EUR
10053,2025-06-24,90.0245,EUR
10053,2025-06-25,90.3096,EUR
10053,2025-06-26,89.7827,EUR
10053,2025-06-27,89.5256,EUR
10053,2025-06-30,88.7635,EUR
10053,2025-07-01,89.1051,EUR
10053,2025-07-02,88.3347,EUR
10053,2025-07-03,88.5084,EUR
10053,2025-07-04,88.5047,EUR
10053,2025-07-07,88.054,EUR
10053,2025-07-08,88.197,EUR
10053,2025-07-09,88.113,EUR
10053,2025-07-10,88.0318,EUR
10053,2025-07-11,87.8401,EUR
10053,2025-07-14,87.6769,EUR
10053,2025-07-15,87.9889,EUR
10053,2025-07-16,88.1825,EUR
10053,2025-07-17,88.3318,EUR
10053,2025-07-18,88.1648,EUR
10053,2025-07-21,88.3094,EUR
10053,2025-07-22,88.3949,EUR
10053,2025-07-23,88.1755,EUR
10053,2025-07-24,87.9086,EUR
10053,2025-07-25,87.3994,EUR
10053,2025-07-28,86.9005,EUR
10053,2025-07-29,87.2238,EUR
10053,2025-07-30,87.0733,EUR
10053,2025-07-31,87.3943,EUR
10053,2025-08-01,87.4847,EUR
10053,2025-08-04,87.7713,EUR
10053,2025-08-05,87.8965,EUR
10053,2025-08-06,88.4317,EUR
10053,2025-08-07,88.0173,EUR
10053,2025-08-08,87.7489,EUR
10053,2025-08-11,87.3425,EUR
10053,2025-08-12,87.1629,EUR
10053,2025-08-13,87.3092,EUR
10053,2025-08-14,87.1808,EUR
10053,2025-08-15,86.9653,EUR
10053,2025-08-18,86.7028,EUR
10053,2025-08-19,87.0994,EUR
10053,2025-08-20,86.9632,EUR
10053,2025-08-21,87.1847,EUR
10053,2025-08-22,87.0528,EUR
10053,2025-08-25,87.0793,EUR
10053,2025-08-26,87.5787,EUR
10053,2025-08-27,87.7878,EUR
10053,2025-08-28,87.8766,EUR
10053,2025-08-29,87.5963,EUR
10053,2025-09-01,87.7488,EUR
10053,2025-09-02,88.1294,EUR
10053,2025-09-03,87.7683,EUR
10053,2025-09-04,88.1102,EUR
10053,2025-09-05,88.412,EUR
10053,2025-09-08,88.2069,EUR
10053,2025-09-09,87.6961,EUR
10053,2025-09-10,87.6523,EUR
10053,2025-09-11,87.7275,EUR
10053,2025-09-12,87.8331,EUR
10053,2025-09-15,87.9841,EUR
10053,2025-09-16,87.8936,EUR
10053,2025-09-17,88.6636,EUR
10053,2025-09-18,88.734,EUR
10053,2025-09-19,88.5715,EUR
10053,2025-09-22,88.9481,EUR
10053,2025-09-23,88.5826,EUR
10053,2025-09-24,88.5697,EUR
10053,2025-09-25,88.7095,EUR
10053,2025-09-26,89.2448,EUR
10053,2025-09-29,89.4055,EUR
10053,2025-09-30,88.9367,EUR
10053,2025-10-01,88.4115,EUR
10053,2025-10-02,88.2852,EUR
10053,2025-10-03,88.7334,EUR
10053,2025-10-06,89.1915,EUR
10053,2025-10-07,89.0057,EUR
10053,2025-10-08,89.1764,EUR
10053,2025-10-09,89.5586,EUR
10053,2025-10-10,89.8018,EUR
10053,2025-10-13,90.2832,EUR
10053,2025-10-14,90.207,EUR
10053,2025-10-15,90.0162,EUR
10053,2025-10-16,89.3028,EUR
10053,2025-10-17,88.9457,EUR
10053,2025-10-20,88.8509,EUR
10053,2025-10-21,89.08,EUR
10053,2025-10-22,88.8345,EUR
10053,2025-10-23,89.5312,EUR
10053,2025-10-24,89.5685,EUR
10053,2025-10-27,89.0742,EUR
10053,2025-10-28,88.603,EUR
10053,2025-10-29,88.4311,EUR
10053,2025-10-30,88.6172,EUR
10053,2025-10-31,87.9409,EUR
10053,2025-11-03,88.4998,EUR
10053,2025-11-04,88.3812,EUR
10053,2025-11-05,88.158,EUR
10053,2025-11-06,89.1159,EUR
10053,2025-11-07,89.0838,EUR
10053,2025-11-10,88.7378,EUR
10053,2025-11-11,88.5125,EUR
10053,2025-11-12,88.9507,EUR
10053,2025-11-13,89.0582,EUR
10053,2025-11-14,89.5026,EUR
10053,2025-11-17,89.5925,EUR
10053,2025-11-18,89.4176,EUR
10053,2025-11-19,89.7335,EUR
10053,2025-11-20,89.5974,EUR
10053,2025-11-21,89.6961,EUR
10053,2025-11-24,89.7292,EUR
10053,2025-11-25,90.1121,EUR
10053,2025-11-26,90.4721,EUR
10053,2025-11-27,90.9213,EUR
10053,2025-11-28,91.0173,EUR
10053,2025-12-01,90.7073,EUR
10053,2025-12-02,90.2147,EUR
10053,2025-12-03,90.6802,EUR
10053,2025-12-04,90.4757,EUR
10053,2025-12-05,91.1209,EUR
10053,2025-12-08,91.6025,EUR
10053,2025-12-09,91.4898,EUR
10053,2025-12-10,91.1427,EUR
10053,2025-12-11,91.5796,EUR
10053,2025-12-12,91.3582,EUR
10053,2025-12-15,91.3239,EUR
10053,2025-12-16,90.7271,EUR
10053,2025-12-17,89.9858,EUR
10053,2025-12-18,89.2223,EUR
10053,2025-12-19,88.7913,EUR
10053,2025-12-22,89.1491,EUR
10053,2025-12-23,89.217,EUR
10053,2025-12-24,88.997,EUR
10053,2025-12-25,88.8544,EUR
10053,2025-12-26,88.8481,EUR
10053,2025-12-29,88.6366,EUR
10053,2025-12-30,88.9927,EUR
10053,2025-12-31,88.9839,EUR
10054,2024-12-24,95.5813,USD
10054,2024-12-25,95.4507,USD
10054,2024-12-26,95.528,USD
10054,2024-12-27,95.3139,USD
10054,2024-12-30,95.1927,USD
10054,2024-12-31,95.2143,USD
10054,2025-01-01,95.2625,USD
10054,2025-01-02,95.0743,USD
10054,2025-01-03,95.0325,USD
10054,2025-01-06,94.9747,USD
10054,2025-01-07,95.3967,USD
10054,2025-01-08,95.8724,USD
10054,2025-01-09,96.0201,USD
10054,2025-01-10,96.0798,USD
10054,2025-01-13,96.2876,USD
10054,2025-01-14,95.8958,USD
10054,2025-01-15,96.1551,USD
10054,2025-01-16,96.2511,USD
10054,2025-01-17,95.9857,USD
10054,2025-01-20,95.9969,USD
10054,2025-01-21,96.289,USD
10054,2025-01-22,96.9007,USD
10054,2025-01-23,96.7239,USD
10054,2025-01-24,96.5815,USD
10054,2025-01-27,96.6539,USD
10054,2025-01-28,97.0567,USD
10054,2025-01-29,97.5134,USD
10054,2025-01-30,97.2407,USD
10054,2025-01-31,97.0159,USD
10054,2025-02-03,96.7787,USD
10054,2025-02-04,96.5803,USD
10054,2025-02-05,95.9519,USD
10054,2025-02-06,95.4606,USD
10054,2025-02-07,95.4873,USD
10054,2025-02-10,95.6217,USD
10054,2025-02-11,95.5881,USD
10054,2025-02-12,95.3017,USD
10054,2025-02-13,94.9076,USD
10054,2025-02-14,95.2219,USD
10054,2025-02-17,95.0029,USD
10054,2025-02-18,95.3954,USD
10054,2025-02-19,95.51,USD
10054,2025-02-20,94.9837,USD
10054,2025-02-21,94.3242,USD
10054,2025-02-24,94.2683,USD
10054,2025-02-25,94.0573,USD
10054,2025-02-26,94.1825,USD
10054,2025-02-27,94.0583,USD
10054,2025-02-28,93.9528,USD
10054,2025-03-03,94.0446,USD
10054,2025-03-04,94.3724,USD
10054,2025-03-05,94.3538,USD
10054,2025-03-06,94.3146,USD
10054,2025-03-07,94.7598,USD
10054,2025-03-10,94.6696,USD
10054,2025-03-11,94.663,USD
10054,2025-03-12,94.5003,USD
10054,2025-03-13,94.7683,USD
10054,2025-03-14,94.8578,USD
10054,2025-03-17,94.5606,USD
10054,2025-03-18,94.2065,USD
10054,2025-03-19,94.0712,USD
10054,2025-03-20,94.4082,USD
10054,2025-03-21,94.1049,USD
10054,2025-03-24,94.1595,USD
10054,2025-03-25,94.4728,USD
10054,2025-03-26,94.937,USD
10054,2025-03-27,94.5108,USD
10054,2025-03-28,94.8153,USD
10054,2025-03-31,95.2078,USD
10054,2025-04-01,95.3019,USD
10054,2025-04-02,95.3313,USD
10054,2025-04-03,95.2973,USD
10054,2025-04-04,95.3859,USD
10054,2025-04-07,95.5723,USD
10054,2025-04-08,95.6813,USD
10054,2025-04-09,95.7523,USD
10054,2025-04-10,95.3834,USD
10054,2025-04-11,95.7949,USD
10054,2025-04-14,95.4653,USD
10054,2025-04-15,95.2431,USD
10054,2025-04-16,95.1667,USD
10054,2025-04-17,95.278,USD
10054,2025-04-18,95.5436,USD
10054,2025-04-21,96.1454,USD
10054,2025-04-22,96.3068,USD
10054,2025-04-23,96.0775,USD
10054,2025-04-24,96.2488,USD
10054,2025-04-25,96.1266,USD
10054,2025-04-28,95.9191,USD
10054,2025-04-29,96.1366,USD
10054,2025-04-30,95.766,USD
10054,2025-05-01,95.8227,USD
10054,2025-05-02,95.8393,USD
10054,2025-05-05,95.582,USD
10054,2025-05-06,95.6655,USD
10054,2025-05-07,96.0153,USD
10054,2025-05-08,96.4759,USD
10054,2025-05-09,96.5506,USD
10054,2025-05-12,96.7399,USD
10054,2025-05-13,96.8972,USD
10054,2025-05-14,97.236,USD
10054,2025-05-15,96.93,USD
10054,2025-05-16,97.3152,USD
10054,2025-05-19,97.2125,USD
10054,2025-05-20,97.1109,USD
10054,2025-05-21,96.7726,USD
10054,2025-05-22,97.3568,USD
10054,2025-05-23,97.219,USD
10054,2025-05-26,97.1757,USD
10054,2025-05-27,96.8831,USD
10054,2025-05-28,96.8181,USD
10054,2025-05-29,96.8012,USD
10054,2025-05-30,96.4046,USD
10054,2025-06-02,96.6418,USD
10054,2025-06-03,96.4811,USD
10054,2025-06-04,96.8424,USD
10054,2025-06-05,96.9525,USD
10054,2025-06-06,96.9606,USD
10054,2025-06-09,97.1601,USD
10054,2025-06-10,97.2797,USD
10054,2025-06-11,97.0384,USD
10054,2025-06-12,96.9278,USD
10054,2025-06-13,96.6438,USD
10054,2025-06-16,97.0548,USD
10054,2025-06-17,96.6689,USD
10054,2025-06-18,97.2768,USD
10054,2025-06-19,97.4885,USD
10054,2025-06-20,97.724,USD
10054,2025-06-23,97.1469,USD
10054,2025-06-24,97.3923,USD
10054,2025-06-25,97.6292,USD
10054,2025-06-26,97.5394,USD
10054,2025-06-27,97.6788,USD
10054,2025-06-30,97.757,USD
10054,2025-07-01,97.6581,USD
10054,2025-07-02,97.8925,USD
10054,2025-07-03,98.2183,USD
10054,2025-07-04,97.719,USD
10054,2025-07-07,97.2195,USD
10054,2025-07-08,97.1077,USD
10054,2025-07-09,97.3492,USD
10054,2025-07-10,98.3464,USD
10054,2025-07-11,98.5048,USD
10054,2025-07-14,98.6071,USD
10054,2025-07-15,98.5359,USD
10054,2025-07-16,98.3268,USD
10054,2025-07-17,98.162,USD
10054,2025-07-18,98.7995,USD
10054,2025-07-21,98.236,USD
10054,2025-07-22,98.2794,USD
10054,2025-07-23,98.1568,USD
10054,2025-07-24,98.5875,USD
10054,2025-07-25,98.7049,USD
10054,2025-07-28,98.7471,USD
10054,2025-07-29,98.6433,USD
10054,2025-07-30,99.0887,USD
10054,2025-07-31,99.0744,USD
10054,2025-08-01,98.5705,USD
10054,2025-08-04,98.9808,USD
10054,2025-08-05,99.0755,USD
10054,2025-08-06,99.3872,USD
10054,2025-08-07,99.8891,USD
10054,2025-08-08,99.0813,USD
10054,2025-08-11,99.4158,USD
10054,2025-08-12,99.2241,USD
10054,2025-08-13,99.6986,USD
10054,2025-08-14,99.9903,USD
10054,2025-08-15,99.8616,USD
10054,2025-08-18,99.9593,USD
10054,2025-08-19,99.4859,USD
10054,2025-08-20,99.5435,USD
10054,2025-08-21,99.7817,USD
10054,2025-08-22,99.3838,USD
10054,2025-08-25,99.3203,USD
10054,2025-08-26,99.5264,USD
10054,2025-08-27,99.574,USD
10054,2025-08-28,100.0218,USD
10054,2025-08-29,99.4952,USD
10054,2025-09-01,99.8985,USD
10054,2025-09-02,99.9211,USD
10054,2025-09-03,100.1418,USD
10054,2025-09-04,100.6687,USD
10054,2025-09-05,99.9521,USD
10054,2025-09-08,99.6833,USD
10054,2025-09-09,100.0905,USD
10054,2025-09-10,100.6439,USD
10054,2025-09-11,100.0858,USD
10054,2025-09-12,100.0101,USD
10054,2025-09-15,99.9432,USD
10054,2025-09-16,99.828,USD
10054,2025-09-17,99.8304,USD
10054,2025-09-18,99.3204,USD
10054,2025-09-19,99.3684,USD
10054,2025-09-22,99.0164,USD
10054,2025-09-23,99.0409,USD
10054,2025-09-24,98.4529,USD
10054,2025-09-25,98.4867,USD
10054,2025-09-26,98.4316,USD
10054,2025-09-29,98.0617,USD
10054,2025-09-30,98.3024,USD
10054,2025-10-01,98.2086,USD
10054,2025-10-02,97.7386,USD
10054,2025-10-03,97.2433,USD
10054,2025-10-06,96.927,USD
10054,2025-10-07,96.4531,USD
10054,2025-10-08,96.9631,USD
10054,2025-10-09,96.7747,USD
10054,2025-10-10,96.9109,USD
10054,2025-10-13,97.2503,USD
10054,2025-10-14,97.2333,USD
10054,2025-10-15,97.8149,USD
10054,2025-10-16,97.5328,USD
10054,2025-10-17,97.6495,USD
10054,2025-10-20,97.0502,USD
10054,2025-10-21,97.0633,USD
10054,2025-10-22,96.6972,USD
10054,2025-10-23,96.4227,USD
10054,2025-10-24,96.5174,USD
10054,2025-10-27,96.7693,USD
10054,2025-10-28,96.6893,USD
10054,2025-10-29,96.598,USD
10054,2025-10-30,96.3712,USD
10054,2025-10-31,96.4858,USD
10054,2025-11-03,95.9371,USD
10054,2025-11-04,95.7938,USD
10054,2025-11-05,95.9065,USD
10054,2025-11-06,95.6916,USD
10054,2025-11-07,95.5788,USD
10054,2025-11-10,95.4357,USD
10054,2025-11-11,95.7374,USD
10054,2025-11-12,95.9562,USD
10054,2025-11-13,96.3615,USD
10054,2025-11-14,96.4932,USD
10054,2025-11-17,96.5873,USD
10054,2025-11-18,96.9305,USD
10054,2025-11-19,97.3013,USD
10054,2025-11-20,97.2005,USD
10054,2025-11-21,97.5222,USD
10054,2025-11-24,97.2685,USD
10054,2025-11-25,96.9257,USD
10054,2025-11-26,96.7396,USD
10054,2025-11-27,97.0289,USD
10054,2025-11-28,96.7192,USD
10054,2025-12-01,95.9569,USD
10054,2025-12-02,95.9048,USD
10054,2025-12-03,96.4376,USD
10054,2025-12-04,96.1521,USD
10054,2025-12-05,96.6541,USD
10054,2025-12-08,96.3411,USD
10054,2025-12-09,96.0328,USD
10054,2025-12-10,96.3037,USD
10054,2025-12-11,96.0078,USD
10054,2025-12-12,95.9112,USD
10054,2025-12-15,95.4852,USD
10054,2025-12-16,95.7073,USD
10054,2025-12-17,96.0497,USD
10054,2025-12-18,96.3856,USD
10054,2025-12-19,96.2704,USD
10054,2025-12-22,96.1344,USD
10054,2025-12-23,96.1866,USD
10054,2025-12-24,96.5629,USD
10054,2025-12-25,96.9018,USD
10054,2025-12-26,96.7032,USD
10054,2025-12-29,96.0591,USD
10054,2025-12-30,96.0152,USD
10054,2025-12-31,95.9414,USD
10055,2024-12-24,96.0835,EUR
10055,2024-12-25,96.2533,EUR
10055,2024-12-26,96.3845,EUR
10055,2024-12-27,95.6614,EUR
10055,2024-12-30,95.2704,EUR
10055,2024-12-31,94.972,EUR
10055,2025-01-01,95.3714,EUR
10055,2025-01-02,95.803,EUR
10055,2025-01-03,95.6738,EUR
10055,2025-01-06,95.2586,EUR
10055,2025-01-07,95.7972,EUR
10055,2025-01-08,95.6594,EUR
10055,2025-01-09,96.4816,EUR
10055,2025-01-10,96.5152,EUR
10055,2025-01-13,95.9586,EUR
10055,2025-01-14,96.0195,EUR
10055,2025-01-15,96.4494,EUR
10055,2025-01-16,96.1545,EUR
10055,2025-01-17,96.3789,EUR
10055,2025-01-20,96.503,EUR
10055,2025-01-21,96.5539,EUR
10055,2025-01-22,96.4103,EUR
10055,2025-01-23,95.8364,EUR
10055,2025-01-24,96.1838,EUR
10055,2025-01-27,96.1429,EUR
10055,2025-01-28,95.9878,EUR
10055,2025-01-29,95.6658,EUR
10055,2025-01-30,95.8633,EUR
10055,2025-01-31,95.9028,EUR
10055,2025-02-03,95.7877,EUR
10055,2025-02-04,96.0828,EUR
10055,2025-02-05,96.0853,EUR
10055,2025-02-06,96.463,EUR
10055,2025-02-07,95.9498,EUR
10055,2025-02-10,95.7617,EUR
10055,2025-02-11,96.478,EUR
10055,2025-02-12,95.7059,EUR
10055,2025-02-13,96.3926,EUR
10055,2025-02-14,97.1136,EUR
10055,2025-02-17,97.0749,EUR
10055,2025-02-18,96.8765,EUR
10055,2025-02-19,96.5063,EUR
10055,2025-02-20,96.4432,EUR
10055,2025-02-21,97.0433,EUR
10055,2025-02-24,96.9235,EUR
10055,2025-02-25,96.8326,EUR
10055,2025-02-26,96.4977,EUR
10055,2025-02-27,96.8319,EUR
10055,2025-02-28,96.8215,EUR
10055,2025-03-03,96.9652,EUR
10055,2025-03-04,97.0712,EUR
10055,2025-03-05,96.9519,EUR
10055,2025-03-06,96.6028,EUR
10055,2025-03-07,96.5201,EUR
10055,2025-03-10,96.1707,EUR
10055,2025-03-11,95.8553,EUR
10055,2025-03-12,95.5243,EUR
10055,2025-03-13,94.7957,EUR
10055,2025-03-14,94.6038,EUR
10055,2025-03-17,94.7971,EUR
10055,2025-03-18,94.6219,EUR
10055,2025-03-19,94.6658,EUR
10055,2025-03-20,95.1538,EUR
10055,2025-03-21,94.6979,EUR
10055,2025-03-24,94.8936,EUR
10055,2025-03-25,94.9985,EUR
10055,2025-03-26,95.1949,EUR
10055,2025-03-27,95.1381,EUR
10055,2025-03-28,95.4689,EUR
10055,2025-03-31,95.5994,EUR
10055,2025-04-01,95.3752,EUR
10055,2025-04-02,94.9687,EUR
10055,2025-04-03,94.5519,EUR
10055,2025-04-04,94.8783,EUR
10055,2025-04-07,94.9258,EUR
10055,2025-04-08,95.3105,EUR
10055,2025-04-09,95.8893,EUR
10055,2025-04-10,95.7371,EUR
10055,2025-04-11,96.1756,EUR
10055,2025-04-14,95.8354,EUR
10055,2025-04-15,95.8708,EUR
10055,2025-04-16,95.4853,EUR
10055,2025-04-17,95.3067,EUR
10055,2025-04-18,94.9812,EUR
10055,2025-04-21,94.4745,EUR
10055,2025-04-22,94.1907,EUR
10055,2025-04-23,94.0926,EUR
10055,2025-04-24,94.2593,EUR
10055,2025-04-25,93.713,EUR
10055,2025-04-28,93.1058,EUR
10055,2025-04-29,92.6675,EUR
10055,2025-04-30,92.5743,EUR
10055,2025-05-01,92.9151,EUR
10055,2025-05-02,93.1037,EUR
10055,2025-05-05,92.8239,EUR
10055,2025-05-06,92.7099,EUR
10055,2025-05-07,92.7427,EUR
10055,2025-05-08,93.1323,EUR
10055,2025-05-09,93.2026,EUR
10055,2025-05-12,93.3007,EUR
10055,2025-05-13,93.2372,EUR
10055,2025-05-14,93.5146,EUR
10055,2025-05-15,93.2775,EUR
10055,2025-05-16,93.2338,EUR
10055,2025-05-19,93.2966,EUR
10055,2025-05-20,93.5544,EUR
10055,2025-05-21,92.975,EUR
10055,2025-05-22,93.072,EUR
10055,2025-05-23,92.5778,EUR
10055,2025-05-26,92.455,EUR
10055,2025-05-27,92.6422,EUR
10055,2025-05-28,92.181,EUR
10055,2025-05-29,92.2662,EUR
10055,2025-05-30,92.2497,EUR
10055,2025-06-02,92.8503,EUR
10055,2025-06-03,92.8958,EUR
10055,2025-06-04,92.8651,EUR
10055,2025-06-05,92.0615,EUR
10055,2025-06-06,92.2677,EUR
10055,2025-06-09,92.8971,EUR
10055,2025-06-10,91.7884,EUR
10055,2025-06-11,91.5514,EUR
10055,2025-06-12,91.4206,EUR
10055,2025-06-13,90.9013,EUR
10055,2025-06-16,91.7081,EUR
10055,2025-06-17,91.7785,EUR
10055,2025-06-18,92.0694,EUR
10055,2025-06-19,92.0623,EUR
10055,2025-06-20,91.3769,EUR
10055,2025-06-23,91.669,EUR
10055,2025-06-24,91.0226,EUR
10055,2025-06-25,90.8143,EUR
10055,2025-06-26,90.8512,EUR
10055,2025-06-27,90.2112,EUR
10055,2025-06-30,90.2522,EUR
10055,2025-07-01,90.2559,EUR
10055,2025-07-02,89.998,EUR
10055,2025-07-03,89.8975,EUR
10055,2025-07-04,89.7788,EUR
10055,2025-07-07,90.0689,EUR
10055,2025-07-08,90.3296,EUR
10055,2025-07-09,90.7577,EUR
10055,2025-07-10,91.0947,EUR
10055,2025-07-11,90.8289,EUR
10055,2025-07-14,90.7544,EUR
10055,2025-07-15,90.8107,EUR
10055,2025-07-16,91.1326,EUR
10055,2025-07-17,91.0327,EUR
10055,2025-07-18,91.044,EUR
10055,2025-07-21,90.9619,EUR
10055,2025-07-22,90.9646,EUR
10055,2025-07-23,90.4989,EUR
10055,2025-07-24,90.7667,EUR
10055,2025-07-25,90.0755,EUR
10055,2025-07-28,89.6103,EUR
10055,2025-07-29,89.7202,EUR
10055,2025-07-30,89.9804,EUR
10055,2025-07-31,89.903,EUR
10055,2025-08-01,89.4003,EUR
10055,2025-08-04,89.1386,EUR
10055,2025-08-05,88.8102,EUR
10055,2025-08-06,89.1262,EUR
10055,2025-08-07,89.5786,EUR
10055,2025-08-08,89.92,EUR
10055,2025-08-11,89.3111,EUR
10055,2025-08-12,88.8104,EUR
10055,2025-08-13,88.4221,EUR
10055,2025-08-14,88.6695,EUR
10055,2025-08-15,88.7919,EUR
10055,2025-08-18,89.0728,EUR
10055,2025-08-19,88.6549,EUR
10055,2025-08-20,89.127,EUR
10055,2025-08-21,88.9367,EUR
10055,2025-08-22,88.7946,EUR
10055,2025-08-25,88.9738,EUR
10055,2025-08-26,89.3265,EUR
10055,2025-08-27,89.6027,EUR
10055,2025-08-28,89.5321,EUR
10055,2025-08-29,89.4337,EUR
10055,2025-09-01,89.1156,EUR
10055,2025-09-02,89.8358,EUR
10055,2025-09-03,89.9989,EUR
10055,2025-09-04,89.9933,EUR
10055,2025-09-05,90.249,EUR
10055,2025-09-08,90.2795,EUR
10055,2025-09-09,90.69,EUR
10055,2025-09-10,90.4283,EUR
10055,2025-09-11,90.4606,EUR
10055,2025-09-12,90.4207,EUR
10055,2025-09-15,91.0763,EUR
10055,2025-09-16,91.0899,EUR
10055,2025-09-17,91.2805,EUR
10055,2025-09-18,91.642,EUR
10055,2025-09-19,91.3368,EUR
10055,2025-09-22,91.2711,EUR
10055,2025-09-23,91.3743,EUR
10055,2025-09-24,92.2071,EUR
10055,2025-09-25,92.1813,EUR
10055,2025-09-26,92.2889,EUR
10055,2025-09-29,92.9269,EUR
10055,2025-09-30,92.9592,EUR
10055,2025-10-01,92.7033,EUR
10055,2025-10-02,92.5734,EUR
10055,2025-10-03,92.3456,EUR
10055,2025-10-06,92.494,EUR
10055,2025-10-07,92.5601,EUR
10055,2025-10-08,92.701,EUR
10055,2025-10-09,93.0115,EUR
10055,2025-10-10,93.2364,EUR
10055,2025-10-13,93.3074,EUR
10055,2025-10-14,92.9211,EUR
10055,2025-10-15,93.5891,EUR
10055,2025-10-16,93.805,EUR
10055,2025-10-17,93.6773,EUR
10055,2025-10-20,93.8275,EUR
10055,2025-10-21,94.7091,EUR
10055,2025-10-22,94.8124,EUR
10055,2025-10-23,95.1716,EUR
10055,2025-10-24,94.7141,EUR
10055,2025-10-27,94.6491,EUR
10055,2025-10-28,94.4859,EUR
10055,2025-10-29,94.811,EUR
10055,2025-10-30,95.0137,EUR
10055,2025-10-31,95.7599,EUR
10055,2025-11-03,96.0031,EUR
10055,2025-11-04,96.3354,EUR
10055,2025-11-05,96.501,EUR
10055,2025-11-06,96.4733,EUR
10055,2025-11-07,97.1241,EUR
10055,2025-11-10,96.9299,EUR
10055,2025-11-11,96.8546,EUR
10055,2025-11-12,97.0755,EUR
10055,2025-11-13,97.562,EUR
10055,2025-11-14,97.7381,EUR
10055,2025-11-17,98.1783,EUR
10055,2025-11-18,97.7284,EUR
10055,2025-11-19,97.8437,EUR
10055,2025-11-20,97.6738,EUR
10055,2025-11-21,97.7262,EUR
10055,2025-11-24,97.6333,EUR
10055,2025-11-25,96.64,EUR
10055,2025-11-26,96.437,EUR
10055,2025-11-27,96.5139,EUR
10055,2025-11-28,96.3469,EUR
10055,2025-12-01,96.4324,EUR
10055,2025-12-02,96.2545,EUR
10055,2025-12-03,96.2422,EUR
10055,2025-12-04,95.7783,EUR
10055,2025-12-05,96.3133,EUR
10055,2025-12-08,96.2228,EUR
10055,2025-12-09,96.3728,EUR
10055,2025-12-10,96.1766,EUR
10055,2025-12-11,96.1221,EUR
10055,2025-12-12,96.2717,EUR
10055,2025-12-15,96.603,EUR
10055,2025-12-16,96.8714,EUR
10055,2025-12-17,96.7926,EUR
10055,2025-12-18,96.8784,EUR
10055,2025-12-19,96.4147,EUR
10055,2025-12-22,95.8449,EUR
10055,2025-12-23,95.9124,EUR
10055,2025-12-24,95.8445,EUR
10055,2025-12-25,96.0471,EUR
10055,2025-12-26,95.3416,EUR
10055,2025-12-29,95.1236,EUR
10055,2025-12-30,95.123,EUR
10055,2025-12-31,94.8019,EUR
10056,2024-12-24,102.2218,USD
10056,2024-12-25,102.1349,USD
10056,2024-12-26,102.0832,USD
10056,2024-12-27,102.7984,USD
10056,2024-12-30,103.1738,USD
10056,2024-12-31,103.4741,USD
10056,2025-01-01,103.764,USD
10056,2025-01-02,104.8013,USD
10056,2025-01-03,104.3553,USD
10056,2025-01-06,104.262,USD
10056,2025-01-07,104.2625,USD
10056,2025-01-08,104.9029,USD
10056,2025-01-09,105.4265,USD
10056,2025-01-10,105.5202,USD
10056,2025-01-13,104.9813,USD
10056,2025-01-14,104.8313,USD
10056,2025-01-15,104.6476,USD
10056,2025-01-16,104.978,USD
10056,2025-01-17,105.3994,USD
10056,2025-01-20,105.1463,USD
10056,2025-01-21,105.2409,USD
10056,2025-01-22,105.7149,USD
10056,2025-01-23,106.3414,USD
10056,2025-01-24,105.5658,USD
10056,2025-01-27,105.6856,USD
10056,2025-01-28,105.1701,USD
10056,2025-01-29,104.72,USD
10056,2025-01-30,104.2468,USD
10056,2025-01-31,104.5893,USD
10056,2025-02-03,104.6056,USD
10056,2025-02-04,105.167,USD
10056,2025-02-05,104.706,USD
10056,2025-02-06,104.9682,USD
10056,2025-02-07,104.3892,USD
10056,2025-02-10,104.1844,USD
10056,2025-02-11,104.23,USD
10056,2025-02-12,104.2181,USD
10056,2025-02-13,103.9935,USD
10056,2025-02-14,104.3864,USD
10056,2025-02-17,104.471,USD
10056,2025-02-18,104.1086,USD
10056,2025-02-19,104.4299,USD
10056,2025-02-20,104.4746,USD
10056,2025-02-21,104.2447,USD
10056,2025-02-24,104.4742,USD
10056,2025-02-25,104.3497,USD
10056,2025-02-26,103.9104,USD
10056,2025-02-27,104.1428,USD
10056,2025-02-28,103.8241,USD
10056,2025-03-03,103.3814,USD
10056,2025-03-04,103.4119,USD
10056,2025-03-05,103.0859,USD
10056,2025-03-06,103.1578,USD
10056,2025-03-07,102.6792,USD
10056,2025-03-10,102.7665,USD
10056,2025-03-11,102.7437,USD
10056,2025-03-12,102.5447,USD
10056,2025-03-13,102.0734,USD
10056,2025-03-14,102.0683,USD
10056,2025-03-17,102.3061,USD
10056,2025-03-18,101.8878,USD
10056,2025-03-19,102.0268,USD
10056,2025-03-20,102.4996,USD
10056,2025-03-21,102.4802,USD
10056,2025-03-24,102.5591,USD
10056,2025-03-25,102.5331,USD
10056,2025-03-26,102.511,USD
10056,2025-03-27,102.4394,USD
10056,2025-03-28,102.5569,USD
10056,2025-03-31,102.497,USD
10056,2025-04-01,102.5371,USD
10056,2025-04-02,101.6439,USD
10056,2025-04-03,101.8313,USD
10056,2025-04-04,102.2701,USD
10056,2025-04-07,102.1817,USD
10056,2025-04-08,101.9433,USD
10056,2025-04-09,101.9261,USD
10056,2025-04-10,102.1948,USD
10056,2025-04-11,102.4442,USD
10056,2025-04-14,103.0619,USD
10056,2025-04-15,103.6373,USD
10056,2025-04-16,103.7435,USD
10056,2025-04-17,103.0569,USD
10056,2025-04-18,103.1982,USD
10056,2025-04-21,102.7872,USD
10056,2025-04-22,103.2566,USD
10056,2025-04-23,103.1597,USD
10056,2025-04-24,103.3766,USD
10056,2025-04-25,103.7353,USD
10056,2025-04-28,103.4394,USD
10056,2025-04-29,103.146,USD
10056,2025-04-30,103.5797,USD
10056,2025-05-01,102.5798,USD
10056,2025-05-02,102.6415,USD
10056,2025-05-05,102.6922,USD
10056,2025-05-06,102.913,USD
10056,2025-05-07,103.4233,USD
10056,2025-05-08,103.492,USD
10056,2025-05-09,103.9418,USD
10056,2025-05-12,104.1173,USD
10056,2025-05-13,104.1511,USD
10056,2025-05-14,104.2013,USD
10056,2025-05-15,104.3758,USD
10056,2025-05-16,104.0541,USD
10056,2025-05-19,103.3577,USD
10056,2025-05-20,103.766,USD
10056,2025-05-21,104.2183,USD
10056,2025-05-22,103.4695,USD
10056,2025-05-23,103.7764,USD
10056,2025-05-26,104.2827,USD
10056,2025-05-27,104.5113,USD
10056,2025-05-28,104.4788,USD
10056,2025-05-29,104.9413,USD
10056,2025-05-30,105.3339,USD
10056,2025-06-02,105.5154,USD
10056,2025-06-03,105.5708,USD
10056,2025-06-04,105.9896,USD
10056,2025-06-05,105.6453,USD
10056,2025-06-06,106.0177,USD
10056,2025-06-09,105.2208,USD
10056,2025-06-10,104.5412,USD
10056,2025-06-11,104.0327,USD
10056,2025-06-12,104.2195,USD
10056,2025-06-13,104.6903,USD
10056,2025-06-16,104.6245,USD
10056,2025-06-17,104.3075,USD
10056,2025-06-18,104.5801,USD
10056,2025-06-19,104.6115,USD
10056,2025-06-20,104.106,USD
10056,2025-06-23,104.0107,USD
10056,2025-06-24,103.1864,USD
10056,2025-06-25,103.2794,USD
10056,2025-06-26,103.3786,USD
10056,2025-06-27,103.4476,USD
10056,2025-06-30,104.0663,USD
10056,2025-07-01,104.4651,USD
10056,2025-07-02,104.5777,USD
10056,2025-07-03,104.6863,USD
10056,2025-07-04,104.7657,USD
10056,2025-07-07,104.8651,USD
10056,2025-07-08,104.1576,USD
10056,2025-07-09,103.4323,USD
10056,2025-07-10,103.5434,USD
10056,2025-07-11,103.3445,USD
10056,2025-07-14,102.9906,USD
10056,2025-07-15,102.3823,USD
10056,2025-07-16,102.3925,USD
10056,2025-07-17,102.2056,USD
10056,2025-07-18,101.817,USD
10056,2025-07-21,101.7703,USD
10056,2025-07-22,101.4577,USD
10056,2025-07-23,101.3145,USD
10056,2025-07-24,101.5952,USD
10056,2025-07-25,101.4944,USD
10056,2025-07-28,100.9161,USD
10056,2025-07-29,101.5192,USD
10056,2025-07-30,101.0816,USD
10056,2025-07-31,100.3221,USD
10056,2025-08-01,100.8567,USD
10056,2025-08-04,100.8545,USD
10056,2025-08-05,100.9818,USD
10056,2025-08-06,100.8012,USD
10056,2025-08-07,101.4055,USD
10056,2025-08-08,101.5307,USD
10056,2025-08-11,102.2331,USD
10056,2025-08-12,102.1332,USD
10056,2025-08-13,101.6619,USD
10056,2025-08-14,102.0045,USD
10056,2025-08-15,102.2944,USD
10056,2025-08-18,102.4063,USD
10056,2025-08-19,102.5619,USD
10056,2025-08-20,102.1821,USD
10056,2025-08-21,101.4693,USD
10056,2025-08-22,101.7665,USD
10056,2025-08-25,102.1763,USD
10056,2025-08-26,102.1362,USD
10056,2025-08-27,101.9411,USD
10056,2025-08-28,101.837,USD
10056,2025-08-29,101.944,USD
10056,2025-09-01,102.302,USD
10056,2025-09-02,102.3937,USD
10056,2025-09-03,102.7494,USD
10056,2025-09-04,102.5445,USD
10056,2025-09-05,102.283,USD
10056,2025-09-08,102.2973,USD
10056,2025-09-09,101.9282,USD
10056,2025-09-10,102.3847,USD
10056,2025-09-11,102.2222,USD
10056,2025-09-12,101.9273,USD
10056,2025-09-15,101.8922,USD
10056,2025-09-16,102.054,USD
10056,2025-09-17,102.0611,USD
10056,2025-09-18,102.0403,USD
10056,2025-09-19,101.7209,USD
10056,2025-09-22,102.3025,USD
10056,2025-09-23,102.4403,USD
10056,2025-09-24,102.4945,USD
10056,2025-09-25,102.3498,USD
10056,2025-09-26,102.7683,USD
10056,2025-09-29,102.6033,USD
10056,2025-09-30,102.0859,USD
10056,2025-10-01,102.3996,USD
10056,2025-10-02,102.4523,USD
10056,2025-10-03,101.9463,USD
10056,2025-10-06,102.0995,USD
10056,2025-10-07,101.927,USD
10056,2025-10-08,102.5027,USD
10056,2025-10-09,102.1445,USD
10056,2025-10-10,101.612,USD
10056,2025-10-13,102.1555,USD
10056,2025-10-14,102.1122,USD
10056,2025-10-15,102.3862,USD
10056,2025-10-16,102.4552,USD
10056,2025-10-17,102.4683,USD
10056,2025-10-20,101.7267,USD
10056,2025-10-21,101.4032,USD
10056,2025-10-22,101.636,USD
10056,2025-10-23,102.3211,USD
10056,2025-10-24,102.0865,USD
10056,2025-10-27,102.3134,USD
10056,2025-10-28,102.7173,USD
10056,2025-10-29,102.9519,USD
10056,2025-10-30,103.204,USD
10056,2025-10-31,103.8817,USD
10056,2025-11-03,103.7871,USD
10056,2025-11-04,104.1964,USD
10056,2025-11-05,104.4072,USD
10056,2025-11-06,104.5272,USD
10056,2025-11-07,104.2448,USD
10056,2025-11-10,104.0103,USD
10056,2025-11-11,103.9418,USD
10056,2025-11-12,103.7587,USD
10056,2025-11-13,103.9662,USD
10056,2025-11-14,103.3961,USD
10056,2025-11-17,104.114,USD
10056,2025-11-18,104.3083,USD
10056,2025-11-19,104.8645,USD
10056,2025-11-20,105.3473,USD
10056,2025-11-21,105.5198,USD
10056,2025-11-24,105.3996,USD
10056,2025-11-25,105.562,USD
10056,2025-11-26,105.2979,USD
10056,2025-11-27,104.8342,USD
10056,2025-11-28,104.5855,USD
10056,2025-12-01,105.0108,USD
10056,2025-12-02,104.7866,USD
10056,2025-12-03,104.496,USD
10056,2025-12-04,104.8086,USD
10056,2025-12-05,104.8971,USD
10056,2025-12-08,105.1745,USD
10056,2025-12-09,105.0619,USD
10056,2025-12-10,105.0366,USD
10056,2025-12-11,104.5617,USD
10056,2025-12-12,104.1948,USD
10056,2025-12-15,104.5783,USD
10056,2025-12-16,104.6488,USD
10056,2025-12-17,104.1095,USD
10056,2025-12-18,104.1883,USD
10056,2025-12-19,104.0193,USD
10056,2025-12-22,103.5249,USD
10056,2025-12-23,103.4637,USD
10056,2025-12-24,103.2915,USD
10056,2025-12-25,103.7033,USD
10056,2025-12-26,103.6717,USD
10056,2025-12-29,103.8933,USD
10056,2025-12-30,103.5745,USD
10056,2025-12-31,104.0738,USD
10057,2024-12-24,100.8639,EUR
10057,2024-12-25,100.9555,EUR
10057,2024-12-26,100.6379,EUR
10057,2024-12-27,100.4355,EUR
10057,2024-12-30,100.3275,EUR
10057,2024-12-31,100.0659,EUR
10057,2025-01-01,99.5743,EUR
10057,2025-01-02,99.8605,EUR
10057,2025-01-03,100.273,EUR
10057,2025-01-06,99.9752,EUR
10057,2025-01-07,99.1343,EUR
10057,2025-01-08,99.3931,EUR
10057,2025-01-09,99.348,EUR
10057,2025-01-10,98.5314,EUR
10057,2025-01-13,98.7853,EUR
10057,2025-01-14,98.7165,EUR
10057,2025-01-15,98.3794,EUR
10057,2025-01-16,97.6509,EUR
10057,2025-01-17,98.6074,EUR
10057,2025-01-20,97.719,EUR
10057,2025-01-21,98.5954,EUR
10057,2025-01-22,98.4054,EUR
10057,2025-01-23,98.5711,EUR
10057,2025-01-24,98.4589,EUR
10057,2025-01-27,98.4616,EUR
10057,2025-01-28,98.7081,EUR
10057,2025-01-29,98.9302,EUR
10057,2025-01-30,99.4223,EUR
10057,2025-01-31,99.464,EUR
10057,2025-02-03,99.2643,EUR
10057,2025-02-04,99.684,EUR
10057,2025-02-05,99.4331,EUR
10057,2025-02-06,99.6152,EUR
10057,2025-02-07,99.864,EUR
10057,2025-02-10,99.2699,EUR
10057,2025-02-11,98.6751,EUR
10057,2025-02-12,98.2191,EUR
10057,2025-02-13,98.9101,EUR
10057,2025-02-14,99.3597,EUR
10057,2025-02-17,99.7709,EUR
10057,2025-02-18,98.7449,EUR
10057,2025-02-19,98.6244,EUR
10057,2025-02-20,98.4895,EUR
10057,2025-02-21,97.9326,EUR
10057,2025-02-24,97.9453,EUR
10057,2025-02-25,98.1373,EUR
10057,2025-02-26,98.4055,EUR
10057,2025-02-27,98.5521,EUR
10057,2025-02-28,98.7147,EUR
10057,2025-03-03,98.8084,EUR
10057,2025-03-04,98.5215,EUR
10057,2025-03-05,97.9124,EUR
10057,2025-03-06,97.8015,EUR
10057,2025-03-07,97.7059,EUR
10057,2025-03-10,97.6618,EUR
10057,2025-03-11,97.0336,EUR
10057,2025-03-12,96.5424,EUR
10057,2025-03-13,97.141,EUR
10057,2025-03-14,96.8575,EUR
10057,2025-03-17,96.9789,EUR
10057,2025-03-18,96.5362,EUR
10057,2025-03-19,96.3973,EUR
10057,2025-03-20,97.0691,EUR
10057,2025-03-21,97.5437,EUR
10057,2025-03-24,97.5366,EUR
10057,2025-03-25,97.6719,EUR
10057,2025-03-26,97.6938,EUR
10057,2025-03-27,97.2958,EUR
10057,2025-03-28,97.0408,EUR
10057,2025-03-31,96.7035,EUR
10057,2025-04-01,96.2319,EUR
10057,2025-04-02,96.3518,EUR
10057,2025-04-03,96.5024,EUR
10057,2025-04-04,97.2395,EUR
10057,2025-04-07,96.659,EUR
10057,2025-04-08,96.7151,EUR
10057,2025-04-09,96.8777,EUR
10057,2025-04-10,96.5755,EUR
10057,2025-04-11,96.8748,EUR
10057,2025-04-14,97.2331,EUR
10057,2025-04-15,97.6995,EUR
10057,2025-04-16,97.7571,EUR
10057,2025-04-17,97.6528,EUR
10057,2025-04-18,97.4133,EUR
10057,2025-04-21,96.9556,EUR
10057,2025-04-22,97.2416,EUR
10057,2025-04-23,97.1165,EUR
10057,2025-04-24,96.8326,EUR
10057,2025-04-25,97.4798,EUR
10057,2025-04-28,98.2285,EUR
10057,2025-04-29,97.6103,EUR
10057,2025-04-30,97.5895,EUR
10057,2025-05-01,97.0918,EUR
10057,2025-05-02,97.1156,EUR
10057,2025-05-05,97.364,EUR
10057,2025-05-06,97.0848,EUR
10057,2025-05-07,97.3994,EUR
10057,2025-05-08,97.9752,EUR
10057,2025-05-09,97.7925,EUR
10057,2025-05-12,97.8966,EUR
10057,2025-05-13,98.1614,EUR
10057,2025-05-14,98.6665,EUR
10057,2025-05-15,98.6154,EUR
10057,2025-05-16,98.5504,EUR
10057,2025-05-19,98.5101,EUR
10057,2025-05-20,98.1516,EUR
10057,2025-05-21,97.5179,EUR
10057,2025-05-22,98.0187,EUR
10057,2025-05-23,98.4025,EUR
10057,2025-05-26,98.4687,EUR
10057,2025-05-27,98.3792,EUR
10057,2025-05-28,98.8742,EUR
10057,2025-05-29,98.4519,EUR
10057,2025-05-30,98.7883,EUR
10057,2025-06-02,99.4704,EUR
10057,2025-06-03,99.1617,EUR
10057,2025-06-04,99.4899,EUR
10057,2025-06-05,98.7924,EUR
10057,2025-06-06,98.4879,EUR
10057,2025-06-09,98.3127,EUR
10057,2025-06-10,97.8875,EUR
10057,2025-06-11,98.0909,EUR
10057,2025-06-12,97.8265,EUR
10057,2025-06-13,98.1792,EUR
10057,2025-06-16,98.2243,EUR
10057,2025-06-17,98.4945,EUR
10057,2025-06-18,98.1171,EUR
10057,2025-06-19,97.903,EUR
10057,2025-06-20,97.8114,EUR
10057,2025-06-23,97.6444,EUR
10057,2025-06-24,98.5574,EUR
10057,2025-06-25,97.9043,EUR
10057,2025-06-26,98.4843,EUR
10057,2025-06-27,97.755,EUR
10057,2025-06-30,97.849,EUR
10057,2025-07-01,97.1519,EUR
10057,2025-07-02,97.8204,EUR
10057,2025-07-03,98.0588,EUR
10057,2025-07-04,98.5116,EUR
10057,2025-07-07,98.5437,EUR
10057,2025-07-08,98.3945,EUR
10057,2025-07-09,98.15,EUR
10057,2025-07-10,98.2248,EUR
10057,2025-07-11,98.5611,EUR
10057,2025-07-14,99.2295,EUR
10057,2025-07-15,99.3998,EUR
10057,2025-07-16,99.0269,EUR
10057,2025-07-17,99.2224,EUR
10057,2025-07-18,99.321,EUR
10057,2025-07-21,100.1357,EUR
10057,2025-07-22,100.7842,EUR
10057,2025-07-23,100.1387,EUR
10057,2025-07-24,100.2235,EUR
10057,2025-07-25,99.3894,EUR
10057,2025-07-28,99.1445,EUR
10057,2025-07-29,98.6827,EUR
10057,2025-07-30,98.2753,EUR
10057,2025-07-31,97.9311,EUR
10057,2025-08-01,97.7463,EUR
10057,2025-08-04,97.8918,EUR
10057,2025-08-05,97.7206,EUR
10057,2025-08-06,97.9402,EUR
10057,2025-08-07,97.8971,EUR
10057,2025-08-08,97.9866,EUR
10057,2025-08-11,97.883,EUR
10057,2025-08-12,98.3898,EUR
10057,2025-08-13,98.4762,EUR
10057,2025-08-14,98.5184,EUR
10057,2025-08-15,98.8057,EUR
10057,2025-08-18,98.2978,EUR
10057,2025-08-19,97.9668,EUR
10057,2025-08-20,98.4057,EUR
10057,2025-08-21,99.1405,EUR
10057,2025-08-22,100.0793,EUR
10057,2025-08-25,99.5118,EUR
10057,2025-08-26,100.3887,EUR
10057,2025-08-27,100.0069,EUR
10057,2025-08-28,99.9361,EUR
10057,2025-08-29,99.8136,EUR
10057,2025-09-01,99.8399,EUR
10057,2025-09-02,99.6837,EUR
10057,2025-09-03,99.7672,EUR
10057,2025-09-04,99.2091,EUR
10057,2025-09-05,98.6611,EUR
10057,2025-09-08,98.7164,EUR
10057,2025-09-09,98.9866,EUR
10057,2025-09-10,99.2501,EUR
10057,2025-09-11,99.3091,EUR
10057,2025-09-12,99.1328,EUR
10057,2025-09-15,98.3951,EUR
10057,2025-09-16,98.5286,EUR
10057,2025-09-17,98.0998,EUR
10057,2025-09-18,98.1138,EUR
10057,2025-09-19,97.6177,EUR
10057,2025-09-22,97.5011,EUR
10057,2025-09-23,97.1735,EUR
10057,2025-09-24,97.298,EUR
10057,2025-09-25,97.3103,EUR
10057,2025-09-26,96.6243,EUR
10057,2025-09-29,97.2887,EUR
10057,2025-09-30,97.3556,EUR
10057,2025-10-01,97.5945,EUR
10057,2025-10-02,97.6178,EUR
10057,2025-10-03,98.3973,EUR
10057,2025-10-06,98.7317,EUR
10057,2025-10-07,98.6514,EUR
10057,2025-10-08,98.2523,EUR
10057,2025-10-09,98.1578,EUR
10057,2025-10-10,97.7326,EUR
10057,2025-10-13,97.7313,EUR
10057,2025-10-14,97.5493,EUR
10057,2025-10-15,97.4105,EUR
10057,2025-10-16,96.4211,EUR
10057,2025-10-17,96.1313,EUR
10057,2025-10-20,96.3545,EUR
10057,2025-10-21,96.1074,EUR
10057,2025-10-22,95.6373,EUR
10057,2025-10-23,95.8909,EUR
10057,2025-10-24,95.2293,EUR
10057,2025-10-27,94.9789,EUR
10057,2025-10-28,94.4142,EUR
10057,2025-10-29,93.8766,EUR
10057,2025-10-30,93.4565,EUR
10057,2025-10-31,93.3245,EUR
10057,2025-11-03,93.1476,EUR
10057,2025-11-04,93.0585,EUR
10057,2025-11-05,93.4149,EUR
10057,2025-11-06,93.1621,EUR
10057,2025-11-07,93.4789,EUR
10057,2025-11-10,93.7317,EUR
10057,2025-11-11,94.3138,EUR
10057,2025-11-12,94.2966,EUR
10057,2025-11-13,94.1956,EUR
10057,2025-11-14,94.0862,EUR
10057,2025-11-17,93.8857,EUR
10057,2025-11-18,93.3142,EUR
10057,2025-11-19,93.2996,EUR
10057,2025-11-20,93.2244,EUR
10057,2025-11-21,93.7458,EUR
10057,2025-11-24,94.0567,EUR
10057,2025-11-25,93.2883,EUR
10057,2025-11-26,93.0213,EUR
10057,2025-11-27,93.3347,EUR
10057,2025-11-28,93.127,EUR
10057,2025-12-01,93.3472,EUR
10057,2025-12-02,93.5827,EUR
10057,2025-12-03,93.9016,EUR
10057,2025-12-04,94.7033,EUR
10057,2025-12-05,94.3789,EUR
10057,2025-12-08,94.6098,EUR
10057,2025-12-09,94.9473,EUR
10057,2025-12-10,95.3598,EUR
10057,2025-12-11,95.528,EUR
10057,2025-12-12,95.7852,EUR
10057,2025-12-15,96.1773,EUR
10057,2025-12-16,96.2122,EUR
10057,2025-12-17,95.9615,EUR
10057,2025-12-18,95.1257,EUR
10057,2025-12-19,95.2954,EUR
10057,2025-12-22,95.2692,EUR
10057,2025-12-23,96.2822,EUR
10057,2025-12-24,96.9863,EUR
10057,2025-12-25,96.8479,EUR
10057,2025-12-26,97.5097,EUR
10057,2025-12-29,98.0072,EUR
10057,2025-12-30,98.6431,EUR
10057,2025-12-31,98.163,EUR
10058,2024-12-24,101.6928,EUR
10058,2024-12-25,101.5998,EUR
10058,2024-12-26,101.8783,EUR
10058,2024-12-27,102.0151,EUR
10058,2024-12-30,102.1501,EUR
10058,2024-12-31,102.2894,EUR
10058,2025-01-01,101.7691,EUR
10058,2025-01-02,101.7702,EUR
10058,2025-01-03,102.0828,EUR
10058,2025-01-06,101.7064,EUR
10058,2025-01-07,101.6262,EUR
10058,2025-01-08,101.8928,EUR
10058,2025-01-09,101.6036,EUR
10058,2025-01-10,101.903,EUR
10058,2025-01-13,101.6695,EUR
10058,2025-01-14,101.9446,EUR
10058,2025-01-15,101.1446,EUR
10058,2025-01-16,100.7253,EUR
10058,2025-01-17,100.9177,EUR
10058,2025-01-20,100.7844,EUR
10058,2025-01-21,101.0016,EUR
10058,2025-01-22,101.6346,EUR
10058,2025-01-23,101.2762,EUR
10058,2025-01-24,101.2129,EUR
10058,2025-01-27,100.4302,EUR
10058,2025-01-28,100.1676,EUR
10058,2025-01-29,99.8998,EUR
10058,2025-01-30,99.8274,EUR
10058,2025-01-31,98.7198,EUR
10058,2025-02-03,98.6952,EUR
10058,2025-02-04,98.6215,EUR
10058,2025-02-05,98.3825,EUR
10058,2025-02-06,98.3726,EUR
10058,2025-02-07,98.4973,EUR
10058,2025-02-10,98.6319,EUR
10058,2025-02-11,98.8111,EUR
10058,2025-02-12,98.3088,EUR
10058,2025-02-13,98.2325,EUR
10058,2025-02-14,97.7801,EUR
10058,2025-02-17,97.6732,EUR
10058,2025-02-18,97.6856,EUR
10058,2025-02-19,97.3612,EUR
10058,2025-02-20,96.4194,EUR
10058,2025-02-21,96.3858,EUR
10058,2025-02-24,96.7048,EUR
10058,2025-02-25,96.5762,EUR
10058,2025-02-26,96.9367,EUR
10058,2025-02-27,96.9442,EUR
10058,2025-02-28,97.0306,EUR
10058,2025-03-03,96.4963,EUR
10058,2025-03-04,97.3033,EUR
10058,2025-03-05,97.9636,EUR
10058,2025-03-06,97.8047,EUR
10058,2025-03-07,98.1504,EUR
10058,2025-03-10,98.523,EUR
10058,2025-03-11,98.8987,EUR
10058,2025-03-12,99.2935,EUR
10058,2025-03-13,98.9213,EUR
10058,2025-03-14,98.4458,EUR
10058,2025-03-17,98.6016,EUR
10058,2025-03-18,98.8195,EUR
10058,2025-03-19,98.9267,EUR
10058,2025-03-20,98.1315,EUR
10058,2025-03-21,98.0906,EUR
10058,2025-03-24,98.0997,EUR
10058,2025-03-25,97.7814,EUR
10058,2025-03-26,96.7299,EUR
10058,2025-03-27,96.7912,EUR
10058,2025-03-28,97.0409,EUR
10058,2025-03-31,97.0936,EUR
10058,2025-04-01,97.4517,EUR
10058,2025-04-02,97.5659,EUR
10058,2025-04-03,97.4022,EUR
10058,2025-04-04,97.5168,EUR
10058,2025-04-07,97.6789,EUR
10058,2025-04-08,97.8649,EUR
10058,2025-04-09,98.0564,EUR
10058,2025-04-10,97.5554,EUR
10058,2025-04-11,97.3057,EUR
10058,2025-04-14,96.6755,EUR
10058,2025-04-15,97.0963,EUR
10058,2025-04-16,97.1042,EUR
10058,2025-04-17,97.3692,EUR
10058,2025-04-18,97.57,EUR
10058,2025-04-21,97.3361,EUR
10058,2025-04-22,97.8565,EUR
10058,2025-04-23,97.8226,EUR
10058,2025-04-24,97.982,EUR
10058,2025-04-25,97.5264,EUR
10058,2025-04-28,97.3414,EUR
10058,2025-04-29,96.5501,EUR
10058,2025-04-30,96.4353,EUR
10058,2025-05-01,96.0741,EUR
10058,2025-05-02,95.5258,EUR
10058,2025-05-05,95.0125,EUR
10058,2025-05-06,94.8698,EUR
10058,2025-05-07,94.8197,EUR
10058,2025-05-08,95.0072,EUR
10058,2025-05-09,94.6694,EUR
10058,2025-05-12,94.1603,EUR
10058,2025-05-13,94.0632,EUR
10058,2025-05-14,93.9876,EUR
10058,2025-05-15,94.3965,EUR
10058,2025-05-16,94.4231,EUR
10058,2025-05-19,94.9998,EUR
10058,2025-05-20,95.2634,EUR
10058,2025-05-21,95.6895,EUR
10058,2025-05-22,95.0646,EUR
10058,2025-05-23,95.0237,EUR
10058,2025-05-26,94.9011,EUR
10058,2025-05-27,94.9495,EUR
10058,2025-05-28,94.5322,EUR
10058,2025-05-29,94.6725,EUR
10058,2025-05-30,95.1854,EUR
10058,2025-06-02,95.7032,EUR
10058,2025-06-03,95.5649,EUR
10058,2025-06-04,95.2018,EUR
10058,2025-06-05,95.3193,EUR
10058,2025-06-06,95.8806,EUR
10058,2025-06-09,96.3322,EUR
10058,2025-06-10,96.5734,EUR
10058,2025-06-11,96.2393,EUR
10058,2025-06-12,96.0651,EUR
10058,2025-06-13,96.1238,EUR
10058,2025-06-16,96.5006,EUR
10058,2025-06-17,97.138,EUR
10058,2025-06-18,97.4849,EUR
10058,2025-06-19,97.301,EUR
10058,2025-06-20,97.4565,EUR
10058,2025-06-23,97.4429,EUR
10058,2025-06-24,97.4809,EUR
10058,2025-06-25,97.1283,EUR
10058,2025-06-26,97.3022,EUR
10058,2025-06-27,96.5301,EUR
10058,2025-06-30,96.5781,EUR
10058,2025-07-01,96.7285,EUR
10058,2025-07-02,97.0328,EUR
10058,2025-07-03,96.7411,EUR
10058,2025-07-04,96.6576,EUR
10058,2025-07-07,96.2013,EUR
10058,2025-07-08,96.8486,EUR
10058,2025-07-09,96.7561,EUR
10058,2025-07-10,96.9487,EUR
10058,2025-07-11,96.2159,EUR
10058,2025-07-14,96.4888,EUR
10058,2025-07-15,96.8167,EUR
10058,2025-07-16,96.6305,EUR
10058,2025-07-17,96.9717,EUR
10058,2025-07-18,96.8837,EUR
10058,2025-07-21,96.3274,EUR
10058,2025-07-22,96.0688,EUR
10058,2025-07-23,96.2552,EUR
10058,2025-07-24,96.5239,EUR
10058,2025-07-25,96.1456,EUR
10058,2025-07-28,96.3702,EUR
10058,2025-07-29,96.3839,EUR
10058,2025-07-30,96.5372,EUR
10058,2025-07-31,96.1439,EUR
10058,2025-08-01,95.9573,EUR
10058,2025-08-04,96.0185,EUR
10058,2025-08-05,96.478,EUR
10058,2025-08-06,96.7965,EUR
10058,2025-08-07,96.3965,EUR
10058,2025-08-08,96.4421,EUR
10058,2025-08-11,96.6541,EUR
10058,2025-08-12,96.0237,EUR
10058,2025-08-13,95.4636,EUR
10058,2025-08-14,95.3264,EUR
10058,2025-08-15,95.8322,EUR
10058,2025-08-18,96.3898,EUR
10058,2025-08-19,96.7218,EUR
10058,2025-08-20,97.4757,EUR
10058,2025-08-21,97.419,EUR
10058,2025-08-22,97.7762,EUR
10058,2025-08-25,98.2032,EUR
10058,2025-08-26,98.4423,EUR
10058,2025-08-27,98.0979,EUR
10058,2025-08-28,97.9594,EUR
10058,2025-08-29,98.0241,EUR
10058,2025-09-01,98.1095,EUR
10058,2025-09-02,97.9041,EUR
10058,2025-09-03,98.7704,EUR
10058,2025-09-04,98.2952,EUR
10058,2025-09-05,98.6453,EUR
10058,2025-09-08,97.9567,EUR
10058,2025-09-09,98.0399,EUR
10058,2025-09-10,97.7358,EUR
10058,2025-09-11,97.9081,EUR
10058,2025-09-12,97.9911,EUR
10058,2025-09-15,97.3475,EUR
10058,2025-09-16,97.131,EUR
10058,2025-09-17,96.9834,EUR
10058,2025-09-18,96.7711,EUR
10058,2025-09-19,96.8051,EUR
10058,2025-09-22,96.4778,EUR
10058,2025-09-23,96.7665,EUR
10058,2025-09-24,96.4793,EUR
10058,2025-09-25,96.3402,EUR
10058,2025-09-26,95.5332,EUR
10058,2025-09-29,95.378,EUR
10058,2025-09-30,95.7786,EUR
10058,2025-10-01,95.3456,EUR
10058,2025-10-02,95.2646,EUR
10058,2025-10-03,94.9007,EUR
10058,2025-10-06,95.1858,EUR
10058,2025-10-07,95.2908,EUR
10058,2025-10-08,94.8726,EUR
10058,2025-10-09,94.9597,EUR
10058,2025-10-10,94.8416,EUR
10058,2025-10-13,94.6563,EUR
10058,2025-10-14,95.2169,EUR
10058,2025-10-15,95.8556,EUR
10058,2025-10-16,95.5963,EUR
10058,2025-10-17,94.9809,EUR
10058,2025-10-20,95.0142,EUR
10058,2025-10-21,94.8527,EUR
10058,2025-10-22,95.2428,EUR
10058,2025-10-23,96.0937,EUR
10058,2025-10-24,94.9893,EUR
10058,2025-10-27,95.0484,EUR
10058,2025-10-28,95.2615,EUR
10058,2025-10-29,96.334,EUR
10058,2025-10-30,95.974,EUR
10058,2025-10-31,95.9289,EUR
10058,2025-11-03,96.3414,EUR
10058,2025-11-04,96.7538,EUR
10058,2025-11-05,96.4969,EUR
10058,2025-11-06,96.5013,EUR
10058,2025-11-07,95.5187,EUR
10058,2025-11-10,96.0753,EUR
10058,2025-11-11,96.5328,EUR
10058,2025-11-12,96.3128,EUR
10058,2025-11-13,95.6465,EUR
10058,2025-11-14,96.3095,EUR
10058,2025-11-17,96.9156,EUR
10058,2025-11-18,96.4769,EUR
10058,2025-11-19,96.6875,EUR
10058,2025-11-20,96.7594,EUR
10058,2025-11-21,96.2261,EUR
10058,2025-11-24,95.5064,EUR
10058,2025-11-25,95.6892,EUR
10058,2025-11-26,95.5086,EUR
10058,2025-11-27,94.6506,EUR
10058,2025-11-28,93.7907,EUR
10058,2025-12-01,93.7378,EUR
10058,2025-12-02,93.6551,EUR
10058,2025-12-03,93.4196,EUR
10058,2025-12-04,93.0078,EUR
10058,2025-12-05,92.6762,EUR
10058,2025-12-08,92.5203,EUR
10058,2025-12-09,92.2871,EUR
10058,2025-12-10,91.7894,EUR
10058,2025-12-11,91.164,EUR
10058,2025-12-12,91.0151,EUR
10058,2025-12-15,90.5187,EUR
10058,2025-12-16,91.1352,EUR
10058,2025-12-17,91.475,EUR
10058,2025-12-18,91.4822,EUR
10058,2025-12-19,90.783,EUR
10058,2025-12-22,90.5601,EUR
10058,2025-12-23,90.2991,EUR
10058,2025-12-24,90.5636,EUR
10058,2025-12-25,90.7072,EUR
10058,2025-12-26,90.0722,EUR
10058,2025-12-29,89.7609,EUR
10058,2025-12-30,90.075,EUR
10058,2025-12-31,89.7286,EUR
10059,2024-12-24,104.6121,EUR
10059,2024-12-25,105.0172,EUR
10059,2024-12-26,105.0838,EUR
10059,2024-12-27,105.162,EUR
10059,2024-12-30,105.3761,EUR
10059,2024-12-31,105.8702,EUR
10059,2025-01-01,106.0616,EUR
10059,2025-01-02,107.029,EUR
10059,2025-01-03,106.8977,EUR
10059,2025-01-06,106.3538,EUR
10059,2025-01-07,106.274,EUR
10059,2025-01-08,106.2572,EUR
10059,2025-01-09,105.8148,EUR
10059,2025-01-10,106.2199,EUR
10059,2025-01-13,105.9489,EUR
10059,2025-01-14,105.7929,EUR
10059,2025-01-15,105.9253,EUR
10059,2025-01-16,105.822,EUR
10059,2025-01-17,105.2337,EUR
10059,2025-01-20,105.1815,EUR
10059,2025-01-21,104.9927,EUR
10059,2025-01-22,104.7771,EUR
10059,2025-01-23,104.855,EUR
10059,2025-01-24,104.6223,EUR
10059,2025-01-27,104.9076,EUR
10059,2025-01-28,104.6551,EUR
10059,2025-01-29,104.4394,EUR
10059,2025-01-30,104.5217,EUR
10059,2025-01-31,103.9733,EUR
10059,2025-02-03,104.4814,EUR
10059,2025-02-04,104.7874,EUR
10059,2025-02-05,104.9857,EUR
10059,2025-02-06,105.0073,EUR
10059,2025-02-07,105.0557,EUR
10059,2025-02-10,105.1829,EUR
10059,2025-02-11,105.6833,EUR
10059,2025-02-12,105.6839,EUR
10059,2025-02-13,105.3891,EUR
10059,2025-02-14,105.7524,EUR
10059,2025-02-17,105.5405,EUR
10059,2025-02-18,105.8778,EUR
10059,2025-02-19,105.4752,EUR
10059,2025-02-20,105.8007,EUR
10059,2025-02-21,105.7264,EUR
10059,2025-02-24,105.809,EUR
10059,2025-02-25,105.7964,EUR
10059,2025-02-26,105.8335,EUR
10059,2025-02-27,105.836,EUR
10059,2025-02-28,105.7547,EUR
10059,2025-03-03,105.7381,EUR
10059,2025-03-04,105.9437,EUR
10059,2025-03-05,106.3131,EUR
10059,2025-03-06,106.745,EUR
10059,2025-03-07,106.7652,EUR
10059,2025-03-10,106.594,EUR
10059,2025-03-11,106.1613,EUR
10059,2025-03-12,106.4288,EUR
10059,2025-03-13,106.5056,EUR
10059,2025-03-14,106.6763,EUR
10059,2025-03-17,107.0178,EUR
10059,2025-03-18,107.159,EUR
10059,2025-03-19,107.0356,EUR
10059,2025-03-20,106.992,EUR
10059,2025-03-21,106.9432,EUR
10059,2025-03-24,107.1071,EUR
10059,2025-03-25,107.4094,EUR
10059,2025-03-26,107.7814,EUR
10059,2025-03-27,108.1938,EUR
10059,2025-03-28,108.243,EUR
10059,2025-03-31,107.7269,EUR
10059,2025-04-01,107.9356,EUR
10059,2025-04-02,108.0181,EUR
10059,2025-04-03,108.056,EUR
10059,2025-04-04,107.9912,EUR
10059,2025-04-07,108.1056,EUR
10059,2025-04-08,108.2394,EUR
10059,2025-04-09,107.6756,EUR
10059,2025-04-10,108.1311,EUR
10059,2025-04-11,108.3135,EUR
10059,2025-04-14,108.8134,EUR
10059,2025-04-15,109.0175,EUR
10059,2025-04-16,109.1348,EUR
10059,2025-04-17,108.9702,EUR
10059,2025-04-18,109.0878,EUR
10059,2025-04-21,109.2057,EUR
10059,2025-04-22,109.5136,EUR
10059,2025-04-23,109.7936,EUR
10059,2025-04-24,110.1227,EUR
10059,2025-04-25,110.2944,EUR
10059,2025-04-28,110.4672,EUR
10059,2025-04-29,110.4371,EUR
10059,2025-04-30,110.4055,EUR
10059,2025-05-01,110.7925,EUR
10059,2025-05-02,110.904,EUR
10059,2025-05-05,110.6641,EUR
10059,2025-05-06,110.3496,EUR
10059,2025-05-07,110.4459,EUR
10059,2025-05-08,110.9317,EUR
10059,2025-05-09,110.407,EUR
10059,2025-05-12,109.9039,EUR
10059,2025-05-13,110.4985,EUR
10059,2025-05-14,110.668,EUR
10059,2025-05-15,110.8679,EUR
10059,2025-05-16,111.4462,EUR
10059,2025-05-19,111.5987,EUR
10059,2025-05-20,111.7646,EUR
10059,2025-05-21,112.08,EUR
10059,2025-05-22,112.4211,EUR
10059,2025-05-23,112.7406,EUR
10059,2025-05-26,112.3017,EUR
10059,2025-05-27,111.9841,EUR
10059,2025-05-28,112.2636,EUR
10059,2025-05-29,112.3245,EUR
10059,2025-05-30,112.5831,EUR
10059,2025-06-02,112.4934,EUR
10059,2025-06-03,112.2996,EUR
10059,2025-06-04,112.5424,EUR
10059,2025-06-05,112.5768,EUR
10059,2025-06-06,112.528,EUR
10059,2025-06-09,112.2945,EUR
10059,2025-06-10,112.9956,EUR
10059,2025-06-11,113.1009,EUR
10059,2025-06-12,112.8224,EUR
10059,2025-06-13,113.3832,EUR
10059,2025-06-16,113.7794,EUR
10059,2025-06-17,113.477,EUR
10059,2025-06-18,113.594,EUR
10059,2025-06-19,113.386,EUR
10059,2025-06-20,112.9589,EUR
10059,2025-06-23,113.2743,EUR
10059,2025-06-24,113.0471,EUR
10059,2025-06-25,112.8,EUR
10059,2025-06-26,113.1496,EUR
10059,2025-06-27,112.975,EUR
10059,2025-06-30,113.0346,EUR
10059,2025-07-01,112.5956,EUR
10059,2025-07-02,112.8779,EUR
10059,2025-07-03,112.8708,EUR
10059,2025-07-04,113.0512,EUR
10059,2025-07-07,113.8765,EUR
10059,2025-07-08,113.6788,EUR
10059,2025-07-09,113.8845,EUR
10059,2025-07-10,114.0575,EUR
10059,2025-07-11,113.9464,EUR
10059,2025-07-14,114.2313,EUR
10059,2025-07-15,114.5373,EUR
10059,2025-07-16,114.706,EUR
10059,2025-07-17,114.8799,EUR
10059,2025-07-18,114.9982,EUR
10059,2025-07-21,114.8719,EUR
10059,2025-07-22,114.1136,EUR
10059,2025-07-23,113.9107,EUR
10059,2025-07-24,114.0046,EUR
10059,2025-07-25,114.2617,EUR
10059,2025-07-28,114.4009,EUR
10059,2025-07-29,114.1962,EUR
10059,2025-07-30,114.3721,EUR
10059,2025-07-31,114.2529,EUR
10059,2025-08-01,114.7568,EUR
10059,2025-08-04,114.7826,EUR
10059,2025-08-05,114.2779,EUR
10059,2025-08-06,114.2775,EUR
10059,2025-08-07,114.4967,EUR
10059,2025-08-08,114.7193,EUR
10059,2025-08-11,115.3817,EUR
10059,2025-08-12,115.4654,EUR
10059,2025-08-13,115.5919,EUR
10059,2025-08-14,115.463,EUR
10059,2025-08-15,115.783,EUR
10059,2025-08-18,116.4183,EUR
10059,2025-08-19,116.3956,EUR
10059,2025-08-20,116.7522,EUR
10059,2025-08-21,117.1786,EUR
10059,2025-08-22,117.6101,EUR
10059,2025-08-25,117.5204,EUR
10059,2025-08-26,117.111,EUR
10059,2025-08-27,117.2066,EUR
10059,2025-08-28,117.2836,EUR
10059,2025-08-29,117.2391,EUR
10059,2025-09-01,116.8071,EUR
10059,2025-09-02,116.4058,EUR
10059,2025-09-03,116.5419,EUR
10059,2025-09-04,116.1753,EUR
10059,2025-09-05,115.7264,EUR
10059,2025-09-08,116.0482,EUR
10059,2025-09-09,116.0346,EUR
10059,2025-09-10,115.7827,EUR
10059,2025-09-11,116.0454,EUR
10059,2025-09-12,116.3138,EUR
10059,2025-09-15,116.2448,EUR
10059,2025-09-16,115.9629,EUR
10059,2025-09-17,115.7466,EUR
10059,2025-09-18,115.7412,EUR
10059,2025-09-19,115.8997,EUR
10059,2025-09-22,116.2521,EUR
10059,2025-09-23,116.2601,EUR
10059,2025-09-24,116.5057,EUR
10059,2025-09-25,116.9401,EUR
10059,2025-09-26,116.8072,EUR
10059,2025-09-29,116.2104,EUR
10059,2025-09-30,116.1716,EUR
10059,2025-10-01,116.9875,EUR
10059,2025-10-02,116.2566,EUR
10059,2025-10-03,115.618,EUR
10059,2025-10-06,116.2578,EUR
10059,2025-10-07,116.2895,EUR
10059,2025-10-08,116.5239,EUR
10059,2025-10-09,117.0508,EUR
10059,2025-10-10,116.921,EUR
10059,2025-10-13,116.5263,EUR
10059,2025-10-14,116.5991,EUR
10059,2025-10-15,116.8679,EUR
10059,2025-10-16,116.9823,EUR
10059,2025-10-17,116.7592,EUR
10059,2025-10-20,116.5554,EUR
10059,2025-10-21,116.1584,EUR
10059,2025-10-22,116.3049,EUR
10059,2025-10-23,116.4121,EUR
10059,2025-10-24,116.3792,EUR
10059,2025-10-27,116.5993,EUR
10059,2025-10-28,116.8738,EUR
10059,2025-10-29,117.1092,EUR
10059,2025-10-30,118.0024,EUR
10059,2025-10-31,117.9696,EUR
10059,2025-11-03,118.3244,EUR
10059,2025-11-04,118.4966,EUR
10059,2025-11-05,118.5231,EUR
10059,2025-11-06,118.3819,EUR
10059,2025-11-07,117.4623,EUR
10059,2025-11-10,117.1339,EUR
10059,2025-11-11,117.0051,EUR
10059,2025-11-12,117.2492,EUR
10059,2025-11-13,116.9458,EUR
10059,2025-11-14,117.0051,EUR
10059,2025-11-17,117.0299,EUR
10059,2025-11-18,117.1552,EUR
10059,2025-11-19,117.4764,EUR
10059,2025-11-20,117.3324,EUR
10059,2025-11-21,117.0941,EUR
10059,2025-11-24,117.2467,EUR
10059,2025-11-25,117.2312,EUR
10059,2025-11-26,117.305,EUR
10059,2025-11-27,117.5978,EUR
10059,2025-11-28,117.4349,EUR
10059,2025-12-01,117.5635,EUR
10059,2025-12-02,117.7373,EUR
10059,2025-12-03,118.1251,EUR
10059,2025-12-04,117.5388,EUR
10059,2025-12-05,116.8592,EUR
10059,2025-12-08,117.2815,EUR
10059,2025-12-09,117.2946,EUR
10059,2025-12-10,117.2889,EUR
10059,2025-12-11,117.8101,EUR
10059,2025-12-12,117.5623,EUR
10059,2025-12-15,118.076,EUR
10059,2025-12-16,117.8264,EUR
10059,2025-12-17,117.6933,EUR
10059,2025-12-18,117.4016,EUR
10059,2025-12-19,117.3589,EUR
10059,2025-12-22,117.1003,EUR
10059,2025-12-23,117.0965,EUR
10059,2025-12-24,116.6206,EUR
10059,2025-12-25,116.051,EUR
10059,2025-12-26,116.3521,EUR
10059,2025-12-29,116.4461,EUR
10059,2025-12-30,116.1827,EUR
10059,2025-12-31,116.4906,EUR
10060,2024-12-24,96.5262,USD
10060,2024-12-25,96.609,USD
10060,2024-12-26,96.4418,USD
10060,2024-12-27,96.2832,USD
10060,2024-12-30,96.6428,USD
10060,2024-12-31,96.465,USD
10060,2025-01-01,96.3525,USD
10060,2025-01-02,96.412,USD
10060,2025-01-03,96.3263,USD
10060,2025-01-06,96.1476,USD
10060,2025-01-07,96.6035,USD
10060,2025-01-08,96.3626,USD
10060,2025-01-09,96.3069,USD
10060,2025-01-10,96.0707,USD
10060,2025-01-13,96.2314,USD
10060,2025-01-14,96.4197,USD
10060,2025-01-15,96.4371,USD
10060,2025-01-16,96.6254,USD
10060,2025-01-17,96.8122,USD
10060,2025-01-20,96.8318,USD
10060,2025-01-21,97.2502,USD
10060,2025-01-22,96.9074,USD
10060,2025-01-23,97.2098,USD
10060,2025-01-24,97.3251,USD
10060,2025-01-27,97.3341,USD
10060,2025-01-28,97.0621,USD
10060,2025-01-29,96.6529,USD
10060,2025-01-30,97.2249,USD
10060,2025-01-31,96.319,USD
10060,2025-02-03,96.3827,USD
10060,2025-02-04,96.1664,USD
10060,2025-02-05,96.1136,USD
10060,2025-02-06,96.0914,USD
10060,2025-02-07,96.0972,USD
10060,2025-02-10,95.8685,USD
10060,2025-02-11,95.2953,USD
10060,2025-02-12,95.1464,USD
10060,2025-02-13,95.047,USD
10060,2025-02-14,94.8451,USD
10060,2025-02-17,94.8819,USD
10060,2025-02-18,94.6571,USD
10060,2025-02-19,94.69,USD
10060,2025-02-20,94.8267,USD
10060,2025-02-21,94.7565,USD
10060,2025-02-24,95.1708,USD
10060,2025-02-25,95.2806,USD
10060,2025-02-26,94.9895,USD
10060,2025-02-27,94.6764,USD
10060,2025-02-28,94.6708,USD
10060,2025-03-03,94.8624,USD
10060,2025-03-04,94.8108,USD
10060,2025-03-05,94.3429,USD
10060,2025-03-06,94.1246,USD
10060,2025-03-07,94.5451,USD
10060,2025-03-10,94.4152,USD
10060,2025-03-11,93.9528,USD
10060,2025-03-12,94.0336,USD
10060,2025-03-13,94.2137,USD
10060,2025-03-14,94.3662,USD
10060,2025-03-17,93.8023,USD
10060,2025-03-18,93.6508,USD
10060,2025-03-19,93.9331,USD
10060,2025-03-20,94.2452,USD
10060,2025-03-21,94.1138,USD
10060,2025-03-24,94.038,USD
10060,2025-03-25,94.2464,USD
10060,2025-03-26,94.2039,USD
10060,2025-03-27,93.6681,USD
10060,2025-03-28,93.6445,USD
10060,2025-03-31,93.532,USD
10060,2025-04-01,93.1586,USD
10060,2025-04-02,92.9184,USD
10060,2025-04-03,93.4396,USD
10060,2025-04-04,93.4713,USD
10060,2025-04-07,93.2648,USD
10060,2025-04-08,93.1477,USD
10060,2025-04-09,93.443,USD
10060,2025-04-10,93.7177,USD
10060,2025-04-11,93.9624,USD
10060,2025-04-14,94.3816,USD
10060,2025-04-15,94.2865,USD
10060,2025-04-16,94.5751,USD
10060,2025-04-17,95.1944,USD
10060,2025-04-18,94.9574,USD
10060,2025-04-21,94.8095,USD
10060,2025-04-22,94.3887,USD
10060,2025-04-23,94.3712,USD
10060,2025-04-24,94.8537,USD
10060,2025-04-25,94.3732,USD
10060,2025-04-28,93.7429,USD
10060,2025-04-29,93.8792,USD
10060,2025-04-30,93.713,USD
10060,2025-05-01,93.6563,USD
10060,2025-05-02,93.6736,USD
10060,2025-05-05,93.378,USD
10060,2025-05-06,93.2567,USD
10060,2025-05-07,93.5327,USD
10060,2025-05-08,93.6449,USD
10060,2025-05-09,93.9502,USD
10060,2025-05-12,93.7965,USD
10060,2025-05-13,93.702,USD
10060,2025-05-14,93.8728,USD
10060,2025-05-15,93.7458,USD
10060,2025-05-16,93.4794,USD
10060,2025-05-19,93.62,USD
10060,2025-05-20,93.9913,USD
10060,2025-05-21,93.6854,USD
10060,2025-05-22,94.3858,USD
10060,2025-05-23,94.2943,USD
10060,2025-05-26,94.1061,USD
10060,2025-05-27,94.2762,USD
10060,2025-05-28,94.023,USD
10060,2025-05-29,93.8802,USD
10060,2025-05-30,93.8502,USD
10060,2025-06-02,94.3457,USD
10060,2025-06-03,94.5539,USD
10060,2025-06-04,94.222,USD
10060,2025-06-05,94.5148,USD
10060,2025-06-06,95.0247,USD
10060,2025-06-09,95.4675,USD
10060,2025-06-10,96.1023,USD
10060,2025-06-11,96.175,USD
10060,2025-06-12,96.2303,USD
10060,2025-06-13,95.9605,USD
10060,2025-06-16,96.2557,USD
10060,2025-06-17,96.0562,USD
10060,2025-06-18,96.2048,USD
10060,2025-06-19,95.8136,USD
10060,2025-06-20,95.6182,USD
10060,2025-06-23,95.4759,USD
10060,2025-06-24,95.1701,USD
10060,2025-06-25,95.2665,USD
10060,2025-06-26,95.2209,USD
10060,2025-06-27,95.4561,USD
10060,2025-06-30,96.049,USD
10060,2025-07-01,96.2979,USD
10060,2025-07-02,96.6018,USD
10060,2025-07-03,96.9654,USD
10060,2025-07-04,96.6144,USD
10060,2025-07-07,96.8542,USD
10060,2025-07-08,97.0694,USD
10060,2025-07-09,96.8127,USD
10060,2025-07-10,96.9539,USD
10060,2025-07-11,97.5084,USD
10060,2025-07-14,97.8914,USD
10060,2025-07-15,98.186,USD
10060,2025-07-16,98.2252,USD
10060,2025-07-17,98.4512,USD
10060,2025-07-18,98.3214,USD
10060,2025-07-21,97.7231,USD
10060,2025-07-22,97.3411,USD
10060,2025-07-23,96.9886,USD
10060,2025-07-24,96.9882,USD
10060,2025-07-25,96.8717,USD
10060,2025-07-28,97.222,USD
10060,2025-07-29,97.4853,USD
10060,2025-07-30,97.4519,USD
10060,2025-07-31,97.4829,USD
10060,2025-08-01,97.521,USD
10060,2025-08-04,97.3504,USD
10060,2025-08-05,97.0761,USD
10060,2025-08-06,96.7209,USD
10060,2025-08-07,96.5837,USD
10060,2025-08-08,96.5111,USD
10060,2025-08-11,96.4341,USD
10060,2025-08-12,96.9447,USD
10060,2025-08-13,97.0223,USD
10060,2025-08-14,97.1414,USD
10060,2025-08-15,96.8995,USD
10060,2025-08-18,97.1934,USD
10060,2025-08-19,97.0306,USD
10060,2025-08-20,97.1192,USD
10060,2025-08-21,96.9543,USD
10060,2025-08-22,97.107,USD
10060,2025-08-25,97.2222,USD
10060,2025-08-26,97.6627,USD
10060,2025-08-27,97.2672,USD
10060,2025-08-28,97.2785,USD
10060,2025-08-29,97.2806,USD
10060,2025-09-01,97.0349,USD
10060,2025-09-02,97.2874,USD
10060,2025-09-03,97.3156,USD
10060,2025-09-04,97.0467,USD
10060,2025-09-05,97.2697,USD
10060,2025-09-08,97.1527,USD
10060,2025-09-09,97.2003,USD
10060,2025-09-10,97.4983,USD
10060,2025-09-11,97.3305,USD
10060,2025-09-12,97.6012,USD
10060,2025-09-15,97.7344,USD
10060,2025-09-16,97.6395,USD
10060,2025-09-17,97.2554,USD
10060,2025-09-18,97.21,USD
10060,2025-09-19,97.2717,USD
10060,2025-09-22,97.1993,USD
10060,2025-09-23,97.4701,USD
10060,2025-09-24,97.2859,USD
10060,2025-09-25,97.5833,USD
10060,2025-09-26,97.518,USD
10060,2025-09-29,97.6854,USD
10060,2025-09-30,97.9233,USD
10060,2025-10-01,97.9181,USD
10060,2025-10-02,97.8868,USD
10060,2025-10-03,97.994,USD
10060,2025-10-06,98.0155,USD
10060,2025-10-07,97.9641,USD
10060,2025-10-08,98.0694,USD
10060,2025-10-09,98.0201,USD
10060,2025-10-10,98.1443,USD
10060,2025-10-13,98.0779,USD
10060,2025-10-14,98.2569,USD
10060,2025-10-15,98.3684,USD
10060,2025-10-16,98.2518,USD
10060,2025-10-17,98.6531,USD
10060,2025-10-20,98.703,USD
10060,2025-10-21,98.5154,USD
10060,2025-10-22,98.2592,USD
10060,2025-10-23,97.8763,USD
10060,2025-10-24,97.9303,USD
10060,2025-10-27,97.1463,USD
10060,2025-10-28,97.6616,USD
10060,2025-10-29,97.9651,USD
10060,2025-10-30,98.1182,USD
10060,2025-10-31,97.9342,USD
10060,2025-11-03,98.1932,USD
10060,2025-11-04,98.0979,USD
10060,2025-11-05,98.4032,USD
10060,2025-11-06,97.8271,USD
10060,2025-11-07,97.9381,USD
10060,2025-11-10,97.7566,USD
10060,2025-11-11,97.5371,USD
10060,2025-11-12,97.8234,USD
10060,2025-11-13,97.9788,USD
10060,2025-11-14,97.8757,USD
10060,2025-11-17,97.6129,USD
10060,2025-11-18,97.4778,USD
10060,2025-11-19,97.3656,USD
10060,2025-11-20,97.1609,USD
10060,2025-11-21,97.276,USD
10060,2025-11-24,97.5868,USD
10060,2025-11-25,97.7501,USD
10060,2025-11-26,98.0346,USD
10060,2025-11-27,97.8589,USD
10060,2025-11-28,97.9824,USD
10060,2025-12-01,97.8853,USD
10060,2025-12-02,98.1311,USD
10060,2025-12-03,98.3326,USD
10060,2025-12-04,98.7954,USD
10060,2025-12-05,98.7269,USD
10060,2025-12-08,98.2976,USD
10060,2025-12-09,98.094,USD
10060,2025-12-10,98.4998,USD
10060,2025-12-11,98.701,USD
10060,2025-12-12,98.8295,USD
10060,2025-12-15,99.3803,USD
10060,2025-12-16,99.8045,USD
10060,2025-12-17,99.2891,USD
10060,2025-12-18,99.7579,USD
10060,2025-12-19,99.9407,USD
10060,2025-12-22,99.9831,USD
10060,2025-12-23,100.8203,USD
10060,2025-12-24,101.0944,USD
10060,2025-12-25,101.1879,USD
10060,2025-12-26,100.7885,USD
10060,2025-12-29,100.7772,USD
10060,2025-12-30,100.583,USD
10060,2025-12-31,100.9142,USD
